No existing weights found. Training from scratch.
Episode   100 | mean return  -1015.6 | success rate   0.0%
Episode   200 | mean return  -1017.1 | success rate   0.0%
Episode   300 | mean return  -1016.3 | success rate   0.0%
Episode   400 | mean return  -1020.7 | success rate   0.0%
Episode   500 | mean return  -1019.5 | success rate   0.0%
Episode   600 | mean return  -1019.4 | success rate   0.0%
Episode   700 | mean return  -1019.4 | success rate   0.0%
Episode   800 | mean return  -1018.1 | success rate   0.0%
Episode   900 | mean return  -1019.1 | success rate   0.0%
Episode  1000 | mean return  -1000.0 | success rate   1.0%
phase=train, time=morning
steps=101
trajectory=[(1, 1), (2, 1), (1, 1), (2, 1), (1, 1), (2, 1), (1, 1), (2, 1), (1, 1), (2, 1), (1, 1), (2, 1), (1, 1), (2, 1), (1, 1), (2, 1), (1, 1), (2, 1), (1, 1), (2, 1), (1, 1), (2, 1), (1, 1), (2, 1), (1, 1), (2, 1), (1, 1), (2, 1), (1, 1), (2, 1), (1, 1), (2, 1), (1, 1), (2, 1), (1, 1), (2, 1), (1, 1), (2, 1), (1, 1), (2, 1), (1, 1), (2, 1), (1, 1), (2, 1), (1, 1), (2, 1), (1, 1), (2, 1), (1, 1), (2, 1), (1, 1), (2, 1), (1, 1), (2, 1), (1, 1), (2, 1), (1, 1), (2, 1), (1, 1), (2, 1), (1, 1), (2, 1), (1, 1), (2, 1), (1, 1), (2, 1), (1, 1), (2, 1), (1, 1), (2, 1), (1, 1), (2, 1), (1, 1), (2, 1), (1, 1), (2, 1), (1, 1), (2, 1), (1, 1), (2, 1), (1, 1), (2, 1), (1, 1), (2, 1), (1, 1), (2, 1), (1, 1), (2, 1), (1, 1), (2, 1), (1, 1), (2, 1), (1, 1), (2, 1), (1, 1), (2, 1), (1, 1), (2, 1), (1, 1), (2, 1), (1, 1), (2, 1)]
success=False

phase=train, time=evening
steps=101
trajectory=[(1, 1), (1, 2), (2, 2), (2, 3), (3, 3), (4, 3), (5, 3), (6, 3), (6, 4), (6, 5), (6, 6), (6, 5), (6, 4), (6, 3), (6, 2), (6, 1), (6, 2), (6, 1), (6, 2), (6, 1), (6, 2), (6, 1), (6, 2), (6, 1), (6, 2), (6, 1), (6, 2), (6, 1), (6, 2), (6, 1), (6, 2), (6, 1), (6, 2), (6, 1), (6, 2), (6, 1), (6, 2), (6, 1), (6, 2), (6, 1), (6, 2), (6, 1), (6, 2), (6, 1), (6, 2), (6, 1), (6, 2), (6, 1), (6, 2), (6, 1), (6, 2), (6, 1), (6, 2), (6, 1), (6, 2), (6, 1), (6, 2), (6, 1), (6, 2), (6, 1), (6, 2), (6, 1), (6, 2), (6, 1), (6, 2), (6, 1), (6, 2), (6, 1), (6, 2), (6, 1), (6, 2), (6, 1), (6, 2), (6, 1), (6, 2), (6, 1), (6, 2), (6, 1), (6, 2), (6, 1), (6, 2), (6, 1), (6, 2), (6, 1), (6, 2), (6, 1), (6, 2), (6, 1), (6, 2), (6, 1), (6, 2), (6, 1), (6, 2), (6, 1), (6, 2), (6, 1), (6, 2), (6, 1), (6, 2), (6, 1), (6, 2), (6, 1)]
success=False

phase=test, time=morning
steps=101
trajectory=[(1, 1), (2, 1), (1, 1), (2, 1), (1, 1), (2, 1), (1, 1), (2, 1), (1, 1), (2, 1), (1, 1), (2, 1), (1, 1), (2, 1), (1, 1), (2, 1), (1, 1), (2, 1), (1, 1), (2, 1), (1, 1), (2, 1), (1, 1), (2, 1), (1, 1), (2, 1), (1, 1), (2, 1), (1, 1), (2, 1), (1, 1), (2, 1), (1, 1), (2, 1), (1, 1), (2, 1), (1, 1), (2, 1), (1, 1), (2, 1), (1, 1), (2, 1), (1, 1), (2, 1), (1, 1), (2, 1), (1, 1), (2, 1), (1, 1), (2, 1), (1, 1), (2, 1), (1, 1), (2, 1), (1, 1), (2, 1), (1, 1), (2, 1), (1, 1), (2, 1), (1, 1), (2, 1), (1, 1), (2, 1), (1, 1), (2, 1), (1, 1), (2, 1), (1, 1), (2, 1), (1, 1), (2, 1), (1, 1), (2, 1), (1, 1), (2, 1), (1, 1), (2, 1), (1, 1), (2, 1), (1, 1), (2, 1), (1, 1), (2, 1), (1, 1), (2, 1), (1, 1), (2, 1), (1, 1), (2, 1), (1, 1), (2, 1), (1, 1), (2, 1), (1, 1), (2, 1), (1, 1), (2, 1), (1, 1), (2, 1), (1, 1), (2, 1)]
success=False

phase=test, time=evening
steps=101
trajectory=[(1, 1), (1, 2), (2, 2), (2, 3), (2, 4), (3, 4), (4, 4), (5, 4), (6, 4), (6, 5), (6, 6), (6, 5), (6, 4), (6, 3), (6, 2), (6, 1), (6, 2), (6, 1), (6, 2), (6, 1), (6, 2), (6, 1), (6, 2), (6, 1), (6, 2), (6, 1), (6, 2), (6, 1), (6, 2), (6, 1), (6, 2), (6, 1), (6, 2), (6, 1), (6, 2), (6, 1), (6, 2), (6, 1), (6, 2), (6, 1), (6, 2), (6, 1), (6, 2), (6, 1), (6, 2), (6, 1), (6, 2), (6, 1), (6, 2), (6, 1), (6, 2), (6, 1), (6, 2), (6, 1), (6, 2), (6, 1), (6, 2), (6, 1), (6, 2), (6, 1), (6, 2), (6, 1), (6, 2), (6, 1), (6, 2), (6, 1), (6, 2), (6, 1), (6, 2), (6, 1), (6, 2), (6, 1), (6, 2), (6, 1), (6, 2), (6, 1), (6, 2), (6, 1), (6, 2), (6, 1), (6, 2), (6, 1), (6, 2), (6, 1), (6, 2), (6, 1), (6, 2), (6, 1), (6, 2), (6, 1), (6, 2), (6, 1), (6, 2), (6, 1), (6, 2), (6, 1), (6, 2), (6, 1), (6, 2), (6, 1), (6, 2), (6, 1)]
success=False

Episode  1100 | mean return  -1018.6 | success rate   0.0%
Episode  1200 | mean return  -1019.3 | success rate   0.0%
Episode  1300 | mean return  -1027.2 | success rate   0.0%
Episode  1400 | mean return  -1023.6 | success rate   0.0%
Episode  1500 | mean return  -1028.4 | success rate   0.0%
Episode  1600 | mean return  -1024.4 | success rate   0.0%
Episode  1700 | mean return  -1022.0 | success rate   0.0%
Episode  1800 | mean return  -1021.6 | success rate   0.0%
Episode  1900 | mean return  -1022.5 | success rate   0.0%
Episode  2000 | mean return  -1025.0 | success rate   0.0%
phase=train, time=morning
steps=101
trajectory=[(1, 1), (2, 1), (1, 1), (2, 1), (1, 1), (2, 1), (1, 1), (2, 1), (1, 1), (2, 1), (1, 1), (2, 1), (1, 1), (2, 1), (1, 1), (2, 1), (1, 1), (2, 1), (1, 1), (2, 1), (1, 1), (2, 1), (1, 1), (2, 1), (1, 1), (2, 1), (1, 1), (2, 1), (1, 1), (2, 1), (1, 1), (2, 1), (1, 1), (2, 1), (1, 1), (2, 1), (1, 1), (2, 1), (1, 1), (2, 1), (1, 1), (2, 1), (1, 1), (2, 1), (1, 1), (2, 1), (1, 1), (2, 1), (1, 1), (2, 1), (1, 1), (2, 1), (1, 1), (2, 1), (1, 1), (2, 1), (1, 1), (2, 1), (1, 1), (2, 1), (1, 1), (2, 1), (1, 1), (2, 1), (1, 1), (2, 1), (1, 1), (2, 1), (1, 1), (2, 1), (1, 1), (2, 1), (1, 1), (2, 1), (1, 1), (2, 1), (1, 1), (2, 1), (1, 1), (2, 1), (1, 1), (2, 1), (1, 1), (2, 1), (1, 1), (2, 1), (1, 1), (2, 1), (1, 1), (2, 1), (1, 1), (2, 1), (1, 1), (2, 1), (1, 1), (2, 1), (1, 1), (2, 1), (1, 1), (2, 1), (1, 1), (2, 1)]
success=False

phase=train, time=evening
steps=101
trajectory=[(1, 1), (2, 1), (2, 2), (3, 2), (4, 2), (5, 2), (5, 3), (6, 3), (6, 2), (6, 1), (6, 2), (6, 1), (6, 2), (6, 1), (6, 2), (6, 1), (6, 2), (6, 1), (6, 2), (6, 1), (6, 2), (6, 1), (6, 2), (6, 1), (6, 2), (6, 1), (6, 2), (6, 1), (6, 2), (6, 1), (6, 2), (6, 1), (6, 2), (6, 1), (6, 2), (6, 1), (6, 2), (6, 1), (6, 2), (6, 1), (6, 2), (6, 1), (6, 2), (6, 1), (6, 2), (6, 1), (6, 2), (6, 1), (6, 2), (6, 1), (6, 2), (6, 1), (6, 2), (6, 1), (6, 2), (6, 1), (6, 2), (6, 1), (6, 2), (6, 1), (6, 2), (6, 1), (6, 2), (6, 1), (6, 2), (6, 1), (6, 2), (6, 1), (6, 2), (6, 1), (6, 2), (6, 1), (6, 2), (6, 1), (6, 2), (6, 1), (6, 2), (6, 1), (6, 2), (6, 1), (6, 2), (6, 1), (6, 2), (6, 1), (6, 2), (6, 1), (6, 2), (6, 1), (6, 2), (6, 1), (6, 2), (6, 1), (6, 2), (6, 1), (6, 2), (6, 1), (6, 2), (6, 1), (6, 2), (6, 1), (6, 2), (6, 1)]
success=False

phase=test, time=morning
steps=101
trajectory=[(1, 1), (2, 1), (1, 1), (2, 1), (1, 1), (2, 1), (1, 1), (2, 1), (1, 1), (2, 1), (1, 1), (2, 1), (1, 1), (2, 1), (1, 1), (2, 1), (1, 1), (2, 1), (1, 1), (2, 1), (1, 1), (2, 1), (1, 1), (2, 1), (1, 1), (2, 1), (1, 1), (2, 1), (1, 1), (2, 1), (1, 1), (2, 1), (1, 1), (2, 1), (1, 1), (2, 1), (1, 1), (2, 1), (1, 1), (2, 1), (1, 1), (2, 1), (1, 1), (2, 1), (1, 1), (2, 1), (1, 1), (2, 1), (1, 1), (2, 1), (1, 1), (2, 1), (1, 1), (2, 1), (1, 1), (2, 1), (1, 1), (2, 1), (1, 1), (2, 1), (1, 1), (2, 1), (1, 1), (2, 1), (1, 1), (2, 1), (1, 1), (2, 1), (1, 1), (2, 1), (1, 1), (2, 1), (1, 1), (2, 1), (1, 1), (2, 1), (1, 1), (2, 1), (1, 1), (2, 1), (1, 1), (2, 1), (1, 1), (2, 1), (1, 1), (2, 1), (1, 1), (2, 1), (1, 1), (2, 1), (1, 1), (2, 1), (1, 1), (2, 1), (1, 1), (2, 1), (1, 1), (2, 1), (1, 1), (2, 1), (1, 1), (2, 1)]
success=False

phase=test, time=evening
steps=101
trajectory=[(1, 1), (2, 1), (1, 1), (2, 1), (1, 1), (2, 1), (1, 1), (2, 1), (1, 1), (2, 1), (1, 1), (2, 1), (1, 1), (2, 1), (1, 1), (2, 1), (1, 1), (2, 1), (1, 1), (2, 1), (1, 1), (2, 1), (1, 1), (2, 1), (1, 1), (2, 1), (1, 1), (2, 1), (1, 1), (2, 1), (1, 1), (2, 1), (1, 1), (2, 1), (1, 1), (2, 1), (1, 1), (2, 1), (1, 1), (2, 1), (1, 1), (2, 1), (1, 1), (2, 1), (1, 1), (2, 1), (1, 1), (2, 1), (1, 1), (2, 1), (1, 1), (2, 1), (1, 1), (2, 1), (1, 1), (2, 1), (1, 1), (2, 1), (1, 1), (2, 1), (1, 1), (2, 1), (1, 1), (2, 1), (1, 1), (2, 1), (1, 1), (2, 1), (1, 1), (2, 1), (1, 1), (2, 1), (1, 1), (2, 1), (1, 1), (2, 1), (1, 1), (2, 1), (1, 1), (2, 1), (1, 1), (2, 1), (1, 1), (2, 1), (1, 1), (2, 1), (1, 1), (2, 1), (1, 1), (2, 1), (1, 1), (2, 1), (1, 1), (2, 1), (1, 1), (2, 1), (1, 1), (2, 1), (1, 1), (2, 1), (1, 1), (2, 1)]
success=False

Episode  2100 | mean return  -1026.8 | success rate   0.0%
Episode  2200 | mean return  -1032.1 | success rate   0.0%
Episode  2300 | mean return  -1031.9 | success rate   0.0%
Episode  2400 | mean return  -1032.2 | success rate   0.0%
Episode  2500 | mean return  -1031.9 | success rate   0.0%
Episode  2600 | mean return  -1031.9 | success rate   0.0%
Episode  2700 | mean return  -1025.3 | success rate   1.0%
Episode  2800 | mean return   -970.2 | success rate   3.0%
Episode  2900 | mean return  -1001.3 | success rate   2.0%
Episode  3000 | mean return  -1031.2 | success rate   1.0%
phase=train, time=morning
steps=101
trajectory=[(1, 1), (1, 2), (2, 2), (2, 3), (3, 3), (4, 3), (5, 3), (6, 3), (6, 2), (6, 1), (6, 2), (5, 2), (6, 2), (5, 2), (6, 2), (5, 2), (6, 2), (5, 2), (6, 2), (5, 2), (6, 2), (5, 2), (6, 2), (5, 2), (6, 2), (5, 2), (6, 2), (5, 2), (6, 2), (5, 2), (6, 2), (5, 2), (6, 2), (5, 2), (6, 2), (5, 2), (6, 2), (5, 2), (6, 2), (5, 2), (6, 2), (5, 2), (6, 2), (5, 2), (6, 2), (5, 2), (6, 2), (5, 2), (6, 2), (5, 2), (6, 2), (5, 2), (6, 2), (5, 2), (6, 2), (5, 2), (6, 2), (5, 2), (6, 2), (5, 2), (6, 2), (5, 2), (6, 2), (5, 2), (6, 2), (5, 2), (6, 2), (5, 2), (6, 2), (5, 2), (6, 2), (5, 2), (6, 2), (5, 2), (6, 2), (5, 2), (6, 2), (5, 2), (6, 2), (5, 2), (6, 2), (5, 2), (6, 2), (5, 2), (6, 2), (5, 2), (6, 2), (5, 2), (6, 2), (5, 2), (6, 2), (5, 2), (6, 2), (5, 2), (6, 2), (5, 2), (6, 2), (5, 2), (6, 2), (5, 2), (6, 2), (5, 2)]
success=False

phase=train, time=evening
steps=101
trajectory=[(1, 1), (1, 2), (1, 3), (1, 4), (1, 5), (1, 6), (1, 6), (1, 6), (1, 6), (1, 6), (1, 6), (1, 6), (1, 6), (1, 6), (1, 6), (1, 6), (1, 6), (1, 6), (1, 6), (1, 6), (1, 6), (1, 6), (1, 6), (1, 6), (1, 6), (1, 6), (1, 6), (1, 6), (1, 6), (1, 6), (1, 6), (1, 6), (1, 6), (1, 6), (1, 6), (1, 6), (1, 6), (1, 6), (1, 6), (1, 6), (1, 6), (1, 6), (1, 6), (1, 6), (1, 6), (1, 6), (1, 6), (1, 6), (1, 6), (1, 6), (1, 6), (1, 6), (1, 6), (1, 6), (1, 6), (1, 6), (1, 6), (1, 6), (1, 6), (1, 6), (1, 6), (1, 6), (1, 6), (1, 6), (1, 6), (1, 6), (1, 6), (1, 6), (1, 6), (1, 6), (1, 6), (1, 6), (1, 6), (1, 6), (1, 6), (1, 6), (1, 6), (1, 6), (1, 6), (1, 6), (1, 6), (1, 6), (1, 6), (1, 6), (1, 6), (1, 6), (1, 6), (1, 6), (1, 6), (1, 6), (1, 6), (1, 6), (1, 6), (1, 6), (1, 6), (1, 6), (1, 6), (1, 6), (1, 6), (1, 6), (1, 6), (1, 6)]
success=False

phase=test, time=morning
steps=101
trajectory=[(1, 1), (1, 2), (2, 2), (2, 3), (2, 4), (3, 4), (4, 4), (5, 4), (6, 4), (6, 3), (6, 2), (6, 1), (6, 2), (5, 2), (5, 3), (6, 3), (5, 3), (6, 3), (5, 3), (6, 3), (5, 3), (6, 3), (5, 3), (6, 3), (5, 3), (6, 3), (5, 3), (6, 3), (5, 3), (6, 3), (5, 3), (6, 3), (5, 3), (6, 3), (5, 3), (6, 3), (5, 3), (6, 3), (5, 3), (6, 3), (5, 3), (6, 3), (5, 3), (6, 3), (5, 3), (6, 3), (5, 3), (6, 3), (5, 3), (6, 3), (5, 3), (6, 3), (5, 3), (6, 3), (5, 3), (6, 3), (5, 3), (6, 3), (5, 3), (6, 3), (5, 3), (6, 3), (5, 3), (6, 3), (5, 3), (6, 3), (5, 3), (6, 3), (5, 3), (6, 3), (5, 3), (6, 3), (5, 3), (6, 3), (5, 3), (6, 3), (5, 3), (6, 3), (5, 3), (6, 3), (5, 3), (6, 3), (5, 3), (6, 3), (5, 3), (6, 3), (5, 3), (6, 3), (5, 3), (6, 3), (5, 3), (6, 3), (5, 3), (6, 3), (5, 3), (6, 3), (5, 3), (6, 3), (5, 3), (6, 3), (5, 3), (6, 3)]
success=False

phase=test, time=evening
steps=101
trajectory=[(1, 1), (1, 2), (1, 3), (1, 4), (1, 5), (1, 6), (1, 6), (1, 6), (1, 6), (1, 6), (1, 6), (1, 6), (1, 6), (1, 6), (1, 6), (1, 6), (1, 6), (1, 6), (1, 6), (1, 6), (1, 6), (1, 6), (1, 6), (1, 6), (1, 6), (1, 6), (1, 6), (1, 6), (1, 6), (1, 6), (1, 6), (1, 6), (1, 6), (1, 6), (1, 6), (1, 6), (1, 6), (1, 6), (1, 6), (1, 6), (1, 6), (1, 6), (1, 6), (1, 6), (1, 6), (1, 6), (1, 6), (1, 6), (1, 6), (1, 6), (1, 6), (1, 6), (1, 6), (1, 6), (1, 6), (1, 6), (1, 6), (1, 6), (1, 6), (1, 6), (1, 6), (1, 6), (1, 6), (1, 6), (1, 6), (1, 6), (1, 6), (1, 6), (1, 6), (1, 6), (1, 6), (1, 6), (1, 6), (1, 6), (1, 6), (1, 6), (1, 6), (1, 6), (1, 6), (1, 6), (1, 6), (1, 6), (1, 6), (1, 6), (1, 6), (1, 6), (1, 6), (1, 6), (1, 6), (1, 6), (1, 6), (1, 6), (1, 6), (1, 6), (1, 6), (1, 6), (1, 6), (1, 6), (1, 6), (1, 6), (1, 6), (1, 6)]
success=False

Episode  3100 | mean return  -1012.6 | success rate   2.0%
Episode  3200 | mean return  -1036.8 | success rate   1.0%
Episode  3300 | mean return   -939.0 | success rate   6.0%
Episode  3400 | mean return   -995.1 | success rate   5.0%
Episode  3500 | mean return   -849.5 | success rate  11.0%
Episode  3600 | mean return   -779.0 | success rate  14.0%
Episode  3700 | mean return   -745.9 | success rate  16.0%
Episode  3800 | mean return   -516.9 | success rate  27.0%
Episode  3900 | mean return   -381.6 | success rate  34.0%
Episode  4000 | mean return   -223.8 | success rate  42.0%
phase=train, time=morning
steps=101
trajectory=[(1, 1), (2, 1), (2, 2), (2, 3), (3, 3), (4, 3), (5, 3), (6, 3), (6, 2), (6, 1), (6, 2), (6, 2), (6, 2), (6, 2), (6, 2), (6, 2), (6, 2), (6, 2), (6, 2), (6, 2), (6, 2), (6, 2), (6, 2), (6, 2), (6, 2), (6, 2), (6, 2), (6, 2), (6, 2), (6, 2), (6, 2), (6, 2), (6, 2), (6, 2), (6, 2), (6, 2), (6, 2), (6, 2), (6, 2), (6, 2), (6, 2), (6, 2), (6, 2), (6, 2), (6, 2), (6, 2), (6, 2), (6, 2), (6, 2), (6, 2), (6, 2), (6, 2), (6, 2), (6, 2), (6, 2), (6, 2), (6, 2), (6, 2), (6, 2), (6, 2), (6, 2), (6, 2), (6, 2), (6, 2), (6, 2), (6, 2), (6, 2), (6, 2), (6, 2), (6, 2), (6, 2), (6, 2), (6, 2), (6, 2), (6, 2), (6, 2), (6, 2), (6, 2), (6, 2), (6, 2), (6, 2), (6, 2), (6, 2), (6, 2), (6, 2), (6, 2), (6, 2), (6, 2), (6, 2), (6, 2), (6, 2), (6, 2), (6, 2), (6, 2), (6, 2), (6, 2), (6, 2), (6, 2), (6, 2), (6, 2), (6, 2), (6, 2)]
success=False

phase=train, time=evening
steps=101
trajectory=[(1, 1), (2, 1), (2, 2), (3, 2), (4, 2), (5, 2), (6, 2), (6, 3), (6, 4), (6, 5), (6, 6), (6, 6), (6, 6), (6, 6), (6, 6), (6, 6), (6, 6), (6, 6), (6, 6), (6, 6), (6, 6), (6, 6), (6, 6), (6, 6), (6, 6), (6, 6), (6, 6), (6, 6), (6, 6), (6, 6), (6, 6), (6, 6), (6, 6), (6, 6), (6, 6), (6, 6), (6, 6), (6, 6), (6, 6), (6, 6), (6, 6), (6, 6), (6, 6), (6, 6), (6, 6), (6, 6), (6, 6), (6, 6), (6, 6), (6, 6), (6, 6), (6, 6), (6, 6), (6, 6), (6, 6), (6, 6), (6, 6), (6, 6), (6, 6), (6, 6), (6, 6), (6, 6), (6, 6), (6, 6), (6, 6), (6, 6), (6, 6), (6, 6), (6, 6), (6, 6), (6, 6), (6, 6), (6, 6), (6, 6), (6, 6), (6, 6), (6, 6), (6, 6), (6, 6), (6, 6), (6, 6), (6, 6), (6, 6), (6, 6), (6, 6), (6, 6), (6, 6), (6, 6), (6, 6), (6, 6), (6, 6), (6, 6), (6, 6), (6, 6), (6, 6), (6, 6), (6, 6), (6, 6), (6, 6), (6, 6), (6, 6), (6, 6)]
success=False

phase=test, time=morning
steps=101
trajectory=[(1, 1), (2, 1), (2, 2), (2, 3), (2, 4), (3, 4), (4, 4), (5, 4), (6, 4), (6, 3), (6, 2), (6, 1), (6, 2), (6, 2), (6, 2), (6, 2), (6, 2), (6, 2), (6, 2), (6, 2), (6, 2), (6, 2), (6, 2), (6, 2), (6, 2), (6, 2), (6, 2), (6, 2), (6, 2), (6, 2), (6, 2), (6, 2), (6, 2), (6, 2), (6, 2), (6, 2), (6, 2), (6, 2), (6, 2), (6, 2), (6, 2), (6, 2), (6, 2), (6, 2), (6, 2), (6, 2), (6, 2), (6, 2), (6, 2), (6, 2), (6, 2), (6, 2), (6, 2), (6, 2), (6, 2), (6, 2), (6, 2), (6, 2), (6, 2), (6, 2), (6, 2), (6, 2), (6, 2), (6, 2), (6, 2), (6, 2), (6, 2), (6, 2), (6, 2), (6, 2), (6, 2), (6, 2), (6, 2), (6, 2), (6, 2), (6, 2), (6, 2), (6, 2), (6, 2), (6, 2), (6, 2), (6, 2), (6, 2), (6, 2), (6, 2), (6, 2), (6, 2), (6, 2), (6, 2), (6, 2), (6, 2), (6, 2), (6, 2), (6, 2), (6, 2), (6, 2), (6, 2), (6, 2), (6, 2), (6, 2), (6, 2), (6, 2)]
success=False

phase=test, time=evening
steps=3
trajectory=[(1, 1), (2, 1), (2, 2), (3, 2)]
success=False

Episode  4100 | mean return    -32.0 | success rate  52.0%
Episode  4200 | mean return   -322.0 | success rate  37.0%
Episode  4300 | mean return    -66.3 | success rate  51.0%
Episode  4400 | mean return   -222.3 | success rate  42.0%
Episode  4500 | mean return   -154.0 | success rate  45.0%
Episode  4600 | mean return   -196.6 | success rate  43.0%
Episode  4700 | mean return    -27.6 | success rate  52.0%
Episode  4800 | mean return    -83.5 | success rate  48.0%
Episode  4900 | mean return     38.7 | success rate  55.0%
Episode  5000 | mean return     -4.6 | success rate  52.0%
phase=train, time=morning
steps=101
trajectory=[(1, 1), (2, 1), (2, 2), (2, 3), (3, 3), (4, 3), (5, 3), (6, 3), (6, 2), (6, 1), (6, 2), (6, 1), (6, 2), (6, 1), (6, 2), (6, 1), (6, 2), (6, 1), (6, 2), (6, 1), (6, 2), (6, 1), (6, 2), (6, 1), (6, 2), (6, 1), (6, 2), (6, 1), (6, 2), (6, 1), (6, 2), (6, 1), (6, 2), (6, 1), (6, 2), (6, 1), (6, 2), (6, 1), (6, 2), (6, 1), (6, 2), (6, 1), (6, 2), (6, 1), (6, 2), (6, 1), (6, 2), (6, 1), (6, 2), (6, 1), (6, 2), (6, 1), (6, 2), (6, 1), (6, 2), (6, 1), (6, 2), (6, 1), (6, 2), (6, 1), (6, 2), (6, 1), (6, 2), (6, 1), (6, 2), (6, 1), (6, 2), (6, 1), (6, 2), (6, 1), (6, 2), (6, 1), (6, 2), (6, 1), (6, 2), (6, 1), (6, 2), (6, 1), (6, 2), (6, 1), (6, 2), (6, 1), (6, 2), (6, 1), (6, 2), (6, 1), (6, 2), (6, 1), (6, 2), (6, 1), (6, 2), (6, 1), (6, 2), (6, 1), (6, 2), (6, 1), (6, 2), (6, 1), (6, 2), (6, 1), (6, 2), (6, 1)]
success=False

phase=train, time=evening
steps=101
trajectory=[(1, 1), (2, 1), (2, 2), (3, 2), (4, 2), (5, 2), (6, 2), (6, 3), (6, 4), (6, 5), (6, 6), (6, 6), (6, 6), (6, 6), (6, 6), (6, 6), (6, 6), (6, 6), (6, 6), (6, 6), (6, 6), (6, 6), (6, 6), (6, 6), (6, 6), (6, 6), (6, 6), (6, 6), (6, 6), (6, 6), (6, 6), (6, 6), (6, 6), (6, 6), (6, 6), (6, 6), (6, 6), (6, 6), (6, 6), (6, 6), (6, 6), (6, 6), (6, 6), (6, 6), (6, 6), (6, 6), (6, 6), (6, 6), (6, 6), (6, 6), (6, 6), (6, 6), (6, 6), (6, 6), (6, 6), (6, 6), (6, 6), (6, 6), (6, 6), (6, 6), (6, 6), (6, 6), (6, 6), (6, 6), (6, 6), (6, 6), (6, 6), (6, 6), (6, 6), (6, 6), (6, 6), (6, 6), (6, 6), (6, 6), (6, 6), (6, 6), (6, 6), (6, 6), (6, 6), (6, 6), (6, 6), (6, 6), (6, 6), (6, 6), (6, 6), (6, 6), (6, 6), (6, 6), (6, 6), (6, 6), (6, 6), (6, 6), (6, 6), (6, 6), (6, 6), (6, 6), (6, 6), (6, 6), (6, 6), (6, 6), (6, 6), (6, 6)]
success=False

phase=test, time=morning
steps=101
trajectory=[(1, 1), (2, 1), (2, 2), (2, 3), (2, 4), (3, 4), (4, 4), (5, 4), (6, 4), (6, 3), (6, 2), (6, 1), (6, 2), (6, 1), (6, 2), (6, 1), (6, 2), (6, 1), (6, 2), (6, 1), (6, 2), (6, 1), (6, 2), (6, 1), (6, 2), (6, 1), (6, 2), (6, 1), (6, 2), (6, 1), (6, 2), (6, 1), (6, 2), (6, 1), (6, 2), (6, 1), (6, 2), (6, 1), (6, 2), (6, 1), (6, 2), (6, 1), (6, 2), (6, 1), (6, 2), (6, 1), (6, 2), (6, 1), (6, 2), (6, 1), (6, 2), (6, 1), (6, 2), (6, 1), (6, 2), (6, 1), (6, 2), (6, 1), (6, 2), (6, 1), (6, 2), (6, 1), (6, 2), (6, 1), (6, 2), (6, 1), (6, 2), (6, 1), (6, 2), (6, 1), (6, 2), (6, 1), (6, 2), (6, 1), (6, 2), (6, 1), (6, 2), (6, 1), (6, 2), (6, 1), (6, 2), (6, 1), (6, 2), (6, 1), (6, 2), (6, 1), (6, 2), (6, 1), (6, 2), (6, 1), (6, 2), (6, 1), (6, 2), (6, 1), (6, 2), (6, 1), (6, 2), (6, 1), (6, 2), (6, 1), (6, 2), (6, 1)]
success=False

phase=test, time=evening
steps=3
trajectory=[(1, 1), (2, 1), (2, 2), (3, 2)]
success=False

Episode  5100 | mean return      4.7 | success rate  52.0%
Episode  5200 | mean return     54.7 | success rate  55.0%
Episode  5300 | mean return    -16.9 | success rate  51.0%
Episode  5400 | mean return    144.3 | success rate  59.0%
Episode  5500 | mean return    -12.8 | success rate  51.0%
Episode  5600 | mean return     83.9 | success rate  56.0%
Episode  5700 | mean return   -105.0 | success rate  47.0%
Episode  5800 | mean return    -95.2 | success rate  47.0%
Episode  5900 | mean return   -155.9 | success rate  44.0%
Episode  6000 | mean return     83.2 | success rate  56.0%
phase=train, time=morning
steps=19
trajectory=[(1, 1), (2, 1), (2, 2), (2, 3), (3, 3), (4, 3), (5, 3), (6, 3), (6, 2), (6, 1), (5, 1), (5, 2), (4, 2), (3, 2), (2, 2), (1, 2), (1, 3), (1, 4), (1, 5), (1, 6)]
success=True

phase=train, time=evening
steps=23
trajectory=[(1, 1), (1, 2), (2, 2), (2, 3), (3, 3), (4, 3), (5, 3), (6, 3), (6, 4), (6, 5), (6, 6), (5, 6), (5, 5), (5, 4), (5, 3), (5, 2), (4, 2), (3, 2), (2, 2), (1, 2), (1, 3), (1, 4), (1, 5), (1, 6)]
success=True

phase=test, time=morning
steps=101
trajectory=[(1, 1), (2, 1), (2, 2), (1, 2), (2, 2), (1, 2), (2, 2), (1, 2), (2, 2), (1, 2), (2, 2), (1, 2), (2, 2), (1, 2), (2, 2), (1, 2), (2, 2), (1, 2), (2, 2), (1, 2), (2, 2), (1, 2), (2, 2), (1, 2), (2, 2), (1, 2), (2, 2), (1, 2), (2, 2), (1, 2), (2, 2), (1, 2), (2, 2), (1, 2), (2, 2), (1, 2), (2, 2), (1, 2), (2, 2), (1, 2), (2, 2), (1, 2), (2, 2), (1, 2), (2, 2), (1, 2), (2, 2), (1, 2), (2, 2), (1, 2), (2, 2), (1, 2), (2, 2), (1, 2), (2, 2), (1, 2), (2, 2), (1, 2), (2, 2), (1, 2), (2, 2), (1, 2), (2, 2), (1, 2), (2, 2), (1, 2), (2, 2), (1, 2), (2, 2), (1, 2), (2, 2), (1, 2), (2, 2), (1, 2), (2, 2), (1, 2), (2, 2), (1, 2), (2, 2), (1, 2), (2, 2), (1, 2), (2, 2), (1, 2), (2, 2), (1, 2), (2, 2), (1, 2), (2, 2), (1, 2), (2, 2), (1, 2), (2, 2), (1, 2), (2, 2), (1, 2), (2, 2), (1, 2), (2, 2), (1, 2), (2, 2), (1, 2)]
success=False

phase=test, time=evening
steps=21
trajectory=[(1, 1), (1, 2), (2, 2), (2, 3), (2, 4), (3, 4), (4, 4), (5, 4), (6, 4), (6, 5), (6, 6), (5, 6), (5, 5), (5, 4), (5, 3), (4, 3), (3, 3), (2, 3), (1, 3), (1, 4), (1, 5), (1, 6)]
success=True

Episode  6100 | mean return   -180.4 | success rate  43.0%
Episode  6200 | mean return     70.1 | success rate  55.0%
Episode  6300 | mean return   -143.8 | success rate  45.0%
Episode  6400 | mean return   -202.4 | success rate  43.0%
Episode  6500 | mean return     86.5 | success rate  56.0%
Episode  6600 | mean return   -177.6 | success rate  43.0%
Episode  6700 | mean return    123.6 | success rate  58.0%
Episode  6800 | mean return    -37.4 | success rate  50.0%
Episode  6900 | mean return    167.0 | success rate  60.0%
Episode  7000 | mean return    192.7 | success rate  61.0%
phase=train, time=morning
steps=19
trajectory=[(1, 1), (1, 2), (2, 2), (2, 3), (3, 3), (4, 3), (5, 3), (6, 3), (6, 2), (6, 1), (5, 1), (5, 2), (4, 2), (3, 2), (2, 2), (1, 2), (1, 3), (1, 4), (1, 5), (1, 6)]
success=True

phase=train, time=evening
steps=23
trajectory=[(1, 1), (1, 2), (2, 2), (2, 3), (3, 3), (4, 3), (5, 3), (6, 3), (6, 4), (6, 5), (6, 6), (5, 6), (5, 5), (5, 4), (5, 3), (5, 2), (4, 2), (3, 2), (2, 2), (1, 2), (1, 3), (1, 4), (1, 5), (1, 6)]
success=True

phase=test, time=morning
steps=101
trajectory=[(1, 1), (1, 2), (2, 2), (2, 3), (2, 4), (3, 4), (4, 4), (5, 4), (6, 4), (6, 3), (6, 2), (6, 1), (5, 1), (5, 2), (5, 1), (5, 2), (5, 1), (5, 2), (5, 1), (5, 2), (5, 1), (5, 2), (5, 1), (5, 2), (5, 1), (5, 2), (5, 1), (5, 2), (5, 1), (5, 2), (5, 1), (5, 2), (5, 1), (5, 2), (5, 1), (5, 2), (5, 1), (5, 2), (5, 1), (5, 2), (5, 1), (5, 2), (5, 1), (5, 2), (5, 1), (5, 2), (5, 1), (5, 2), (5, 1), (5, 2), (5, 1), (5, 2), (5, 1), (5, 2), (5, 1), (5, 2), (5, 1), (5, 2), (5, 1), (5, 2), (5, 1), (5, 2), (5, 1), (5, 2), (5, 1), (5, 2), (5, 1), (5, 2), (5, 1), (5, 2), (5, 1), (5, 2), (5, 1), (5, 2), (5, 1), (5, 2), (5, 1), (5, 2), (5, 1), (5, 2), (5, 1), (5, 2), (5, 1), (5, 2), (5, 1), (5, 2), (5, 1), (5, 2), (5, 1), (5, 2), (5, 1), (5, 2), (5, 1), (5, 2), (5, 1), (5, 2), (5, 1), (5, 2), (5, 1), (5, 2), (5, 1), (5, 2)]
success=False

phase=test, time=evening
steps=3
trajectory=[(1, 1), (1, 2), (2, 2), (3, 2)]
success=False

Episode  7100 | mean return     58.1 | success rate  55.0%
Episode  7200 | mean return     84.7 | success rate  56.0%
Episode  7300 | mean return     22.5 | success rate  53.0%
Episode  7400 | mean return     79.4 | success rate  56.0%
Episode  7500 | mean return    114.9 | success rate  58.0%
Episode  7600 | mean return     67.7 | success rate  55.0%
Episode  7700 | mean return    -41.4 | success rate  50.0%
Episode  7800 | mean return     22.9 | success rate  53.0%
Episode  7900 | mean return     84.4 | success rate  56.0%
Episode  8000 | mean return    233.1 | success rate  63.0%
phase=train, time=morning
steps=19
trajectory=[(1, 1), (1, 2), (2, 2), (2, 3), (3, 3), (4, 3), (5, 3), (6, 3), (6, 2), (6, 1), (5, 1), (5, 2), (4, 2), (3, 2), (2, 2), (1, 2), (1, 3), (1, 4), (1, 5), (1, 6)]
success=True

phase=train, time=evening
steps=101
trajectory=[(1, 1), (1, 2), (2, 2), (2, 3), (3, 3), (4, 3), (5, 3), (6, 3), (6, 4), (6, 5), (6, 6), (5, 6), (5, 6), (5, 6), (5, 6), (5, 6), (5, 6), (5, 6), (5, 6), (5, 6), (5, 6), (5, 6), (5, 6), (5, 6), (5, 6), (5, 6), (5, 6), (5, 6), (5, 6), (5, 6), (5, 6), (5, 6), (5, 6), (5, 6), (5, 6), (5, 6), (5, 6), (5, 6), (5, 6), (5, 6), (5, 6), (5, 6), (5, 6), (5, 6), (5, 6), (5, 6), (5, 6), (5, 6), (5, 6), (5, 6), (5, 6), (5, 6), (5, 6), (5, 6), (5, 6), (5, 6), (5, 6), (5, 6), (5, 6), (5, 6), (5, 6), (5, 6), (5, 6), (5, 6), (5, 6), (5, 6), (5, 6), (5, 6), (5, 6), (5, 6), (5, 6), (5, 6), (5, 6), (5, 6), (5, 6), (5, 6), (5, 6), (5, 6), (5, 6), (5, 6), (5, 6), (5, 6), (5, 6), (5, 6), (5, 6), (5, 6), (5, 6), (5, 6), (5, 6), (5, 6), (5, 6), (5, 6), (5, 6), (5, 6), (5, 6), (5, 6), (5, 6), (5, 6), (5, 6), (5, 6), (5, 6), (5, 6)]
success=False

phase=test, time=morning
steps=101
trajectory=[(1, 1), (1, 2), (2, 2), (2, 3), (2, 4), (3, 4), (4, 4), (5, 4), (6, 4), (6, 3), (6, 2), (6, 1), (5, 1), (5, 2), (6, 2), (5, 2), (6, 2), (5, 2), (6, 2), (5, 2), (6, 2), (5, 2), (6, 2), (5, 2), (6, 2), (5, 2), (6, 2), (5, 2), (6, 2), (5, 2), (6, 2), (5, 2), (6, 2), (5, 2), (6, 2), (5, 2), (6, 2), (5, 2), (6, 2), (5, 2), (6, 2), (5, 2), (6, 2), (5, 2), (6, 2), (5, 2), (6, 2), (5, 2), (6, 2), (5, 2), (6, 2), (5, 2), (6, 2), (5, 2), (6, 2), (5, 2), (6, 2), (5, 2), (6, 2), (5, 2), (6, 2), (5, 2), (6, 2), (5, 2), (6, 2), (5, 2), (6, 2), (5, 2), (6, 2), (5, 2), (6, 2), (5, 2), (6, 2), (5, 2), (6, 2), (5, 2), (6, 2), (5, 2), (6, 2), (5, 2), (6, 2), (5, 2), (6, 2), (5, 2), (6, 2), (5, 2), (6, 2), (5, 2), (6, 2), (5, 2), (6, 2), (5, 2), (6, 2), (5, 2), (6, 2), (5, 2), (6, 2), (5, 2), (6, 2), (5, 2), (6, 2), (5, 2)]
success=False

phase=test, time=evening
steps=3
trajectory=[(1, 1), (1, 2), (2, 2), (3, 2)]
success=False

Episode  8100 | mean return     23.4 | success rate  53.0%
Episode  8200 | mean return    -43.8 | success rate  50.0%
Episode  8300 | mean return    205.0 | success rate  62.0%
Episode  8400 | mean return    104.1 | success rate  57.0%
Episode  8500 | mean return   -123.0 | success rate  46.0%
Episode  8600 | mean return    100.5 | success rate  57.0%
Episode  8700 | mean return    -21.4 | success rate  51.0%
Episode  8800 | mean return    -81.5 | success rate  48.0%
Episode  8900 | mean return    208.0 | success rate  62.0%
Episode  9000 | mean return    -15.4 | success rate  51.0%
phase=train, time=morning
steps=19
trajectory=[(1, 1), (2, 1), (2, 2), (2, 3), (3, 3), (4, 3), (5, 3), (6, 3), (6, 2), (6, 1), (5, 1), (5, 2), (4, 2), (3, 2), (2, 2), (1, 2), (1, 3), (1, 4), (1, 5), (1, 6)]
success=True

phase=train, time=evening
steps=23
trajectory=[(1, 1), (1, 2), (2, 2), (2, 3), (3, 3), (4, 3), (5, 3), (6, 3), (6, 4), (6, 5), (6, 6), (5, 6), (5, 5), (5, 4), (5, 3), (5, 2), (4, 2), (3, 2), (2, 2), (1, 2), (1, 3), (1, 4), (1, 5), (1, 6)]
success=True

phase=test, time=morning
steps=101
trajectory=[(1, 1), (2, 1), (2, 2), (2, 3), (2, 4), (3, 4), (4, 4), (5, 4), (6, 4), (6, 3), (6, 2), (6, 1), (5, 1), (5, 1), (5, 1), (5, 1), (5, 1), (5, 1), (5, 1), (5, 1), (5, 1), (5, 1), (5, 1), (5, 1), (5, 1), (5, 1), (5, 1), (5, 1), (5, 1), (5, 1), (5, 1), (5, 1), (5, 1), (5, 1), (5, 1), (5, 1), (5, 1), (5, 1), (5, 1), (5, 1), (5, 1), (5, 1), (5, 1), (5, 1), (5, 1), (5, 1), (5, 1), (5, 1), (5, 1), (5, 1), (5, 1), (5, 1), (5, 1), (5, 1), (5, 1), (5, 1), (5, 1), (5, 1), (5, 1), (5, 1), (5, 1), (5, 1), (5, 1), (5, 1), (5, 1), (5, 1), (5, 1), (5, 1), (5, 1), (5, 1), (5, 1), (5, 1), (5, 1), (5, 1), (5, 1), (5, 1), (5, 1), (5, 1), (5, 1), (5, 1), (5, 1), (5, 1), (5, 1), (5, 1), (5, 1), (5, 1), (5, 1), (5, 1), (5, 1), (5, 1), (5, 1), (5, 1), (5, 1), (5, 1), (5, 1), (5, 1), (5, 1), (5, 1), (5, 1), (5, 1), (5, 1), (5, 1)]
success=False

phase=test, time=evening
steps=21
trajectory=[(1, 1), (1, 2), (2, 2), (2, 3), (2, 4), (3, 4), (4, 4), (5, 4), (6, 4), (6, 5), (6, 6), (5, 6), (5, 5), (5, 4), (5, 3), (4, 3), (3, 3), (2, 3), (1, 3), (1, 4), (1, 5), (1, 6)]
success=True

Episode  9100 | mean return    -24.8 | success rate  51.0%
Episode  9200 | mean return    -15.7 | success rate  51.0%
Episode  9300 | mean return    -97.2 | success rate  47.0%
Episode  9400 | mean return    -95.7 | success rate  47.0%
Episode  9500 | mean return    -81.2 | success rate  48.0%
Episode  9600 | mean return     43.7 | success rate  54.0%
Episode  9700 | mean return    -49.7 | success rate  50.0%
Episode  9800 | mean return   -218.1 | success rate  42.0%
Episode  9900 | mean return   -105.9 | success rate  47.0%
Episode 10000 | mean return     25.6 | success rate  53.0%
phase=train, time=morning
steps=19
trajectory=[(1, 1), (1, 2), (2, 2), (2, 3), (3, 3), (4, 3), (5, 3), (6, 3), (6, 2), (6, 1), (5, 1), (5, 2), (4, 2), (3, 2), (2, 2), (1, 2), (1, 3), (1, 4), (1, 5), (1, 6)]
success=True

phase=train, time=evening
steps=101
trajectory=[(1, 1), (1, 2), (2, 2), (2, 3), (3, 3), (4, 3), (5, 3), (6, 3), (6, 4), (6, 5), (6, 6), (5, 6), (5, 6), (5, 6), (5, 6), (5, 6), (5, 6), (5, 6), (5, 6), (5, 6), (5, 6), (5, 6), (5, 6), (5, 6), (5, 6), (5, 6), (5, 6), (5, 6), (5, 6), (5, 6), (5, 6), (5, 6), (5, 6), (5, 6), (5, 6), (5, 6), (5, 6), (5, 6), (5, 6), (5, 6), (5, 6), (5, 6), (5, 6), (5, 6), (5, 6), (5, 6), (5, 6), (5, 6), (5, 6), (5, 6), (5, 6), (5, 6), (5, 6), (5, 6), (5, 6), (5, 6), (5, 6), (5, 6), (5, 6), (5, 6), (5, 6), (5, 6), (5, 6), (5, 6), (5, 6), (5, 6), (5, 6), (5, 6), (5, 6), (5, 6), (5, 6), (5, 6), (5, 6), (5, 6), (5, 6), (5, 6), (5, 6), (5, 6), (5, 6), (5, 6), (5, 6), (5, 6), (5, 6), (5, 6), (5, 6), (5, 6), (5, 6), (5, 6), (5, 6), (5, 6), (5, 6), (5, 6), (5, 6), (5, 6), (5, 6), (5, 6), (5, 6), (5, 6), (5, 6), (5, 6), (5, 6), (5, 6)]
success=False

phase=test, time=morning
steps=101
trajectory=[(1, 1), (1, 2), (2, 2), (1, 2), (2, 2), (1, 2), (2, 2), (1, 2), (2, 2), (1, 2), (2, 2), (1, 2), (2, 2), (1, 2), (2, 2), (1, 2), (2, 2), (1, 2), (2, 2), (1, 2), (2, 2), (1, 2), (2, 2), (1, 2), (2, 2), (1, 2), (2, 2), (1, 2), (2, 2), (1, 2), (2, 2), (1, 2), (2, 2), (1, 2), (2, 2), (1, 2), (2, 2), (1, 2), (2, 2), (1, 2), (2, 2), (1, 2), (2, 2), (1, 2), (2, 2), (1, 2), (2, 2), (1, 2), (2, 2), (1, 2), (2, 2), (1, 2), (2, 2), (1, 2), (2, 2), (1, 2), (2, 2), (1, 2), (2, 2), (1, 2), (2, 2), (1, 2), (2, 2), (1, 2), (2, 2), (1, 2), (2, 2), (1, 2), (2, 2), (1, 2), (2, 2), (1, 2), (2, 2), (1, 2), (2, 2), (1, 2), (2, 2), (1, 2), (2, 2), (1, 2), (2, 2), (1, 2), (2, 2), (1, 2), (2, 2), (1, 2), (2, 2), (1, 2), (2, 2), (1, 2), (2, 2), (1, 2), (2, 2), (1, 2), (2, 2), (1, 2), (2, 2), (1, 2), (2, 2), (1, 2), (2, 2), (1, 2)]
success=False

phase=test, time=evening
steps=101
trajectory=[(1, 1), (1, 2), (2, 2), (2, 3), (2, 4), (3, 4), (4, 4), (5, 4), (6, 4), (6, 5), (6, 6), (5, 6), (5, 6), (5, 6), (5, 6), (5, 6), (5, 6), (5, 6), (5, 6), (5, 6), (5, 6), (5, 6), (5, 6), (5, 6), (5, 6), (5, 6), (5, 6), (5, 6), (5, 6), (5, 6), (5, 6), (5, 6), (5, 6), (5, 6), (5, 6), (5, 6), (5, 6), (5, 6), (5, 6), (5, 6), (5, 6), (5, 6), (5, 6), (5, 6), (5, 6), (5, 6), (5, 6), (5, 6), (5, 6), (5, 6), (5, 6), (5, 6), (5, 6), (5, 6), (5, 6), (5, 6), (5, 6), (5, 6), (5, 6), (5, 6), (5, 6), (5, 6), (5, 6), (5, 6), (5, 6), (5, 6), (5, 6), (5, 6), (5, 6), (5, 6), (5, 6), (5, 6), (5, 6), (5, 6), (5, 6), (5, 6), (5, 6), (5, 6), (5, 6), (5, 6), (5, 6), (5, 6), (5, 6), (5, 6), (5, 6), (5, 6), (5, 6), (5, 6), (5, 6), (5, 6), (5, 6), (5, 6), (5, 6), (5, 6), (5, 6), (5, 6), (5, 6), (5, 6), (5, 6), (5, 6), (5, 6), (5, 6)]
success=False

Episode 10100 | mean return    -55.0 | success rate  49.0%
Episode 10200 | mean return   -231.3 | success rate  41.0%
Episode 10300 | mean return   -254.7 | success rate  40.0%
Episode 10400 | mean return    164.9 | success rate  60.0%
Episode 10500 | mean return    102.8 | success rate  57.0%
Episode 10600 | mean return   -126.1 | success rate  46.0%
Episode 10700 | mean return    -80.1 | success rate  48.0%
Episode 10800 | mean return   -170.2 | success rate  45.0%
Episode 10900 | mean return    102.3 | success rate  57.0%
Episode 11000 | mean return    126.9 | success rate  58.0%
phase=train, time=morning
steps=19
trajectory=[(1, 1), (2, 1), (2, 2), (2, 3), (3, 3), (4, 3), (5, 3), (6, 3), (6, 2), (6, 1), (5, 1), (5, 2), (4, 2), (3, 2), (2, 2), (1, 2), (1, 3), (1, 4), (1, 5), (1, 6)]
success=True

phase=train, time=evening
steps=101
trajectory=[(1, 1), (2, 1), (2, 2), (2, 3), (3, 3), (4, 3), (5, 3), (6, 3), (6, 4), (6, 5), (6, 6), (6, 6), (6, 6), (6, 6), (6, 6), (6, 6), (6, 6), (6, 6), (6, 6), (6, 6), (6, 6), (6, 6), (6, 6), (6, 6), (6, 6), (6, 6), (6, 6), (6, 6), (6, 6), (6, 6), (6, 6), (6, 6), (6, 6), (6, 6), (6, 6), (6, 6), (6, 6), (6, 6), (6, 6), (6, 6), (6, 6), (6, 6), (6, 6), (6, 6), (6, 6), (6, 6), (6, 6), (6, 6), (6, 6), (6, 6), (6, 6), (6, 6), (6, 6), (6, 6), (6, 6), (6, 6), (6, 6), (6, 6), (6, 6), (6, 6), (6, 6), (6, 6), (6, 6), (6, 6), (6, 6), (6, 6), (6, 6), (6, 6), (6, 6), (6, 6), (6, 6), (6, 6), (6, 6), (6, 6), (6, 6), (6, 6), (6, 6), (6, 6), (6, 6), (6, 6), (6, 6), (6, 6), (6, 6), (6, 6), (6, 6), (6, 6), (6, 6), (6, 6), (6, 6), (6, 6), (6, 6), (6, 6), (6, 6), (6, 6), (6, 6), (6, 6), (6, 6), (6, 6), (6, 6), (6, 6), (6, 6), (6, 6)]
success=False

phase=test, time=morning
steps=101
trajectory=[(1, 1), (2, 1), (2, 2), (2, 3), (2, 4), (3, 4), (4, 4), (5, 4), (6, 4), (6, 3), (6, 2), (6, 1), (5, 1), (6, 1), (5, 1), (6, 1), (5, 1), (6, 1), (5, 1), (6, 1), (5, 1), (6, 1), (5, 1), (6, 1), (5, 1), (6, 1), (5, 1), (6, 1), (5, 1), (6, 1), (5, 1), (6, 1), (5, 1), (6, 1), (5, 1), (6, 1), (5, 1), (6, 1), (5, 1), (6, 1), (5, 1), (6, 1), (5, 1), (6, 1), (5, 1), (6, 1), (5, 1), (6, 1), (5, 1), (6, 1), (5, 1), (6, 1), (5, 1), (6, 1), (5, 1), (6, 1), (5, 1), (6, 1), (5, 1), (6, 1), (5, 1), (6, 1), (5, 1), (6, 1), (5, 1), (6, 1), (5, 1), (6, 1), (5, 1), (6, 1), (5, 1), (6, 1), (5, 1), (6, 1), (5, 1), (6, 1), (5, 1), (6, 1), (5, 1), (6, 1), (5, 1), (6, 1), (5, 1), (6, 1), (5, 1), (6, 1), (5, 1), (6, 1), (5, 1), (6, 1), (5, 1), (6, 1), (5, 1), (6, 1), (5, 1), (6, 1), (5, 1), (6, 1), (5, 1), (6, 1), (5, 1), (6, 1)]
success=False

phase=test, time=evening
steps=3
trajectory=[(1, 1), (2, 1), (2, 2), (3, 2)]
success=False

Episode 11100 | mean return     -4.2 | success rate  52.0%
Episode 11200 | mean return   -282.0 | success rate  38.0%
Episode 11300 | mean return     84.8 | success rate  56.0%
Episode 11400 | mean return   -225.7 | success rate  41.0%
Episode 11500 | mean return    -39.7 | success rate  50.0%
Episode 11600 | mean return     33.5 | success rate  54.0%
Episode 11700 | mean return     79.5 | success rate  59.0%
Episode 11800 | mean return      2.7 | success rate  52.0%
Episode 11900 | mean return    -85.5 | success rate  48.0%
Episode 12000 | mean return    181.3 | success rate  61.0%
phase=train, time=morning
steps=19
trajectory=[(1, 1), (2, 1), (2, 2), (2, 3), (3, 3), (4, 3), (5, 3), (6, 3), (6, 2), (6, 1), (5, 1), (5, 2), (4, 2), (3, 2), (2, 2), (1, 2), (1, 3), (1, 4), (1, 5), (1, 6)]
success=True

phase=train, time=evening
steps=23
trajectory=[(1, 1), (2, 1), (2, 2), (2, 3), (3, 3), (4, 3), (5, 3), (6, 3), (6, 4), (6, 5), (6, 6), (5, 6), (5, 5), (5, 4), (5, 3), (5, 2), (4, 2), (3, 2), (2, 2), (1, 2), (1, 3), (1, 4), (1, 5), (1, 6)]
success=True

phase=test, time=morning
steps=101
trajectory=[(1, 1), (2, 1), (2, 2), (2, 3), (2, 4), (3, 4), (4, 4), (5, 4), (6, 4), (6, 3), (6, 2), (6, 1), (5, 1), (6, 1), (5, 1), (6, 1), (5, 1), (6, 1), (5, 1), (6, 1), (5, 1), (6, 1), (5, 1), (6, 1), (5, 1), (6, 1), (5, 1), (6, 1), (5, 1), (6, 1), (5, 1), (6, 1), (5, 1), (6, 1), (5, 1), (6, 1), (5, 1), (6, 1), (5, 1), (6, 1), (5, 1), (6, 1), (5, 1), (6, 1), (5, 1), (6, 1), (5, 1), (6, 1), (5, 1), (6, 1), (5, 1), (6, 1), (5, 1), (6, 1), (5, 1), (6, 1), (5, 1), (6, 1), (5, 1), (6, 1), (5, 1), (6, 1), (5, 1), (6, 1), (5, 1), (6, 1), (5, 1), (6, 1), (5, 1), (6, 1), (5, 1), (6, 1), (5, 1), (6, 1), (5, 1), (6, 1), (5, 1), (6, 1), (5, 1), (6, 1), (5, 1), (6, 1), (5, 1), (6, 1), (5, 1), (6, 1), (5, 1), (6, 1), (5, 1), (6, 1), (5, 1), (6, 1), (5, 1), (6, 1), (5, 1), (6, 1), (5, 1), (6, 1), (5, 1), (6, 1), (5, 1), (6, 1)]
success=False

phase=test, time=evening
steps=3
trajectory=[(1, 1), (2, 1), (2, 2), (3, 2)]
success=False

Episode 12100 | mean return    -85.1 | success rate  48.0%
Episode 12200 | mean return     79.8 | success rate  56.0%
Episode 12300 | mean return     19.7 | success rate  53.0%
Episode 12400 | mean return    228.6 | success rate  63.0%
Episode 12500 | mean return   -269.4 | success rate  39.0%
Episode 12600 | mean return    -66.0 | success rate  49.0%
Episode 12700 | mean return   -117.2 | success rate  46.0%
Episode 12800 | mean return    -22.5 | success rate  51.0%
Episode 12900 | mean return   -182.3 | success rate  43.0%
Episode 13000 | mean return     23.8 | success rate  53.0%
phase=train, time=morning
steps=19
trajectory=[(1, 1), (1, 2), (2, 2), (2, 3), (3, 3), (4, 3), (5, 3), (6, 3), (6, 2), (6, 1), (5, 1), (5, 2), (4, 2), (3, 2), (2, 2), (1, 2), (1, 3), (1, 4), (1, 5), (1, 6)]
success=True

phase=train, time=evening
steps=101
trajectory=[(1, 1), (2, 1), (2, 2), (2, 3), (3, 3), (4, 3), (5, 3), (6, 3), (6, 4), (6, 5), (6, 6), (5, 6), (5, 6), (5, 6), (5, 6), (5, 6), (5, 6), (5, 6), (5, 6), (5, 6), (5, 6), (5, 6), (5, 6), (5, 6), (5, 6), (5, 6), (5, 6), (5, 6), (5, 6), (5, 6), (5, 6), (5, 6), (5, 6), (5, 6), (5, 6), (5, 6), (5, 6), (5, 6), (5, 6), (5, 6), (5, 6), (5, 6), (5, 6), (5, 6), (5, 6), (5, 6), (5, 6), (5, 6), (5, 6), (5, 6), (5, 6), (5, 6), (5, 6), (5, 6), (5, 6), (5, 6), (5, 6), (5, 6), (5, 6), (5, 6), (5, 6), (5, 6), (5, 6), (5, 6), (5, 6), (5, 6), (5, 6), (5, 6), (5, 6), (5, 6), (5, 6), (5, 6), (5, 6), (5, 6), (5, 6), (5, 6), (5, 6), (5, 6), (5, 6), (5, 6), (5, 6), (5, 6), (5, 6), (5, 6), (5, 6), (5, 6), (5, 6), (5, 6), (5, 6), (5, 6), (5, 6), (5, 6), (5, 6), (5, 6), (5, 6), (5, 6), (5, 6), (5, 6), (5, 6), (5, 6), (5, 6), (5, 6)]
success=False

phase=test, time=morning
steps=21
trajectory=[(1, 1), (1, 2), (2, 2), (2, 3), (2, 4), (3, 4), (4, 4), (5, 4), (6, 4), (6, 3), (6, 2), (6, 1), (5, 1), (5, 2), (5, 3), (4, 3), (3, 3), (2, 3), (1, 3), (1, 4), (1, 5), (1, 6)]
success=True

phase=test, time=evening
steps=3
trajectory=[(1, 1), (2, 1), (2, 2), (3, 2)]
success=False

Episode 13100 | mean return    -38.3 | success rate  50.0%
Episode 13200 | mean return    -75.0 | success rate  48.0%
Episode 13300 | mean return    -56.3 | success rate  49.0%
Episode 13400 | mean return    -90.5 | success rate  48.0%
Episode 13500 | mean return     11.8 | success rate  53.0%
Episode 13600 | mean return     41.9 | success rate  54.0%
Episode 13700 | mean return    165.9 | success rate  60.0%
Episode 13800 | mean return   -168.6 | success rate  44.0%
Episode 13900 | mean return   -165.0 | success rate  44.0%
Episode 14000 | mean return     76.9 | success rate  56.0%
phase=train, time=morning
steps=19
trajectory=[(1, 1), (2, 1), (2, 2), (2, 3), (3, 3), (4, 3), (5, 3), (6, 3), (6, 2), (6, 1), (5, 1), (5, 2), (4, 2), (3, 2), (2, 2), (1, 2), (1, 3), (1, 4), (1, 5), (1, 6)]
success=True

phase=train, time=evening
steps=101
trajectory=[(1, 1), (1, 2), (2, 2), (2, 3), (3, 3), (4, 3), (5, 3), (6, 3), (6, 4), (6, 5), (6, 6), (5, 6), (5, 6), (5, 6), (5, 6), (5, 6), (5, 6), (5, 6), (5, 6), (5, 6), (5, 6), (5, 6), (5, 6), (5, 6), (5, 6), (5, 6), (5, 6), (5, 6), (5, 6), (5, 6), (5, 6), (5, 6), (5, 6), (5, 6), (5, 6), (5, 6), (5, 6), (5, 6), (5, 6), (5, 6), (5, 6), (5, 6), (5, 6), (5, 6), (5, 6), (5, 6), (5, 6), (5, 6), (5, 6), (5, 6), (5, 6), (5, 6), (5, 6), (5, 6), (5, 6), (5, 6), (5, 6), (5, 6), (5, 6), (5, 6), (5, 6), (5, 6), (5, 6), (5, 6), (5, 6), (5, 6), (5, 6), (5, 6), (5, 6), (5, 6), (5, 6), (5, 6), (5, 6), (5, 6), (5, 6), (5, 6), (5, 6), (5, 6), (5, 6), (5, 6), (5, 6), (5, 6), (5, 6), (5, 6), (5, 6), (5, 6), (5, 6), (5, 6), (5, 6), (5, 6), (5, 6), (5, 6), (5, 6), (5, 6), (5, 6), (5, 6), (5, 6), (5, 6), (5, 6), (5, 6), (5, 6), (5, 6)]
success=False

phase=test, time=morning
steps=101
trajectory=[(1, 1), (2, 1), (2, 2), (1, 2), (2, 2), (1, 2), (2, 2), (1, 2), (2, 2), (1, 2), (2, 2), (1, 2), (2, 2), (1, 2), (2, 2), (1, 2), (2, 2), (1, 2), (2, 2), (1, 2), (2, 2), (1, 2), (2, 2), (1, 2), (2, 2), (1, 2), (2, 2), (1, 2), (2, 2), (1, 2), (2, 2), (1, 2), (2, 2), (1, 2), (2, 2), (1, 2), (2, 2), (1, 2), (2, 2), (1, 2), (2, 2), (1, 2), (2, 2), (1, 2), (2, 2), (1, 2), (2, 2), (1, 2), (2, 2), (1, 2), (2, 2), (1, 2), (2, 2), (1, 2), (2, 2), (1, 2), (2, 2), (1, 2), (2, 2), (1, 2), (2, 2), (1, 2), (2, 2), (1, 2), (2, 2), (1, 2), (2, 2), (1, 2), (2, 2), (1, 2), (2, 2), (1, 2), (2, 2), (1, 2), (2, 2), (1, 2), (2, 2), (1, 2), (2, 2), (1, 2), (2, 2), (1, 2), (2, 2), (1, 2), (2, 2), (1, 2), (2, 2), (1, 2), (2, 2), (1, 2), (2, 2), (1, 2), (2, 2), (1, 2), (2, 2), (1, 2), (2, 2), (1, 2), (2, 2), (1, 2), (2, 2), (1, 2)]
success=False

phase=test, time=evening
steps=3
trajectory=[(1, 1), (1, 2), (2, 2), (3, 2)]
success=False

Episode 14100 | mean return   -178.8 | success rate  43.0%
Episode 14200 | mean return    104.5 | success rate  57.0%
Episode 14300 | mean return   -122.5 | success rate  46.0%
Episode 14400 | mean return    185.0 | success rate  61.0%
Episode 14500 | mean return     62.4 | success rate  55.0%
Episode 14600 | mean return   -160.9 | success rate  44.0%
Episode 14700 | mean return   -199.2 | success rate  42.0%
Episode 14800 | mean return      2.0 | success rate  52.0%
Episode 14900 | mean return   -217.3 | success rate  41.0%
Episode 15000 | mean return     41.3 | success rate  54.0%
phase=train, time=morning
steps=19
trajectory=[(1, 1), (2, 1), (2, 2), (2, 3), (3, 3), (4, 3), (5, 3), (6, 3), (6, 2), (6, 1), (5, 1), (5, 2), (4, 2), (3, 2), (2, 2), (1, 2), (1, 3), (1, 4), (1, 5), (1, 6)]
success=True

phase=train, time=evening
steps=23
trajectory=[(1, 1), (1, 2), (2, 2), (2, 3), (3, 3), (4, 3), (5, 3), (6, 3), (6, 4), (6, 5), (6, 6), (5, 6), (5, 5), (5, 4), (5, 3), (5, 2), (4, 2), (3, 2), (2, 2), (1, 2), (1, 3), (1, 4), (1, 5), (1, 6)]
success=True

phase=test, time=morning
steps=101
trajectory=[(1, 1), (2, 1), (2, 2), (2, 3), (2, 4), (3, 4), (4, 4), (5, 4), (6, 4), (6, 3), (6, 2), (6, 1), (5, 1), (5, 2), (5, 1), (5, 2), (5, 1), (5, 2), (5, 1), (5, 2), (5, 1), (5, 2), (5, 1), (5, 2), (5, 1), (5, 2), (5, 1), (5, 2), (5, 1), (5, 2), (5, 1), (5, 2), (5, 1), (5, 2), (5, 1), (5, 2), (5, 1), (5, 2), (5, 1), (5, 2), (5, 1), (5, 2), (5, 1), (5, 2), (5, 1), (5, 2), (5, 1), (5, 2), (5, 1), (5, 2), (5, 1), (5, 2), (5, 1), (5, 2), (5, 1), (5, 2), (5, 1), (5, 2), (5, 1), (5, 2), (5, 1), (5, 2), (5, 1), (5, 2), (5, 1), (5, 2), (5, 1), (5, 2), (5, 1), (5, 2), (5, 1), (5, 2), (5, 1), (5, 2), (5, 1), (5, 2), (5, 1), (5, 2), (5, 1), (5, 2), (5, 1), (5, 2), (5, 1), (5, 2), (5, 1), (5, 2), (5, 1), (5, 2), (5, 1), (5, 2), (5, 1), (5, 2), (5, 1), (5, 2), (5, 1), (5, 2), (5, 1), (5, 2), (5, 1), (5, 2), (5, 1), (5, 2)]
success=False

phase=test, time=evening
steps=21
trajectory=[(1, 1), (1, 2), (2, 2), (2, 3), (2, 4), (3, 4), (4, 4), (5, 4), (6, 4), (6, 5), (6, 6), (5, 6), (5, 5), (5, 4), (5, 3), (4, 3), (3, 3), (2, 3), (1, 3), (1, 4), (1, 5), (1, 6)]
success=True

Episode 15100 | mean return     41.9 | success rate  54.0%
Episode 15200 | mean return    148.9 | success rate  59.0%
Episode 15300 | mean return     14.1 | success rate  53.0%
Episode 15400 | mean return     20.6 | success rate  53.0%
Episode 15500 | mean return   -186.3 | success rate  43.0%
Episode 15600 | mean return    -90.4 | success rate  48.0%
Episode 15700 | mean return    140.7 | success rate  59.0%
Episode 15800 | mean return    -17.8 | success rate  51.0%
Episode 15900 | mean return    -60.4 | success rate  49.0%
Episode 16000 | mean return   -183.2 | success rate  43.0%
phase=train, time=morning
steps=19
trajectory=[(1, 1), (1, 2), (2, 2), (2, 3), (3, 3), (4, 3), (5, 3), (6, 3), (6, 2), (6, 1), (5, 1), (5, 2), (4, 2), (3, 2), (2, 2), (1, 2), (1, 3), (1, 4), (1, 5), (1, 6)]
success=True

phase=train, time=evening
steps=101
trajectory=[(1, 1), (1, 2), (2, 2), (2, 3), (3, 3), (4, 3), (5, 3), (6, 3), (6, 4), (6, 5), (6, 6), (5, 6), (5, 5), (5, 4), (5, 3), (5, 4), (5, 3), (5, 4), (5, 3), (5, 4), (5, 3), (5, 4), (5, 3), (5, 4), (5, 3), (5, 4), (5, 3), (5, 4), (5, 3), (5, 4), (5, 3), (5, 4), (5, 3), (5, 4), (5, 3), (5, 4), (5, 3), (5, 4), (5, 3), (5, 4), (5, 3), (5, 4), (5, 3), (5, 4), (5, 3), (5, 4), (5, 3), (5, 4), (5, 3), (5, 4), (5, 3), (5, 4), (5, 3), (5, 4), (5, 3), (5, 4), (5, 3), (5, 4), (5, 3), (5, 4), (5, 3), (5, 4), (5, 3), (5, 4), (5, 3), (5, 4), (5, 3), (5, 4), (5, 3), (5, 4), (5, 3), (5, 4), (5, 3), (5, 4), (5, 3), (5, 4), (5, 3), (5, 4), (5, 3), (5, 4), (5, 3), (5, 4), (5, 3), (5, 4), (5, 3), (5, 4), (5, 3), (5, 4), (5, 3), (5, 4), (5, 3), (5, 4), (5, 3), (5, 4), (5, 3), (5, 4), (5, 3), (5, 4), (5, 3), (5, 4), (5, 3), (5, 4)]
success=False

phase=test, time=morning
steps=101
trajectory=[(1, 1), (1, 2), (2, 2), (1, 2), (2, 2), (1, 2), (2, 2), (1, 2), (2, 2), (1, 2), (2, 2), (1, 2), (2, 2), (1, 2), (2, 2), (1, 2), (2, 2), (1, 2), (2, 2), (1, 2), (2, 2), (1, 2), (2, 2), (1, 2), (2, 2), (1, 2), (2, 2), (1, 2), (2, 2), (1, 2), (2, 2), (1, 2), (2, 2), (1, 2), (2, 2), (1, 2), (2, 2), (1, 2), (2, 2), (1, 2), (2, 2), (1, 2), (2, 2), (1, 2), (2, 2), (1, 2), (2, 2), (1, 2), (2, 2), (1, 2), (2, 2), (1, 2), (2, 2), (1, 2), (2, 2), (1, 2), (2, 2), (1, 2), (2, 2), (1, 2), (2, 2), (1, 2), (2, 2), (1, 2), (2, 2), (1, 2), (2, 2), (1, 2), (2, 2), (1, 2), (2, 2), (1, 2), (2, 2), (1, 2), (2, 2), (1, 2), (2, 2), (1, 2), (2, 2), (1, 2), (2, 2), (1, 2), (2, 2), (1, 2), (2, 2), (1, 2), (2, 2), (1, 2), (2, 2), (1, 2), (2, 2), (1, 2), (2, 2), (1, 2), (2, 2), (1, 2), (2, 2), (1, 2), (2, 2), (1, 2), (2, 2), (1, 2)]
success=False

phase=test, time=evening
steps=101
trajectory=[(1, 1), (1, 2), (2, 2), (2, 3), (2, 4), (3, 4), (4, 4), (5, 4), (6, 4), (6, 5), (6, 6), (5, 6), (5, 5), (5, 4), (5, 5), (5, 4), (5, 5), (5, 4), (5, 5), (5, 4), (5, 5), (5, 4), (5, 5), (5, 4), (5, 5), (5, 4), (5, 5), (5, 4), (5, 5), (5, 4), (5, 5), (5, 4), (5, 5), (5, 4), (5, 5), (5, 4), (5, 5), (5, 4), (5, 5), (5, 4), (5, 5), (5, 4), (5, 5), (5, 4), (5, 5), (5, 4), (5, 5), (5, 4), (5, 5), (5, 4), (5, 5), (5, 4), (5, 5), (5, 4), (5, 5), (5, 4), (5, 5), (5, 4), (5, 5), (5, 4), (5, 5), (5, 4), (5, 5), (5, 4), (5, 5), (5, 4), (5, 5), (5, 4), (5, 5), (5, 4), (5, 5), (5, 4), (5, 5), (5, 4), (5, 5), (5, 4), (5, 5), (5, 4), (5, 5), (5, 4), (5, 5), (5, 4), (5, 5), (5, 4), (5, 5), (5, 4), (5, 5), (5, 4), (5, 5), (5, 4), (5, 5), (5, 4), (5, 5), (5, 4), (5, 5), (5, 4), (5, 5), (5, 4), (5, 5), (5, 4), (5, 5), (5, 4)]
success=False

Episode 16100 | mean return    -67.8 | success rate  49.0%
Episode 16200 | mean return    -37.3 | success rate  50.0%
Episode 16300 | mean return     44.4 | success rate  54.0%
Episode 16400 | mean return   -138.3 | success rate  45.0%
Episode 16500 | mean return     85.2 | success rate  56.0%
Episode 16600 | mean return     89.1 | success rate  56.0%
Episode 16700 | mean return     44.6 | success rate  54.0%
Episode 16800 | mean return    -61.8 | success rate  49.0%
Episode 16900 | mean return     36.6 | success rate  54.0%
Episode 17000 | mean return   -202.6 | success rate  42.0%
phase=train, time=morning
steps=101
trajectory=[(1, 1), (1, 2), (2, 2), (2, 3), (3, 3), (4, 3), (5, 3), (6, 3), (6, 2), (6, 3), (6, 2), (6, 3), (6, 2), (6, 3), (6, 2), (6, 3), (6, 2), (6, 3), (6, 2), (6, 3), (6, 2), (6, 3), (6, 2), (6, 3), (6, 2), (6, 3), (6, 2), (6, 3), (6, 2), (6, 3), (6, 2), (6, 3), (6, 2), (6, 3), (6, 2), (6, 3), (6, 2), (6, 3), (6, 2), (6, 3), (6, 2), (6, 3), (6, 2), (6, 3), (6, 2), (6, 3), (6, 2), (6, 3), (6, 2), (6, 3), (6, 2), (6, 3), (6, 2), (6, 3), (6, 2), (6, 3), (6, 2), (6, 3), (6, 2), (6, 3), (6, 2), (6, 3), (6, 2), (6, 3), (6, 2), (6, 3), (6, 2), (6, 3), (6, 2), (6, 3), (6, 2), (6, 3), (6, 2), (6, 3), (6, 2), (6, 3), (6, 2), (6, 3), (6, 2), (6, 3), (6, 2), (6, 3), (6, 2), (6, 3), (6, 2), (6, 3), (6, 2), (6, 3), (6, 2), (6, 3), (6, 2), (6, 3), (6, 2), (6, 3), (6, 2), (6, 3), (6, 2), (6, 3), (6, 2), (6, 3), (6, 2), (6, 3)]
success=False

phase=train, time=evening
steps=101
trajectory=[(1, 1), (1, 2), (2, 2), (2, 3), (3, 3), (4, 3), (5, 3), (6, 3), (6, 4), (6, 5), (6, 6), (5, 6), (5, 5), (5, 4), (5, 3), (6, 3), (5, 3), (6, 3), (5, 3), (6, 3), (5, 3), (6, 3), (5, 3), (6, 3), (5, 3), (6, 3), (5, 3), (6, 3), (5, 3), (6, 3), (5, 3), (6, 3), (5, 3), (6, 3), (5, 3), (6, 3), (5, 3), (6, 3), (5, 3), (6, 3), (5, 3), (6, 3), (5, 3), (6, 3), (5, 3), (6, 3), (5, 3), (6, 3), (5, 3), (6, 3), (5, 3), (6, 3), (5, 3), (6, 3), (5, 3), (6, 3), (5, 3), (6, 3), (5, 3), (6, 3), (5, 3), (6, 3), (5, 3), (6, 3), (5, 3), (6, 3), (5, 3), (6, 3), (5, 3), (6, 3), (5, 3), (6, 3), (5, 3), (6, 3), (5, 3), (6, 3), (5, 3), (6, 3), (5, 3), (6, 3), (5, 3), (6, 3), (5, 3), (6, 3), (5, 3), (6, 3), (5, 3), (6, 3), (5, 3), (6, 3), (5, 3), (6, 3), (5, 3), (6, 3), (5, 3), (6, 3), (5, 3), (6, 3), (5, 3), (6, 3), (5, 3), (6, 3)]
success=False

phase=test, time=morning
steps=101
trajectory=[(1, 1), (1, 2), (2, 2), (2, 3), (2, 4), (3, 4), (4, 4), (5, 4), (6, 4), (6, 3), (6, 2), (6, 3), (6, 2), (6, 3), (6, 2), (6, 3), (6, 2), (6, 3), (6, 2), (6, 3), (6, 2), (6, 3), (6, 2), (6, 3), (6, 2), (6, 3), (6, 2), (6, 3), (6, 2), (6, 3), (6, 2), (6, 3), (6, 2), (6, 3), (6, 2), (6, 3), (6, 2), (6, 3), (6, 2), (6, 3), (6, 2), (6, 3), (6, 2), (6, 3), (6, 2), (6, 3), (6, 2), (6, 3), (6, 2), (6, 3), (6, 2), (6, 3), (6, 2), (6, 3), (6, 2), (6, 3), (6, 2), (6, 3), (6, 2), (6, 3), (6, 2), (6, 3), (6, 2), (6, 3), (6, 2), (6, 3), (6, 2), (6, 3), (6, 2), (6, 3), (6, 2), (6, 3), (6, 2), (6, 3), (6, 2), (6, 3), (6, 2), (6, 3), (6, 2), (6, 3), (6, 2), (6, 3), (6, 2), (6, 3), (6, 2), (6, 3), (6, 2), (6, 3), (6, 2), (6, 3), (6, 2), (6, 3), (6, 2), (6, 3), (6, 2), (6, 3), (6, 2), (6, 3), (6, 2), (6, 3), (6, 2), (6, 3)]
success=False

phase=test, time=evening
steps=3
trajectory=[(1, 1), (1, 2), (2, 2), (3, 2)]
success=False

Episode 17100 | mean return    104.9 | success rate  57.0%
Episode 17200 | mean return   -180.2 | success rate  43.0%
Episode 17300 | mean return    -18.8 | success rate  51.0%
Episode 17400 | mean return     48.2 | success rate  54.0%
Episode 17500 | mean return   -225.6 | success rate  41.0%
Episode 17600 | mean return    -40.4 | success rate  50.0%
Episode 17700 | mean return   -126.8 | success rate  46.0%
Episode 17800 | mean return   -226.2 | success rate  41.0%
Episode 17900 | mean return   -158.2 | success rate  45.0%
Episode 18000 | mean return   -323.8 | success rate  36.0%
phase=train, time=morning
steps=19
trajectory=[(1, 1), (2, 1), (2, 2), (2, 3), (3, 3), (4, 3), (5, 3), (6, 3), (6, 2), (6, 1), (5, 1), (5, 2), (4, 2), (3, 2), (2, 2), (1, 2), (1, 3), (1, 4), (1, 5), (1, 6)]
success=True

phase=train, time=evening
steps=101
trajectory=[(1, 1), (2, 1), (2, 2), (2, 3), (3, 3), (4, 3), (5, 3), (6, 3), (6, 4), (6, 5), (6, 6), (6, 6), (6, 6), (6, 6), (6, 6), (6, 6), (6, 6), (6, 6), (6, 6), (6, 6), (6, 6), (6, 6), (6, 6), (6, 6), (6, 6), (6, 6), (6, 6), (6, 6), (6, 6), (6, 6), (6, 6), (6, 6), (6, 6), (6, 6), (6, 6), (6, 6), (6, 6), (6, 6), (6, 6), (6, 6), (6, 6), (6, 6), (6, 6), (6, 6), (6, 6), (6, 6), (6, 6), (6, 6), (6, 6), (6, 6), (6, 6), (6, 6), (6, 6), (6, 6), (6, 6), (6, 6), (6, 6), (6, 6), (6, 6), (6, 6), (6, 6), (6, 6), (6, 6), (6, 6), (6, 6), (6, 6), (6, 6), (6, 6), (6, 6), (6, 6), (6, 6), (6, 6), (6, 6), (6, 6), (6, 6), (6, 6), (6, 6), (6, 6), (6, 6), (6, 6), (6, 6), (6, 6), (6, 6), (6, 6), (6, 6), (6, 6), (6, 6), (6, 6), (6, 6), (6, 6), (6, 6), (6, 6), (6, 6), (6, 6), (6, 6), (6, 6), (6, 6), (6, 6), (6, 6), (6, 6), (6, 6), (6, 6)]
success=False

phase=test, time=morning
steps=101
trajectory=[(1, 1), (2, 1), (2, 2), (2, 3), (2, 4), (3, 4), (4, 4), (5, 4), (6, 4), (6, 3), (6, 2), (6, 1), (5, 1), (6, 1), (5, 1), (6, 1), (5, 1), (6, 1), (5, 1), (6, 1), (5, 1), (6, 1), (5, 1), (6, 1), (5, 1), (6, 1), (5, 1), (6, 1), (5, 1), (6, 1), (5, 1), (6, 1), (5, 1), (6, 1), (5, 1), (6, 1), (5, 1), (6, 1), (5, 1), (6, 1), (5, 1), (6, 1), (5, 1), (6, 1), (5, 1), (6, 1), (5, 1), (6, 1), (5, 1), (6, 1), (5, 1), (6, 1), (5, 1), (6, 1), (5, 1), (6, 1), (5, 1), (6, 1), (5, 1), (6, 1), (5, 1), (6, 1), (5, 1), (6, 1), (5, 1), (6, 1), (5, 1), (6, 1), (5, 1), (6, 1), (5, 1), (6, 1), (5, 1), (6, 1), (5, 1), (6, 1), (5, 1), (6, 1), (5, 1), (6, 1), (5, 1), (6, 1), (5, 1), (6, 1), (5, 1), (6, 1), (5, 1), (6, 1), (5, 1), (6, 1), (5, 1), (6, 1), (5, 1), (6, 1), (5, 1), (6, 1), (5, 1), (6, 1), (5, 1), (6, 1), (5, 1), (6, 1)]
success=False

phase=test, time=evening
steps=3
trajectory=[(1, 1), (2, 1), (2, 2), (3, 2)]
success=False

Episode 18100 | mean return     18.0 | success rate  53.0%
Episode 18200 | mean return    -90.5 | success rate  48.0%
Episode 18300 | mean return     81.6 | success rate  56.0%
Episode 18400 | mean return    -66.3 | success rate  49.0%
Episode 18500 | mean return      6.5 | success rate  52.0%
Episode 18600 | mean return    -69.8 | success rate  49.0%
Episode 18700 | mean return   -230.2 | success rate  41.0%
Episode 18800 | mean return    -37.8 | success rate  50.0%
Episode 18900 | mean return   -142.6 | success rate  45.0%
Episode 19000 | mean return   -182.6 | success rate  43.0%
phase=train, time=morning
steps=101
trajectory=[(1, 1), (2, 1), (2, 2), (2, 3), (3, 3), (4, 3), (5, 3), (6, 3), (6, 4), (6, 5), (6, 6), (6, 6), (6, 6), (6, 6), (6, 6), (6, 6), (6, 6), (6, 6), (6, 6), (6, 6), (6, 6), (6, 6), (6, 6), (6, 6), (6, 6), (6, 6), (6, 6), (6, 6), (6, 6), (6, 6), (6, 6), (6, 6), (6, 6), (6, 6), (6, 6), (6, 6), (6, 6), (6, 6), (6, 6), (6, 6), (6, 6), (6, 6), (6, 6), (6, 6), (6, 6), (6, 6), (6, 6), (6, 6), (6, 6), (6, 6), (6, 6), (6, 6), (6, 6), (6, 6), (6, 6), (6, 6), (6, 6), (6, 6), (6, 6), (6, 6), (6, 6), (6, 6), (6, 6), (6, 6), (6, 6), (6, 6), (6, 6), (6, 6), (6, 6), (6, 6), (6, 6), (6, 6), (6, 6), (6, 6), (6, 6), (6, 6), (6, 6), (6, 6), (6, 6), (6, 6), (6, 6), (6, 6), (6, 6), (6, 6), (6, 6), (6, 6), (6, 6), (6, 6), (6, 6), (6, 6), (6, 6), (6, 6), (6, 6), (6, 6), (6, 6), (6, 6), (6, 6), (6, 6), (6, 6), (6, 6), (6, 6), (6, 6)]
success=False

phase=train, time=evening
steps=101
trajectory=[(1, 1), (1, 2), (2, 2), (2, 3), (3, 3), (4, 3), (5, 3), (6, 3), (6, 4), (6, 5), (6, 6), (5, 6), (5, 6), (5, 6), (5, 6), (5, 6), (5, 6), (5, 6), (5, 6), (5, 6), (5, 6), (5, 6), (5, 6), (5, 6), (5, 6), (5, 6), (5, 6), (5, 6), (5, 6), (5, 6), (5, 6), (5, 6), (5, 6), (5, 6), (5, 6), (5, 6), (5, 6), (5, 6), (5, 6), (5, 6), (5, 6), (5, 6), (5, 6), (5, 6), (5, 6), (5, 6), (5, 6), (5, 6), (5, 6), (5, 6), (5, 6), (5, 6), (5, 6), (5, 6), (5, 6), (5, 6), (5, 6), (5, 6), (5, 6), (5, 6), (5, 6), (5, 6), (5, 6), (5, 6), (5, 6), (5, 6), (5, 6), (5, 6), (5, 6), (5, 6), (5, 6), (5, 6), (5, 6), (5, 6), (5, 6), (5, 6), (5, 6), (5, 6), (5, 6), (5, 6), (5, 6), (5, 6), (5, 6), (5, 6), (5, 6), (5, 6), (5, 6), (5, 6), (5, 6), (5, 6), (5, 6), (5, 6), (5, 6), (5, 6), (5, 6), (5, 6), (5, 6), (5, 6), (5, 6), (5, 6), (5, 6), (5, 6)]
success=False

phase=test, time=morning
steps=101
trajectory=[(1, 1), (2, 1), (2, 2), (1, 2), (2, 2), (1, 2), (2, 2), (1, 2), (2, 2), (1, 2), (2, 2), (1, 2), (2, 2), (1, 2), (2, 2), (1, 2), (2, 2), (1, 2), (2, 2), (1, 2), (2, 2), (1, 2), (2, 2), (1, 2), (2, 2), (1, 2), (2, 2), (1, 2), (2, 2), (1, 2), (2, 2), (1, 2), (2, 2), (1, 2), (2, 2), (1, 2), (2, 2), (1, 2), (2, 2), (1, 2), (2, 2), (1, 2), (2, 2), (1, 2), (2, 2), (1, 2), (2, 2), (1, 2), (2, 2), (1, 2), (2, 2), (1, 2), (2, 2), (1, 2), (2, 2), (1, 2), (2, 2), (1, 2), (2, 2), (1, 2), (2, 2), (1, 2), (2, 2), (1, 2), (2, 2), (1, 2), (2, 2), (1, 2), (2, 2), (1, 2), (2, 2), (1, 2), (2, 2), (1, 2), (2, 2), (1, 2), (2, 2), (1, 2), (2, 2), (1, 2), (2, 2), (1, 2), (2, 2), (1, 2), (2, 2), (1, 2), (2, 2), (1, 2), (2, 2), (1, 2), (2, 2), (1, 2), (2, 2), (1, 2), (2, 2), (1, 2), (2, 2), (1, 2), (2, 2), (1, 2), (2, 2), (1, 2)]
success=False

phase=test, time=evening
steps=3
trajectory=[(1, 1), (1, 2), (2, 2), (3, 2)]
success=False

Episode 19100 | mean return    124.8 | success rate  58.0%
Episode 19200 | mean return   -142.3 | success rate  45.0%
Episode 19300 | mean return   -119.6 | success rate  46.0%
Episode 19400 | mean return   -183.9 | success rate  43.0%
Episode 19500 | mean return   -198.2 | success rate  42.0%
Episode 19600 | mean return    125.6 | success rate  58.0%
Episode 19700 | mean return      4.3 | success rate  52.0%
Episode 19800 | mean return   -163.2 | success rate  44.0%
Episode 19900 | mean return    -65.3 | success rate  49.0%
Episode 20000 | mean return    280.7 | success rate  66.0%
phase=train, time=morning
steps=19
trajectory=[(1, 1), (2, 1), (2, 2), (2, 3), (3, 3), (4, 3), (5, 3), (6, 3), (6, 2), (6, 1), (5, 1), (5, 2), (4, 2), (3, 2), (2, 2), (1, 2), (1, 3), (1, 4), (1, 5), (1, 6)]
success=True

phase=train, time=evening
steps=101
trajectory=[(1, 1), (1, 2), (2, 2), (2, 3), (3, 3), (4, 3), (5, 3), (6, 3), (6, 4), (6, 5), (6, 6), (6, 6), (6, 6), (6, 6), (6, 6), (6, 6), (6, 6), (6, 6), (6, 6), (6, 6), (6, 6), (6, 6), (6, 6), (6, 6), (6, 6), (6, 6), (6, 6), (6, 6), (6, 6), (6, 6), (6, 6), (6, 6), (6, 6), (6, 6), (6, 6), (6, 6), (6, 6), (6, 6), (6, 6), (6, 6), (6, 6), (6, 6), (6, 6), (6, 6), (6, 6), (6, 6), (6, 6), (6, 6), (6, 6), (6, 6), (6, 6), (6, 6), (6, 6), (6, 6), (6, 6), (6, 6), (6, 6), (6, 6), (6, 6), (6, 6), (6, 6), (6, 6), (6, 6), (6, 6), (6, 6), (6, 6), (6, 6), (6, 6), (6, 6), (6, 6), (6, 6), (6, 6), (6, 6), (6, 6), (6, 6), (6, 6), (6, 6), (6, 6), (6, 6), (6, 6), (6, 6), (6, 6), (6, 6), (6, 6), (6, 6), (6, 6), (6, 6), (6, 6), (6, 6), (6, 6), (6, 6), (6, 6), (6, 6), (6, 6), (6, 6), (6, 6), (6, 6), (6, 6), (6, 6), (6, 6), (6, 6), (6, 6)]
success=False

phase=test, time=morning
steps=101
trajectory=[(1, 1), (2, 1), (2, 2), (1, 2), (2, 2), (1, 2), (2, 2), (1, 2), (2, 2), (1, 2), (2, 2), (1, 2), (2, 2), (1, 2), (2, 2), (1, 2), (2, 2), (1, 2), (2, 2), (1, 2), (2, 2), (1, 2), (2, 2), (1, 2), (2, 2), (1, 2), (2, 2), (1, 2), (2, 2), (1, 2), (2, 2), (1, 2), (2, 2), (1, 2), (2, 2), (1, 2), (2, 2), (1, 2), (2, 2), (1, 2), (2, 2), (1, 2), (2, 2), (1, 2), (2, 2), (1, 2), (2, 2), (1, 2), (2, 2), (1, 2), (2, 2), (1, 2), (2, 2), (1, 2), (2, 2), (1, 2), (2, 2), (1, 2), (2, 2), (1, 2), (2, 2), (1, 2), (2, 2), (1, 2), (2, 2), (1, 2), (2, 2), (1, 2), (2, 2), (1, 2), (2, 2), (1, 2), (2, 2), (1, 2), (2, 2), (1, 2), (2, 2), (1, 2), (2, 2), (1, 2), (2, 2), (1, 2), (2, 2), (1, 2), (2, 2), (1, 2), (2, 2), (1, 2), (2, 2), (1, 2), (2, 2), (1, 2), (2, 2), (1, 2), (2, 2), (1, 2), (2, 2), (1, 2), (2, 2), (1, 2), (2, 2), (1, 2)]
success=False

phase=test, time=evening
steps=3
trajectory=[(1, 1), (1, 2), (2, 2), (3, 2)]
success=False

Episode 20100 | mean return   -127.0 | success rate  46.0%
Episode 20200 | mean return    -19.9 | success rate  51.0%
Episode 20300 | mean return     36.8 | success rate  55.0%
Episode 20400 | mean return   -389.0 | success rate  33.0%
Episode 20500 | mean return    -85.0 | success rate  48.0%
Episode 20600 | mean return   -120.4 | success rate  46.0%
Episode 20700 | mean return     30.3 | success rate  53.0%
Episode 20800 | mean return     18.2 | success rate  53.0%
Episode 20900 | mean return    183.4 | success rate  61.0%
Episode 21000 | mean return   -126.2 | success rate  46.0%
phase=train, time=morning
steps=19
trajectory=[(1, 1), (2, 1), (2, 2), (2, 3), (3, 3), (4, 3), (5, 3), (6, 3), (6, 2), (6, 1), (5, 1), (5, 2), (4, 2), (3, 2), (2, 2), (2, 3), (2, 4), (2, 5), (2, 6), (1, 6)]
success=True

phase=train, time=evening
steps=23
trajectory=[(1, 1), (1, 2), (2, 2), (2, 3), (3, 3), (4, 3), (5, 3), (6, 3), (6, 4), (6, 5), (6, 6), (5, 6), (5, 5), (5, 4), (5, 3), (5, 2), (4, 2), (3, 2), (2, 2), (2, 3), (2, 4), (2, 5), (1, 5), (1, 6)]
success=True

phase=test, time=morning
steps=101
trajectory=[(1, 1), (2, 1), (2, 2), (2, 3), (2, 4), (3, 4), (4, 4), (5, 4), (6, 4), (6, 3), (6, 2), (6, 1), (5, 1), (5, 2), (6, 2), (6, 1), (5, 1), (5, 2), (6, 2), (6, 1), (5, 1), (5, 2), (6, 2), (6, 1), (5, 1), (5, 2), (6, 2), (6, 1), (5, 1), (5, 2), (6, 2), (6, 1), (5, 1), (5, 2), (6, 2), (6, 1), (5, 1), (5, 2), (6, 2), (6, 1), (5, 1), (5, 2), (6, 2), (6, 1), (5, 1), (5, 2), (6, 2), (6, 1), (5, 1), (5, 2), (6, 2), (6, 1), (5, 1), (5, 2), (6, 2), (6, 1), (5, 1), (5, 2), (6, 2), (6, 1), (5, 1), (5, 2), (6, 2), (6, 1), (5, 1), (5, 2), (6, 2), (6, 1), (5, 1), (5, 2), (6, 2), (6, 1), (5, 1), (5, 2), (6, 2), (6, 1), (5, 1), (5, 2), (6, 2), (6, 1), (5, 1), (5, 2), (6, 2), (6, 1), (5, 1), (5, 2), (6, 2), (6, 1), (5, 1), (5, 2), (6, 2), (6, 1), (5, 1), (5, 2), (6, 2), (6, 1), (5, 1), (5, 2), (6, 2), (6, 1), (5, 1), (5, 2)]
success=False

phase=test, time=evening
steps=21
trajectory=[(1, 1), (1, 2), (2, 2), (2, 3), (2, 4), (3, 4), (4, 4), (5, 4), (6, 4), (6, 5), (6, 6), (5, 6), (5, 5), (5, 4), (5, 3), (4, 3), (3, 3), (2, 3), (2, 4), (2, 5), (1, 5), (1, 6)]
success=True

Episode 21100 | mean return    -94.7 | success rate  47.0%
Episode 21200 | mean return    -25.4 | success rate  51.0%
Episode 21300 | mean return    104.5 | success rate  57.0%
Episode 21400 | mean return   -163.5 | success rate  44.0%
Episode 21500 | mean return    -94.4 | success rate  47.0%
Episode 21600 | mean return   -198.5 | success rate  42.0%
Episode 21700 | mean return   -181.8 | success rate  44.0%
Episode 21800 | mean return    115.9 | success rate  58.0%
Episode 21900 | mean return   -328.3 | success rate  36.0%
Episode 22000 | mean return   -198.2 | success rate  42.0%
phase=train, time=morning
steps=19
trajectory=[(1, 1), (2, 1), (2, 2), (2, 3), (3, 3), (4, 3), (5, 3), (6, 3), (6, 2), (6, 1), (5, 1), (5, 2), (4, 2), (3, 2), (2, 2), (1, 2), (1, 3), (1, 4), (1, 5), (1, 6)]
success=True

phase=train, time=evening
steps=101
trajectory=[(1, 1), (2, 1), (2, 2), (3, 2), (4, 2), (5, 2), (6, 2), (6, 3), (6, 4), (6, 5), (6, 6), (5, 6), (5, 5), (5, 4), (6, 4), (6, 4), (6, 4), (6, 4), (6, 4), (6, 4), (6, 4), (6, 4), (6, 4), (6, 4), (6, 4), (6, 4), (6, 4), (6, 4), (6, 4), (6, 4), (6, 4), (6, 4), (6, 4), (6, 4), (6, 4), (6, 4), (6, 4), (6, 4), (6, 4), (6, 4), (6, 4), (6, 4), (6, 4), (6, 4), (6, 4), (6, 4), (6, 4), (6, 4), (6, 4), (6, 4), (6, 4), (6, 4), (6, 4), (6, 4), (6, 4), (6, 4), (6, 4), (6, 4), (6, 4), (6, 4), (6, 4), (6, 4), (6, 4), (6, 4), (6, 4), (6, 4), (6, 4), (6, 4), (6, 4), (6, 4), (6, 4), (6, 4), (6, 4), (6, 4), (6, 4), (6, 4), (6, 4), (6, 4), (6, 4), (6, 4), (6, 4), (6, 4), (6, 4), (6, 4), (6, 4), (6, 4), (6, 4), (6, 4), (6, 4), (6, 4), (6, 4), (6, 4), (6, 4), (6, 4), (6, 4), (6, 4), (6, 4), (6, 4), (6, 4), (6, 4), (6, 4), (6, 4)]
success=False

phase=test, time=morning
steps=101
trajectory=[(1, 1), (2, 1), (2, 2), (1, 2), (2, 2), (1, 2), (2, 2), (1, 2), (2, 2), (1, 2), (2, 2), (1, 2), (2, 2), (1, 2), (2, 2), (1, 2), (2, 2), (1, 2), (2, 2), (1, 2), (2, 2), (1, 2), (2, 2), (1, 2), (2, 2), (1, 2), (2, 2), (1, 2), (2, 2), (1, 2), (2, 2), (1, 2), (2, 2), (1, 2), (2, 2), (1, 2), (2, 2), (1, 2), (2, 2), (1, 2), (2, 2), (1, 2), (2, 2), (1, 2), (2, 2), (1, 2), (2, 2), (1, 2), (2, 2), (1, 2), (2, 2), (1, 2), (2, 2), (1, 2), (2, 2), (1, 2), (2, 2), (1, 2), (2, 2), (1, 2), (2, 2), (1, 2), (2, 2), (1, 2), (2, 2), (1, 2), (2, 2), (1, 2), (2, 2), (1, 2), (2, 2), (1, 2), (2, 2), (1, 2), (2, 2), (1, 2), (2, 2), (1, 2), (2, 2), (1, 2), (2, 2), (1, 2), (2, 2), (1, 2), (2, 2), (1, 2), (2, 2), (1, 2), (2, 2), (1, 2), (2, 2), (1, 2), (2, 2), (1, 2), (2, 2), (1, 2), (2, 2), (1, 2), (2, 2), (1, 2), (2, 2), (1, 2)]
success=False

phase=test, time=evening
steps=3
trajectory=[(1, 1), (2, 1), (2, 2), (3, 2)]
success=False

Episode 22100 | mean return   -132.1 | success rate  46.0%
Episode 22200 | mean return   -214.3 | success rate  42.0%
Episode 22300 | mean return    -32.4 | success rate  51.0%
Episode 22400 | mean return     -1.5 | success rate  52.0%
Episode 22500 | mean return   -173.8 | success rate  44.0%
Episode 22600 | mean return   -129.8 | success rate  46.0%
Episode 22700 | mean return   -291.9 | success rate  38.0%
Episode 22800 | mean return   -170.1 | success rate  44.0%
Episode 22900 | mean return   -158.7 | success rate  44.0%
Episode 23000 | mean return     13.9 | success rate  53.0%
phase=train, time=morning
steps=101
trajectory=[(1, 1), (1, 2), (2, 2), (2, 3), (3, 3), (4, 3), (5, 3), (6, 3), (6, 2), (6, 3), (6, 2), (6, 3), (6, 2), (6, 3), (6, 2), (6, 3), (6, 2), (6, 3), (6, 2), (6, 3), (6, 2), (6, 3), (6, 2), (6, 3), (6, 2), (6, 3), (6, 2), (6, 3), (6, 2), (6, 3), (6, 2), (6, 3), (6, 2), (6, 3), (6, 2), (6, 3), (6, 2), (6, 3), (6, 2), (6, 3), (6, 2), (6, 3), (6, 2), (6, 3), (6, 2), (6, 3), (6, 2), (6, 3), (6, 2), (6, 3), (6, 2), (6, 3), (6, 2), (6, 3), (6, 2), (6, 3), (6, 2), (6, 3), (6, 2), (6, 3), (6, 2), (6, 3), (6, 2), (6, 3), (6, 2), (6, 3), (6, 2), (6, 3), (6, 2), (6, 3), (6, 2), (6, 3), (6, 2), (6, 3), (6, 2), (6, 3), (6, 2), (6, 3), (6, 2), (6, 3), (6, 2), (6, 3), (6, 2), (6, 3), (6, 2), (6, 3), (6, 2), (6, 3), (6, 2), (6, 3), (6, 2), (6, 3), (6, 2), (6, 3), (6, 2), (6, 3), (6, 2), (6, 3), (6, 2), (6, 3), (6, 2), (6, 3)]
success=False

phase=train, time=evening
steps=23
trajectory=[(1, 1), (1, 2), (2, 2), (2, 3), (3, 3), (4, 3), (5, 3), (6, 3), (6, 4), (6, 5), (6, 6), (5, 6), (5, 5), (5, 4), (5, 3), (5, 2), (4, 2), (3, 2), (2, 2), (2, 3), (2, 4), (2, 5), (1, 5), (1, 6)]
success=True

phase=test, time=morning
steps=101
trajectory=[(1, 1), (1, 2), (2, 2), (1, 2), (2, 2), (1, 2), (2, 2), (1, 2), (2, 2), (1, 2), (2, 2), (1, 2), (2, 2), (1, 2), (2, 2), (1, 2), (2, 2), (1, 2), (2, 2), (1, 2), (2, 2), (1, 2), (2, 2), (1, 2), (2, 2), (1, 2), (2, 2), (1, 2), (2, 2), (1, 2), (2, 2), (1, 2), (2, 2), (1, 2), (2, 2), (1, 2), (2, 2), (1, 2), (2, 2), (1, 2), (2, 2), (1, 2), (2, 2), (1, 2), (2, 2), (1, 2), (2, 2), (1, 2), (2, 2), (1, 2), (2, 2), (1, 2), (2, 2), (1, 2), (2, 2), (1, 2), (2, 2), (1, 2), (2, 2), (1, 2), (2, 2), (1, 2), (2, 2), (1, 2), (2, 2), (1, 2), (2, 2), (1, 2), (2, 2), (1, 2), (2, 2), (1, 2), (2, 2), (1, 2), (2, 2), (1, 2), (2, 2), (1, 2), (2, 2), (1, 2), (2, 2), (1, 2), (2, 2), (1, 2), (2, 2), (1, 2), (2, 2), (1, 2), (2, 2), (1, 2), (2, 2), (1, 2), (2, 2), (1, 2), (2, 2), (1, 2), (2, 2), (1, 2), (2, 2), (1, 2), (2, 2), (1, 2)]
success=False

phase=test, time=evening
steps=3
trajectory=[(1, 1), (1, 2), (2, 2), (3, 2)]
success=False

Episode 23100 | mean return    105.0 | success rate  57.0%
Episode 23200 | mean return    -34.2 | success rate  50.0%
Episode 23300 | mean return    208.2 | success rate  62.0%
Episode 23400 | mean return    -22.0 | success rate  51.0%
Episode 23500 | mean return    -58.0 | success rate  49.0%
Episode 23600 | mean return    -16.3 | success rate  51.0%
Episode 23700 | mean return     44.5 | success rate  54.0%
Episode 23800 | mean return    -19.0 | success rate  51.0%
Episode 23900 | mean return    -97.2 | success rate  47.0%
Episode 24000 | mean return   -242.5 | success rate  40.0%
phase=train, time=morning
steps=101
trajectory=[(1, 1), (2, 1), (2, 2), (2, 3), (3, 3), (4, 3), (5, 3), (6, 3), (6, 2), (6, 1), (5, 1), (5, 2), (4, 2), (3, 2), (2, 2), (1, 2), (1, 3), (1, 4), (1, 5), (1, 4), (1, 5), (1, 4), (1, 5), (1, 4), (1, 5), (1, 4), (1, 5), (1, 4), (1, 5), (1, 4), (1, 5), (1, 4), (1, 5), (1, 4), (1, 5), (1, 4), (1, 5), (1, 4), (1, 5), (1, 4), (1, 5), (1, 4), (1, 5), (1, 4), (1, 5), (1, 4), (1, 5), (1, 4), (1, 5), (1, 4), (1, 5), (1, 4), (1, 5), (1, 4), (1, 5), (1, 4), (1, 5), (1, 4), (1, 5), (1, 4), (1, 5), (1, 4), (1, 5), (1, 4), (1, 5), (1, 4), (1, 5), (1, 4), (1, 5), (1, 4), (1, 5), (1, 4), (1, 5), (1, 4), (1, 5), (1, 4), (1, 5), (1, 4), (1, 5), (1, 4), (1, 5), (1, 4), (1, 5), (1, 4), (1, 5), (1, 4), (1, 5), (1, 4), (1, 5), (1, 4), (1, 5), (1, 4), (1, 5), (1, 4), (1, 5), (1, 4), (1, 5), (1, 4), (1, 5), (1, 4), (1, 5), (1, 4)]
success=False

phase=train, time=evening
steps=101
trajectory=[(1, 1), (1, 2), (2, 2), (2, 3), (3, 3), (4, 3), (5, 3), (6, 3), (6, 4), (6, 5), (6, 6), (5, 6), (5, 5), (5, 4), (5, 3), (5, 2), (4, 2), (3, 2), (2, 2), (1, 2), (1, 3), (1, 4), (1, 5), (1, 4), (1, 5), (1, 4), (1, 5), (1, 4), (1, 5), (1, 4), (1, 5), (1, 4), (1, 5), (1, 4), (1, 5), (1, 4), (1, 5), (1, 4), (1, 5), (1, 4), (1, 5), (1, 4), (1, 5), (1, 4), (1, 5), (1, 4), (1, 5), (1, 4), (1, 5), (1, 4), (1, 5), (1, 4), (1, 5), (1, 4), (1, 5), (1, 4), (1, 5), (1, 4), (1, 5), (1, 4), (1, 5), (1, 4), (1, 5), (1, 4), (1, 5), (1, 4), (1, 5), (1, 4), (1, 5), (1, 4), (1, 5), (1, 4), (1, 5), (1, 4), (1, 5), (1, 4), (1, 5), (1, 4), (1, 5), (1, 4), (1, 5), (1, 4), (1, 5), (1, 4), (1, 5), (1, 4), (1, 5), (1, 4), (1, 5), (1, 4), (1, 5), (1, 4), (1, 5), (1, 4), (1, 5), (1, 4), (1, 5), (1, 4), (1, 5), (1, 4), (1, 5), (1, 4)]
success=False

phase=test, time=morning
steps=101
trajectory=[(1, 1), (2, 1), (2, 2), (1, 2), (2, 2), (1, 2), (2, 2), (1, 2), (2, 2), (1, 2), (2, 2), (1, 2), (2, 2), (1, 2), (2, 2), (1, 2), (2, 2), (1, 2), (2, 2), (1, 2), (2, 2), (1, 2), (2, 2), (1, 2), (2, 2), (1, 2), (2, 2), (1, 2), (2, 2), (1, 2), (2, 2), (1, 2), (2, 2), (1, 2), (2, 2), (1, 2), (2, 2), (1, 2), (2, 2), (1, 2), (2, 2), (1, 2), (2, 2), (1, 2), (2, 2), (1, 2), (2, 2), (1, 2), (2, 2), (1, 2), (2, 2), (1, 2), (2, 2), (1, 2), (2, 2), (1, 2), (2, 2), (1, 2), (2, 2), (1, 2), (2, 2), (1, 2), (2, 2), (1, 2), (2, 2), (1, 2), (2, 2), (1, 2), (2, 2), (1, 2), (2, 2), (1, 2), (2, 2), (1, 2), (2, 2), (1, 2), (2, 2), (1, 2), (2, 2), (1, 2), (2, 2), (1, 2), (2, 2), (1, 2), (2, 2), (1, 2), (2, 2), (1, 2), (2, 2), (1, 2), (2, 2), (1, 2), (2, 2), (1, 2), (2, 2), (1, 2), (2, 2), (1, 2), (2, 2), (1, 2), (2, 2), (1, 2)]
success=False

phase=test, time=evening
steps=101
trajectory=[(1, 1), (1, 2), (2, 2), (1, 2), (2, 2), (1, 2), (2, 2), (1, 2), (2, 2), (1, 2), (2, 2), (1, 2), (2, 2), (1, 2), (2, 2), (1, 2), (2, 2), (1, 2), (2, 2), (1, 2), (2, 2), (1, 2), (2, 2), (1, 2), (2, 2), (1, 2), (2, 2), (1, 2), (2, 2), (1, 2), (2, 2), (1, 2), (2, 2), (1, 2), (2, 2), (1, 2), (2, 2), (1, 2), (2, 2), (1, 2), (2, 2), (1, 2), (2, 2), (1, 2), (2, 2), (1, 2), (2, 2), (1, 2), (2, 2), (1, 2), (2, 2), (1, 2), (2, 2), (1, 2), (2, 2), (1, 2), (2, 2), (1, 2), (2, 2), (1, 2), (2, 2), (1, 2), (2, 2), (1, 2), (2, 2), (1, 2), (2, 2), (1, 2), (2, 2), (1, 2), (2, 2), (1, 2), (2, 2), (1, 2), (2, 2), (1, 2), (2, 2), (1, 2), (2, 2), (1, 2), (2, 2), (1, 2), (2, 2), (1, 2), (2, 2), (1, 2), (2, 2), (1, 2), (2, 2), (1, 2), (2, 2), (1, 2), (2, 2), (1, 2), (2, 2), (1, 2), (2, 2), (1, 2), (2, 2), (1, 2), (2, 2), (1, 2)]
success=False

Episode 24100 | mean return     25.1 | success rate  53.0%
Episode 24200 | mean return   -299.4 | success rate  37.0%
Episode 24300 | mean return   -186.7 | success rate  43.0%
Episode 24400 | mean return   -178.4 | success rate  43.0%
Episode 24500 | mean return     70.4 | success rate  55.0%
Episode 24600 | mean return     38.5 | success rate  54.0%
Episode 24700 | mean return     68.3 | success rate  55.0%
Episode 24800 | mean return    140.8 | success rate  59.0%
Episode 24900 | mean return   -262.2 | success rate  39.0%
Episode 25000 | mean return    128.7 | success rate  58.0%
phase=train, time=morning
steps=19
trajectory=[(1, 1), (2, 1), (2, 2), (2, 3), (3, 3), (4, 3), (5, 3), (6, 3), (6, 2), (6, 1), (5, 1), (5, 2), (4, 2), (3, 2), (2, 2), (2, 3), (2, 4), (2, 5), (2, 6), (1, 6)]
success=True

phase=train, time=evening
steps=23
trajectory=[(1, 1), (1, 2), (2, 2), (2, 3), (3, 3), (4, 3), (5, 3), (6, 3), (6, 4), (6, 5), (6, 6), (5, 6), (5, 5), (5, 4), (5, 3), (5, 2), (4, 2), (3, 2), (2, 2), (1, 2), (1, 3), (1, 4), (1, 5), (1, 6)]
success=True

phase=test, time=morning
steps=101
trajectory=[(1, 1), (2, 1), (2, 2), (1, 2), (2, 2), (1, 2), (2, 2), (1, 2), (2, 2), (1, 2), (2, 2), (1, 2), (2, 2), (1, 2), (2, 2), (1, 2), (2, 2), (1, 2), (2, 2), (1, 2), (2, 2), (1, 2), (2, 2), (1, 2), (2, 2), (1, 2), (2, 2), (1, 2), (2, 2), (1, 2), (2, 2), (1, 2), (2, 2), (1, 2), (2, 2), (1, 2), (2, 2), (1, 2), (2, 2), (1, 2), (2, 2), (1, 2), (2, 2), (1, 2), (2, 2), (1, 2), (2, 2), (1, 2), (2, 2), (1, 2), (2, 2), (1, 2), (2, 2), (1, 2), (2, 2), (1, 2), (2, 2), (1, 2), (2, 2), (1, 2), (2, 2), (1, 2), (2, 2), (1, 2), (2, 2), (1, 2), (2, 2), (1, 2), (2, 2), (1, 2), (2, 2), (1, 2), (2, 2), (1, 2), (2, 2), (1, 2), (2, 2), (1, 2), (2, 2), (1, 2), (2, 2), (1, 2), (2, 2), (1, 2), (2, 2), (1, 2), (2, 2), (1, 2), (2, 2), (1, 2), (2, 2), (1, 2), (2, 2), (1, 2), (2, 2), (1, 2), (2, 2), (1, 2), (2, 2), (1, 2), (2, 2), (1, 2)]
success=False

phase=test, time=evening
steps=3
trajectory=[(1, 1), (1, 2), (2, 2), (3, 2)]
success=False

Episode 25100 | mean return    -84.6 | success rate  48.0%
Episode 25200 | mean return   -300.7 | success rate  37.0%
Episode 25300 | mean return   -224.3 | success rate  41.0%
Episode 25400 | mean return   -142.8 | success rate  45.0%
Episode 25500 | mean return     47.7 | success rate  54.0%
Episode 25600 | mean return   -120.2 | success rate  46.0%
Episode 25700 | mean return   -223.9 | success rate  41.0%
Episode 25800 | mean return     52.1 | success rate  55.0%
Episode 25900 | mean return   -246.4 | success rate  40.0%
Episode 26000 | mean return     -7.5 | success rate  52.0%
phase=train, time=morning
steps=19
trajectory=[(1, 1), (2, 1), (2, 2), (2, 3), (3, 3), (4, 3), (5, 3), (6, 3), (6, 2), (6, 1), (5, 1), (5, 2), (4, 2), (3, 2), (2, 2), (2, 3), (2, 4), (2, 5), (2, 6), (1, 6)]
success=True

phase=train, time=evening
steps=23
trajectory=[(1, 1), (1, 2), (2, 2), (2, 3), (3, 3), (4, 3), (5, 3), (6, 3), (6, 4), (6, 5), (6, 6), (5, 6), (5, 5), (5, 4), (5, 3), (5, 2), (4, 2), (3, 2), (2, 2), (1, 2), (1, 3), (1, 4), (1, 5), (1, 6)]
success=True

phase=test, time=morning
steps=101
trajectory=[(1, 1), (2, 1), (2, 2), (2, 3), (2, 4), (3, 4), (4, 4), (5, 4), (6, 4), (6, 3), (6, 2), (6, 1), (5, 1), (6, 1), (5, 1), (6, 1), (5, 1), (6, 1), (5, 1), (6, 1), (5, 1), (6, 1), (5, 1), (6, 1), (5, 1), (6, 1), (5, 1), (6, 1), (5, 1), (6, 1), (5, 1), (6, 1), (5, 1), (6, 1), (5, 1), (6, 1), (5, 1), (6, 1), (5, 1), (6, 1), (5, 1), (6, 1), (5, 1), (6, 1), (5, 1), (6, 1), (5, 1), (6, 1), (5, 1), (6, 1), (5, 1), (6, 1), (5, 1), (6, 1), (5, 1), (6, 1), (5, 1), (6, 1), (5, 1), (6, 1), (5, 1), (6, 1), (5, 1), (6, 1), (5, 1), (6, 1), (5, 1), (6, 1), (5, 1), (6, 1), (5, 1), (6, 1), (5, 1), (6, 1), (5, 1), (6, 1), (5, 1), (6, 1), (5, 1), (6, 1), (5, 1), (6, 1), (5, 1), (6, 1), (5, 1), (6, 1), (5, 1), (6, 1), (5, 1), (6, 1), (5, 1), (6, 1), (5, 1), (6, 1), (5, 1), (6, 1), (5, 1), (6, 1), (5, 1), (6, 1), (5, 1), (6, 1)]
success=False

phase=test, time=evening
steps=3
trajectory=[(1, 1), (1, 2), (2, 2), (3, 2)]
success=False

Episode 26100 | mean return   -367.4 | success rate  34.0%
Episode 26200 | mean return   -204.3 | success rate  42.0%
Episode 26300 | mean return    182.8 | success rate  61.0%
Episode 26400 | mean return   -180.1 | success rate  43.0%
Episode 26500 | mean return     48.2 | success rate  54.0%
Episode 26600 | mean return    -10.3 | success rate  51.0%
Episode 26700 | mean return   -141.9 | success rate  45.0%
Episode 26800 | mean return     86.3 | success rate  56.0%
Episode 26900 | mean return   -223.4 | success rate  41.0%
Episode 27000 | mean return     72.2 | success rate  55.0%
phase=train, time=morning
steps=19
trajectory=[(1, 1), (2, 1), (2, 2), (2, 3), (3, 3), (4, 3), (5, 3), (6, 3), (6, 2), (6, 1), (5, 1), (5, 2), (4, 2), (3, 2), (2, 2), (2, 3), (2, 4), (2, 5), (2, 6), (1, 6)]
success=True

phase=train, time=evening
steps=101
trajectory=[(1, 1), (1, 2), (2, 2), (2, 3), (3, 3), (4, 3), (5, 3), (6, 3), (6, 4), (6, 5), (6, 6), (5, 6), (5, 5), (5, 4), (5, 3), (5, 4), (5, 3), (5, 4), (5, 3), (5, 4), (5, 3), (5, 4), (5, 3), (5, 4), (5, 3), (5, 4), (5, 3), (5, 4), (5, 3), (5, 4), (5, 3), (5, 4), (5, 3), (5, 4), (5, 3), (5, 4), (5, 3), (5, 4), (5, 3), (5, 4), (5, 3), (5, 4), (5, 3), (5, 4), (5, 3), (5, 4), (5, 3), (5, 4), (5, 3), (5, 4), (5, 3), (5, 4), (5, 3), (5, 4), (5, 3), (5, 4), (5, 3), (5, 4), (5, 3), (5, 4), (5, 3), (5, 4), (5, 3), (5, 4), (5, 3), (5, 4), (5, 3), (5, 4), (5, 3), (5, 4), (5, 3), (5, 4), (5, 3), (5, 4), (5, 3), (5, 4), (5, 3), (5, 4), (5, 3), (5, 4), (5, 3), (5, 4), (5, 3), (5, 4), (5, 3), (5, 4), (5, 3), (5, 4), (5, 3), (5, 4), (5, 3), (5, 4), (5, 3), (5, 4), (5, 3), (5, 4), (5, 3), (5, 4), (5, 3), (5, 4), (5, 3), (5, 4)]
success=False

phase=test, time=morning
steps=21
trajectory=[(1, 1), (2, 1), (2, 2), (2, 3), (2, 4), (3, 4), (4, 4), (5, 4), (6, 4), (6, 3), (6, 2), (6, 1), (5, 1), (5, 2), (5, 3), (4, 3), (3, 3), (2, 3), (2, 4), (2, 5), (2, 6), (1, 6)]
success=True

phase=test, time=evening
steps=101
trajectory=[(1, 1), (1, 2), (2, 2), (2, 3), (2, 4), (3, 4), (4, 4), (5, 4), (6, 4), (6, 5), (6, 6), (5, 6), (5, 5), (5, 4), (5, 5), (5, 4), (5, 5), (5, 4), (5, 5), (5, 4), (5, 5), (5, 4), (5, 5), (5, 4), (5, 5), (5, 4), (5, 5), (5, 4), (5, 5), (5, 4), (5, 5), (5, 4), (5, 5), (5, 4), (5, 5), (5, 4), (5, 5), (5, 4), (5, 5), (5, 4), (5, 5), (5, 4), (5, 5), (5, 4), (5, 5), (5, 4), (5, 5), (5, 4), (5, 5), (5, 4), (5, 5), (5, 4), (5, 5), (5, 4), (5, 5), (5, 4), (5, 5), (5, 4), (5, 5), (5, 4), (5, 5), (5, 4), (5, 5), (5, 4), (5, 5), (5, 4), (5, 5), (5, 4), (5, 5), (5, 4), (5, 5), (5, 4), (5, 5), (5, 4), (5, 5), (5, 4), (5, 5), (5, 4), (5, 5), (5, 4), (5, 5), (5, 4), (5, 5), (5, 4), (5, 5), (5, 4), (5, 5), (5, 4), (5, 5), (5, 4), (5, 5), (5, 4), (5, 5), (5, 4), (5, 5), (5, 4), (5, 5), (5, 4), (5, 5), (5, 4), (5, 5), (5, 4)]
success=False

Episode 27100 | mean return   -179.0 | success rate  43.0%
Episode 27200 | mean return    -75.2 | success rate  48.0%
Episode 27300 | mean return    -37.8 | success rate  50.0%
Episode 27400 | mean return    -34.6 | success rate  50.0%
Episode 27500 | mean return    106.3 | success rate  57.0%
Episode 27600 | mean return   -141.9 | success rate  45.0%
Episode 27700 | mean return     79.8 | success rate  56.0%
Episode 27800 | mean return   -167.0 | success rate  44.0%
Episode 27900 | mean return     39.0 | success rate  54.0%
Episode 28000 | mean return   -119.0 | success rate  46.0%
phase=train, time=morning
steps=19
trajectory=[(1, 1), (2, 1), (2, 2), (2, 3), (3, 3), (4, 3), (5, 3), (6, 3), (6, 2), (6, 1), (5, 1), (5, 2), (4, 2), (3, 2), (2, 2), (2, 3), (2, 4), (2, 5), (2, 6), (1, 6)]
success=True

phase=train, time=evening
steps=23
trajectory=[(1, 1), (1, 2), (2, 2), (2, 3), (3, 3), (4, 3), (5, 3), (6, 3), (6, 4), (6, 5), (6, 6), (5, 6), (5, 5), (5, 4), (5, 3), (5, 2), (4, 2), (3, 2), (2, 2), (2, 3), (2, 4), (2, 5), (1, 5), (1, 6)]
success=True

phase=test, time=morning
steps=21
trajectory=[(1, 1), (2, 1), (2, 2), (2, 3), (2, 4), (3, 4), (4, 4), (5, 4), (6, 4), (6, 3), (6, 2), (6, 1), (5, 1), (5, 2), (5, 3), (4, 3), (3, 3), (2, 3), (2, 4), (2, 5), (2, 6), (1, 6)]
success=True

phase=test, time=evening
steps=3
trajectory=[(1, 1), (1, 2), (2, 2), (3, 2)]
success=False

Episode 28100 | mean return    -80.4 | success rate  48.0%
Episode 28200 | mean return   -202.6 | success rate  43.0%
Episode 28300 | mean return     50.2 | success rate  54.0%
Episode 28400 | mean return   -326.9 | success rate  36.0%
Episode 28500 | mean return     23.6 | success rate  53.0%
Episode 28600 | mean return   -243.2 | success rate  40.0%
Episode 28700 | mean return   -105.9 | success rate  46.0%
Episode 28800 | mean return     45.8 | success rate  55.0%
Episode 28900 | mean return   -130.6 | success rate  45.0%
Episode 29000 | mean return   -222.4 | success rate  41.0%
phase=train, time=morning
steps=19
trajectory=[(1, 1), (2, 1), (2, 2), (2, 3), (3, 3), (4, 3), (5, 3), (6, 3), (6, 2), (6, 1), (5, 1), (5, 2), (4, 2), (3, 2), (2, 2), (2, 3), (2, 4), (2, 5), (2, 6), (1, 6)]
success=True

phase=train, time=evening
steps=101
trajectory=[(1, 1), (2, 1), (2, 2), (3, 2), (4, 2), (5, 2), (6, 2), (6, 3), (6, 4), (6, 5), (6, 6), (6, 5), (6, 4), (6, 3), (6, 2), (6, 1), (6, 2), (6, 1), (6, 2), (6, 1), (6, 2), (6, 1), (6, 2), (6, 1), (6, 2), (6, 1), (6, 2), (6, 1), (6, 2), (6, 1), (6, 2), (6, 1), (6, 2), (6, 1), (6, 2), (6, 1), (6, 2), (6, 1), (6, 2), (6, 1), (6, 2), (6, 1), (6, 2), (6, 1), (6, 2), (6, 1), (6, 2), (6, 1), (6, 2), (6, 1), (6, 2), (6, 1), (6, 2), (6, 1), (6, 2), (6, 1), (6, 2), (6, 1), (6, 2), (6, 1), (6, 2), (6, 1), (6, 2), (6, 1), (6, 2), (6, 1), (6, 2), (6, 1), (6, 2), (6, 1), (6, 2), (6, 1), (6, 2), (6, 1), (6, 2), (6, 1), (6, 2), (6, 1), (6, 2), (6, 1), (6, 2), (6, 1), (6, 2), (6, 1), (6, 2), (6, 1), (6, 2), (6, 1), (6, 2), (6, 1), (6, 2), (6, 1), (6, 2), (6, 1), (6, 2), (6, 1), (6, 2), (6, 1), (6, 2), (6, 1), (6, 2), (6, 1)]
success=False

phase=test, time=morning
steps=101
trajectory=[(1, 1), (2, 1), (2, 2), (2, 3), (2, 4), (3, 4), (4, 4), (5, 4), (6, 4), (6, 3), (6, 2), (6, 1), (5, 1), (6, 1), (5, 1), (6, 1), (5, 1), (6, 1), (5, 1), (6, 1), (5, 1), (6, 1), (5, 1), (6, 1), (5, 1), (6, 1), (5, 1), (6, 1), (5, 1), (6, 1), (5, 1), (6, 1), (5, 1), (6, 1), (5, 1), (6, 1), (5, 1), (6, 1), (5, 1), (6, 1), (5, 1), (6, 1), (5, 1), (6, 1), (5, 1), (6, 1), (5, 1), (6, 1), (5, 1), (6, 1), (5, 1), (6, 1), (5, 1), (6, 1), (5, 1), (6, 1), (5, 1), (6, 1), (5, 1), (6, 1), (5, 1), (6, 1), (5, 1), (6, 1), (5, 1), (6, 1), (5, 1), (6, 1), (5, 1), (6, 1), (5, 1), (6, 1), (5, 1), (6, 1), (5, 1), (6, 1), (5, 1), (6, 1), (5, 1), (6, 1), (5, 1), (6, 1), (5, 1), (6, 1), (5, 1), (6, 1), (5, 1), (6, 1), (5, 1), (6, 1), (5, 1), (6, 1), (5, 1), (6, 1), (5, 1), (6, 1), (5, 1), (6, 1), (5, 1), (6, 1), (5, 1), (6, 1)]
success=False

phase=test, time=evening
steps=3
trajectory=[(1, 1), (2, 1), (2, 2), (3, 2)]
success=False

Episode 29100 | mean return     60.7 | success rate  55.0%
Episode 29200 | mean return   -236.6 | success rate  40.0%
Episode 29300 | mean return    -98.3 | success rate  47.0%
Episode 29400 | mean return      9.8 | success rate  52.0%
Episode 29500 | mean return   -138.7 | success rate  45.0%
Episode 29600 | mean return    -30.5 | success rate  50.0%
Episode 29700 | mean return   -125.8 | success rate  46.0%
Episode 29800 | mean return   -101.3 | success rate  47.0%
Episode 29900 | mean return   -161.8 | success rate  44.0%
Episode 30000 | mean return     85.5 | success rate  56.0%
phase=train, time=morning
steps=19
trajectory=[(1, 1), (2, 1), (2, 2), (2, 3), (3, 3), (4, 3), (5, 3), (6, 3), (6, 2), (6, 1), (5, 1), (5, 2), (4, 2), (3, 2), (2, 2), (2, 3), (2, 4), (2, 5), (2, 6), (1, 6)]
success=True

phase=train, time=evening
steps=101
trajectory=[(1, 1), (1, 2), (2, 2), (2, 3), (3, 3), (4, 3), (5, 3), (6, 3), (6, 4), (6, 5), (6, 6), (5, 6), (5, 5), (5, 4), (5, 3), (5, 2), (5, 3), (5, 2), (5, 3), (5, 2), (5, 3), (5, 2), (5, 3), (5, 2), (5, 3), (5, 2), (5, 3), (5, 2), (5, 3), (5, 2), (5, 3), (5, 2), (5, 3), (5, 2), (5, 3), (5, 2), (5, 3), (5, 2), (5, 3), (5, 2), (5, 3), (5, 2), (5, 3), (5, 2), (5, 3), (5, 2), (5, 3), (5, 2), (5, 3), (5, 2), (5, 3), (5, 2), (5, 3), (5, 2), (5, 3), (5, 2), (5, 3), (5, 2), (5, 3), (5, 2), (5, 3), (5, 2), (5, 3), (5, 2), (5, 3), (5, 2), (5, 3), (5, 2), (5, 3), (5, 2), (5, 3), (5, 2), (5, 3), (5, 2), (5, 3), (5, 2), (5, 3), (5, 2), (5, 3), (5, 2), (5, 3), (5, 2), (5, 3), (5, 2), (5, 3), (5, 2), (5, 3), (5, 2), (5, 3), (5, 2), (5, 3), (5, 2), (5, 3), (5, 2), (5, 3), (5, 2), (5, 3), (5, 2), (5, 3), (5, 2), (5, 3), (5, 2)]
success=False

phase=test, time=morning
steps=21
trajectory=[(1, 1), (2, 1), (2, 2), (2, 3), (2, 4), (3, 4), (4, 4), (5, 4), (6, 4), (6, 3), (6, 2), (6, 1), (5, 1), (5, 2), (5, 3), (4, 3), (3, 3), (2, 3), (2, 4), (2, 5), (2, 6), (1, 6)]
success=True

phase=test, time=evening
steps=101
trajectory=[(1, 1), (1, 2), (2, 2), (2, 3), (2, 4), (3, 4), (4, 4), (5, 4), (6, 4), (6, 5), (6, 6), (5, 6), (5, 5), (5, 4), (5, 3), (5, 4), (5, 3), (5, 4), (5, 3), (5, 4), (5, 3), (5, 4), (5, 3), (5, 4), (5, 3), (5, 4), (5, 3), (5, 4), (5, 3), (5, 4), (5, 3), (5, 4), (5, 3), (5, 4), (5, 3), (5, 4), (5, 3), (5, 4), (5, 3), (5, 4), (5, 3), (5, 4), (5, 3), (5, 4), (5, 3), (5, 4), (5, 3), (5, 4), (5, 3), (5, 4), (5, 3), (5, 4), (5, 3), (5, 4), (5, 3), (5, 4), (5, 3), (5, 4), (5, 3), (5, 4), (5, 3), (5, 4), (5, 3), (5, 4), (5, 3), (5, 4), (5, 3), (5, 4), (5, 3), (5, 4), (5, 3), (5, 4), (5, 3), (5, 4), (5, 3), (5, 4), (5, 3), (5, 4), (5, 3), (5, 4), (5, 3), (5, 4), (5, 3), (5, 4), (5, 3), (5, 4), (5, 3), (5, 4), (5, 3), (5, 4), (5, 3), (5, 4), (5, 3), (5, 4), (5, 3), (5, 4), (5, 3), (5, 4), (5, 3), (5, 4), (5, 3), (5, 4)]
success=False

Episode 30100 | mean return   -202.7 | success rate  42.0%
Episode 30200 | mean return   -222.3 | success rate  41.0%
Episode 30300 | mean return     25.1 | success rate  53.0%
Episode 30400 | mean return    -51.3 | success rate  49.0%
Episode 30500 | mean return    -58.3 | success rate  49.0%
Episode 30600 | mean return   -222.7 | success rate  41.0%
Episode 30700 | mean return    -55.8 | success rate  49.0%
Episode 30800 | mean return    272.1 | success rate  65.0%
Episode 30900 | mean return   -136.3 | success rate  45.0%
Episode 31000 | mean return    154.6 | success rate  59.0%
phase=train, time=morning
steps=19
trajectory=[(1, 1), (2, 1), (2, 2), (2, 3), (3, 3), (4, 3), (5, 3), (6, 3), (6, 2), (6, 1), (5, 1), (5, 2), (4, 2), (3, 2), (2, 2), (1, 2), (1, 3), (1, 4), (1, 5), (1, 6)]
success=True

phase=train, time=evening
steps=23
trajectory=[(1, 1), (1, 2), (2, 2), (2, 3), (3, 3), (4, 3), (5, 3), (6, 3), (6, 4), (6, 5), (6, 6), (5, 6), (5, 5), (5, 4), (5, 3), (5, 2), (4, 2), (3, 2), (2, 2), (1, 2), (1, 3), (1, 4), (1, 5), (1, 6)]
success=True

phase=test, time=morning
steps=101
trajectory=[(1, 1), (2, 1), (2, 2), (1, 2), (2, 2), (1, 2), (2, 2), (1, 2), (2, 2), (1, 2), (2, 2), (1, 2), (2, 2), (1, 2), (2, 2), (1, 2), (2, 2), (1, 2), (2, 2), (1, 2), (2, 2), (1, 2), (2, 2), (1, 2), (2, 2), (1, 2), (2, 2), (1, 2), (2, 2), (1, 2), (2, 2), (1, 2), (2, 2), (1, 2), (2, 2), (1, 2), (2, 2), (1, 2), (2, 2), (1, 2), (2, 2), (1, 2), (2, 2), (1, 2), (2, 2), (1, 2), (2, 2), (1, 2), (2, 2), (1, 2), (2, 2), (1, 2), (2, 2), (1, 2), (2, 2), (1, 2), (2, 2), (1, 2), (2, 2), (1, 2), (2, 2), (1, 2), (2, 2), (1, 2), (2, 2), (1, 2), (2, 2), (1, 2), (2, 2), (1, 2), (2, 2), (1, 2), (2, 2), (1, 2), (2, 2), (1, 2), (2, 2), (1, 2), (2, 2), (1, 2), (2, 2), (1, 2), (2, 2), (1, 2), (2, 2), (1, 2), (2, 2), (1, 2), (2, 2), (1, 2), (2, 2), (1, 2), (2, 2), (1, 2), (2, 2), (1, 2), (2, 2), (1, 2), (2, 2), (1, 2), (2, 2), (1, 2)]
success=False

phase=test, time=evening
steps=3
trajectory=[(1, 1), (1, 2), (2, 2), (3, 2)]
success=False

Episode 31100 | mean return     -1.2 | success rate  52.0%
Episode 31200 | mean return    -76.5 | success rate  48.0%
Episode 31300 | mean return   -391.4 | success rate  33.0%
Episode 31400 | mean return   -119.6 | success rate  46.0%
Episode 31500 | mean return     21.9 | success rate  53.0%
Episode 31600 | mean return   -220.7 | success rate  41.0%
Episode 31700 | mean return     19.4 | success rate  53.0%
Episode 31800 | mean return   -309.9 | success rate  37.0%
Episode 31900 | mean return   -193.7 | success rate  42.0%
Episode 32000 | mean return    -59.6 | success rate  49.0%
phase=train, time=morning
steps=19
trajectory=[(1, 1), (2, 1), (2, 2), (2, 3), (3, 3), (4, 3), (5, 3), (6, 3), (6, 2), (6, 1), (5, 1), (5, 2), (4, 2), (3, 2), (2, 2), (2, 3), (2, 4), (2, 5), (2, 6), (1, 6)]
success=True

phase=train, time=evening
steps=101
trajectory=[(1, 1), (1, 2), (2, 2), (2, 3), (3, 3), (4, 3), (5, 3), (6, 3), (6, 4), (6, 5), (6, 6), (6, 6), (6, 6), (6, 6), (6, 6), (6, 6), (6, 6), (6, 6), (6, 6), (6, 6), (6, 6), (6, 6), (6, 6), (6, 6), (6, 6), (6, 6), (6, 6), (6, 6), (6, 6), (6, 6), (6, 6), (6, 6), (6, 6), (6, 6), (6, 6), (6, 6), (6, 6), (6, 6), (6, 6), (6, 6), (6, 6), (6, 6), (6, 6), (6, 6), (6, 6), (6, 6), (6, 6), (6, 6), (6, 6), (6, 6), (6, 6), (6, 6), (6, 6), (6, 6), (6, 6), (6, 6), (6, 6), (6, 6), (6, 6), (6, 6), (6, 6), (6, 6), (6, 6), (6, 6), (6, 6), (6, 6), (6, 6), (6, 6), (6, 6), (6, 6), (6, 6), (6, 6), (6, 6), (6, 6), (6, 6), (6, 6), (6, 6), (6, 6), (6, 6), (6, 6), (6, 6), (6, 6), (6, 6), (6, 6), (6, 6), (6, 6), (6, 6), (6, 6), (6, 6), (6, 6), (6, 6), (6, 6), (6, 6), (6, 6), (6, 6), (6, 6), (6, 6), (6, 6), (6, 6), (6, 6), (6, 6), (6, 6)]
success=False

phase=test, time=morning
steps=21
trajectory=[(1, 1), (2, 1), (2, 2), (2, 3), (2, 4), (3, 4), (4, 4), (5, 4), (6, 4), (6, 3), (6, 2), (6, 1), (5, 1), (5, 2), (5, 3), (4, 3), (3, 3), (2, 3), (2, 4), (2, 5), (2, 6), (1, 6)]
success=True

phase=test, time=evening
steps=3
trajectory=[(1, 1), (1, 2), (2, 2), (3, 2)]
success=False

Episode 32100 | mean return   -265.1 | success rate  39.0%
Episode 32200 | mean return    -42.4 | success rate  50.0%
Episode 32300 | mean return   -208.2 | success rate  42.0%
Episode 32400 | mean return    -21.5 | success rate  51.0%
Episode 32500 | mean return   -153.8 | success rate  44.0%
Episode 32600 | mean return   -236.4 | success rate  41.0%
Episode 32700 | mean return     43.3 | success rate  54.0%
Episode 32800 | mean return    -95.5 | success rate  47.0%
Episode 32900 | mean return    -84.7 | success rate  48.0%
Episode 33000 | mean return   -124.0 | success rate  46.0%
phase=train, time=morning
steps=19
trajectory=[(1, 1), (2, 1), (2, 2), (2, 3), (3, 3), (4, 3), (5, 3), (6, 3), (6, 2), (6, 1), (5, 1), (5, 2), (4, 2), (3, 2), (2, 2), (2, 3), (2, 4), (2, 5), (2, 6), (1, 6)]
success=True

phase=train, time=evening
steps=23
trajectory=[(1, 1), (1, 2), (2, 2), (2, 3), (3, 3), (4, 3), (5, 3), (6, 3), (6, 4), (6, 5), (6, 6), (5, 6), (5, 5), (5, 4), (5, 3), (5, 2), (4, 2), (3, 2), (2, 2), (2, 3), (2, 4), (2, 5), (1, 5), (1, 6)]
success=True

phase=test, time=morning
steps=101
trajectory=[(1, 1), (2, 1), (2, 2), (1, 2), (2, 2), (1, 2), (2, 2), (1, 2), (2, 2), (1, 2), (2, 2), (1, 2), (2, 2), (1, 2), (2, 2), (1, 2), (2, 2), (1, 2), (2, 2), (1, 2), (2, 2), (1, 2), (2, 2), (1, 2), (2, 2), (1, 2), (2, 2), (1, 2), (2, 2), (1, 2), (2, 2), (1, 2), (2, 2), (1, 2), (2, 2), (1, 2), (2, 2), (1, 2), (2, 2), (1, 2), (2, 2), (1, 2), (2, 2), (1, 2), (2, 2), (1, 2), (2, 2), (1, 2), (2, 2), (1, 2), (2, 2), (1, 2), (2, 2), (1, 2), (2, 2), (1, 2), (2, 2), (1, 2), (2, 2), (1, 2), (2, 2), (1, 2), (2, 2), (1, 2), (2, 2), (1, 2), (2, 2), (1, 2), (2, 2), (1, 2), (2, 2), (1, 2), (2, 2), (1, 2), (2, 2), (1, 2), (2, 2), (1, 2), (2, 2), (1, 2), (2, 2), (1, 2), (2, 2), (1, 2), (2, 2), (1, 2), (2, 2), (1, 2), (2, 2), (1, 2), (2, 2), (1, 2), (2, 2), (1, 2), (2, 2), (1, 2), (2, 2), (1, 2), (2, 2), (1, 2), (2, 2), (1, 2)]
success=False

phase=test, time=evening
steps=21
trajectory=[(1, 1), (1, 2), (2, 2), (2, 3), (2, 4), (3, 4), (4, 4), (5, 4), (6, 4), (6, 5), (6, 6), (5, 6), (5, 5), (5, 4), (5, 3), (4, 3), (3, 3), (2, 3), (2, 4), (2, 5), (1, 5), (1, 6)]
success=True

Episode 33100 | mean return     83.7 | success rate  56.0%
Episode 33200 | mean return    103.1 | success rate  57.0%
Episode 33300 | mean return    -37.4 | success rate  50.0%
Episode 33400 | mean return   -121.4 | success rate  46.0%
Episode 33500 | mean return   -116.4 | success rate  47.0%
Episode 33600 | mean return     -8.3 | success rate  51.0%
Episode 33700 | mean return     25.7 | success rate  53.0%
Episode 33800 | mean return   -167.6 | success rate  44.0%
Episode 33900 | mean return   -267.2 | success rate  39.0%
Episode 34000 | mean return   -169.0 | success rate  44.0%
phase=train, time=morning
steps=19
trajectory=[(1, 1), (2, 1), (2, 2), (2, 3), (3, 3), (4, 3), (5, 3), (6, 3), (6, 2), (6, 1), (5, 1), (5, 2), (4, 2), (3, 2), (2, 2), (2, 3), (2, 4), (2, 5), (2, 6), (1, 6)]
success=True

phase=train, time=evening
steps=23
trajectory=[(1, 1), (1, 2), (2, 2), (2, 3), (3, 3), (4, 3), (5, 3), (6, 3), (6, 4), (6, 5), (6, 6), (5, 6), (5, 5), (5, 4), (5, 3), (5, 2), (4, 2), (3, 2), (2, 2), (1, 2), (1, 3), (1, 4), (1, 5), (1, 6)]
success=True

phase=test, time=morning
steps=101
trajectory=[(1, 1), (2, 1), (2, 2), (2, 3), (2, 4), (3, 4), (4, 4), (5, 4), (6, 4), (6, 3), (6, 2), (6, 1), (5, 1), (5, 2), (5, 1), (5, 2), (5, 1), (5, 2), (5, 1), (5, 2), (5, 1), (5, 2), (5, 1), (5, 2), (5, 1), (5, 2), (5, 1), (5, 2), (5, 1), (5, 2), (5, 1), (5, 2), (5, 1), (5, 2), (5, 1), (5, 2), (5, 1), (5, 2), (5, 1), (5, 2), (5, 1), (5, 2), (5, 1), (5, 2), (5, 1), (5, 2), (5, 1), (5, 2), (5, 1), (5, 2), (5, 1), (5, 2), (5, 1), (5, 2), (5, 1), (5, 2), (5, 1), (5, 2), (5, 1), (5, 2), (5, 1), (5, 2), (5, 1), (5, 2), (5, 1), (5, 2), (5, 1), (5, 2), (5, 1), (5, 2), (5, 1), (5, 2), (5, 1), (5, 2), (5, 1), (5, 2), (5, 1), (5, 2), (5, 1), (5, 2), (5, 1), (5, 2), (5, 1), (5, 2), (5, 1), (5, 2), (5, 1), (5, 2), (5, 1), (5, 2), (5, 1), (5, 2), (5, 1), (5, 2), (5, 1), (5, 2), (5, 1), (5, 2), (5, 1), (5, 2), (5, 1), (5, 2)]
success=False

phase=test, time=evening
steps=21
trajectory=[(1, 1), (1, 2), (2, 2), (2, 3), (2, 4), (3, 4), (4, 4), (5, 4), (6, 4), (6, 5), (6, 6), (5, 6), (5, 5), (5, 4), (5, 3), (4, 3), (3, 3), (2, 3), (1, 3), (1, 4), (1, 5), (1, 6)]
success=True

Episode 34100 | mean return    -17.4 | success rate  51.0%
Episode 34200 | mean return   -247.3 | success rate  40.0%
Episode 34300 | mean return    209.7 | success rate  62.0%
Episode 34400 | mean return   -225.5 | success rate  41.0%
Episode 34500 | mean return    -58.6 | success rate  49.0%
Episode 34600 | mean return   -215.9 | success rate  42.0%
Episode 34700 | mean return    -42.8 | success rate  50.0%
Episode 34800 | mean return   -353.3 | success rate  35.0%
Episode 34900 | mean return   -142.9 | success rate  45.0%
Episode 35000 | mean return   -103.4 | success rate  47.0%
phase=train, time=morning
steps=19
trajectory=[(1, 1), (2, 1), (2, 2), (2, 3), (3, 3), (4, 3), (5, 3), (6, 3), (6, 2), (6, 1), (5, 1), (5, 2), (4, 2), (3, 2), (2, 2), (2, 3), (2, 4), (2, 5), (2, 6), (1, 6)]
success=True

phase=train, time=evening
steps=101
trajectory=[(1, 1), (1, 2), (2, 2), (2, 3), (3, 3), (4, 3), (5, 3), (6, 3), (6, 4), (6, 5), (6, 6), (5, 6), (5, 5), (5, 4), (5, 3), (5, 2), (5, 3), (5, 2), (5, 3), (5, 2), (5, 3), (5, 2), (5, 3), (5, 2), (5, 3), (5, 2), (5, 3), (5, 2), (5, 3), (5, 2), (5, 3), (5, 2), (5, 3), (5, 2), (5, 3), (5, 2), (5, 3), (5, 2), (5, 3), (5, 2), (5, 3), (5, 2), (5, 3), (5, 2), (5, 3), (5, 2), (5, 3), (5, 2), (5, 3), (5, 2), (5, 3), (5, 2), (5, 3), (5, 2), (5, 3), (5, 2), (5, 3), (5, 2), (5, 3), (5, 2), (5, 3), (5, 2), (5, 3), (5, 2), (5, 3), (5, 2), (5, 3), (5, 2), (5, 3), (5, 2), (5, 3), (5, 2), (5, 3), (5, 2), (5, 3), (5, 2), (5, 3), (5, 2), (5, 3), (5, 2), (5, 3), (5, 2), (5, 3), (5, 2), (5, 3), (5, 2), (5, 3), (5, 2), (5, 3), (5, 2), (5, 3), (5, 2), (5, 3), (5, 2), (5, 3), (5, 2), (5, 3), (5, 2), (5, 3), (5, 2), (5, 3), (5, 2)]
success=False

phase=test, time=morning
steps=21
trajectory=[(1, 1), (2, 1), (2, 2), (2, 3), (2, 4), (3, 4), (4, 4), (5, 4), (6, 4), (6, 3), (6, 2), (6, 1), (5, 1), (5, 2), (5, 3), (4, 3), (3, 3), (2, 3), (2, 4), (2, 5), (2, 6), (1, 6)]
success=True

phase=test, time=evening
steps=101
trajectory=[(1, 1), (1, 2), (2, 2), (2, 3), (2, 4), (3, 4), (4, 4), (5, 4), (6, 4), (6, 5), (6, 6), (5, 6), (5, 5), (5, 4), (5, 3), (5, 4), (5, 3), (5, 4), (5, 3), (5, 4), (5, 3), (5, 4), (5, 3), (5, 4), (5, 3), (5, 4), (5, 3), (5, 4), (5, 3), (5, 4), (5, 3), (5, 4), (5, 3), (5, 4), (5, 3), (5, 4), (5, 3), (5, 4), (5, 3), (5, 4), (5, 3), (5, 4), (5, 3), (5, 4), (5, 3), (5, 4), (5, 3), (5, 4), (5, 3), (5, 4), (5, 3), (5, 4), (5, 3), (5, 4), (5, 3), (5, 4), (5, 3), (5, 4), (5, 3), (5, 4), (5, 3), (5, 4), (5, 3), (5, 4), (5, 3), (5, 4), (5, 3), (5, 4), (5, 3), (5, 4), (5, 3), (5, 4), (5, 3), (5, 4), (5, 3), (5, 4), (5, 3), (5, 4), (5, 3), (5, 4), (5, 3), (5, 4), (5, 3), (5, 4), (5, 3), (5, 4), (5, 3), (5, 4), (5, 3), (5, 4), (5, 3), (5, 4), (5, 3), (5, 4), (5, 3), (5, 4), (5, 3), (5, 4), (5, 3), (5, 4), (5, 3), (5, 4)]
success=False

Episode 35100 | mean return     78.4 | success rate  56.0%
Episode 35200 | mean return   -103.2 | success rate  47.0%
Episode 35300 | mean return     28.0 | success rate  53.0%
Episode 35400 | mean return     78.6 | success rate  56.0%
Episode 35500 | mean return   -593.6 | success rate  23.0%
Episode 35600 | mean return      3.8 | success rate  52.0%
Episode 35700 | mean return   -205.6 | success rate  42.0%
Episode 35800 | mean return   -103.8 | success rate  47.0%
Episode 35900 | mean return    -43.5 | success rate  50.0%
Episode 36000 | mean return    116.3 | success rate  58.0%
phase=train, time=morning
steps=19
trajectory=[(1, 1), (2, 1), (2, 2), (2, 3), (3, 3), (4, 3), (5, 3), (6, 3), (6, 2), (6, 1), (5, 1), (5, 2), (4, 2), (3, 2), (2, 2), (2, 3), (2, 4), (2, 5), (2, 6), (1, 6)]
success=True

phase=train, time=evening
steps=23
trajectory=[(1, 1), (1, 2), (2, 2), (2, 3), (3, 3), (4, 3), (5, 3), (6, 3), (6, 4), (6, 5), (6, 6), (5, 6), (5, 5), (5, 4), (5, 3), (5, 2), (4, 2), (3, 2), (2, 2), (2, 3), (2, 4), (2, 5), (1, 5), (1, 6)]
success=True

phase=test, time=morning
steps=101
trajectory=[(1, 1), (2, 1), (2, 2), (1, 2), (2, 2), (1, 2), (2, 2), (1, 2), (2, 2), (1, 2), (2, 2), (1, 2), (2, 2), (1, 2), (2, 2), (1, 2), (2, 2), (1, 2), (2, 2), (1, 2), (2, 2), (1, 2), (2, 2), (1, 2), (2, 2), (1, 2), (2, 2), (1, 2), (2, 2), (1, 2), (2, 2), (1, 2), (2, 2), (1, 2), (2, 2), (1, 2), (2, 2), (1, 2), (2, 2), (1, 2), (2, 2), (1, 2), (2, 2), (1, 2), (2, 2), (1, 2), (2, 2), (1, 2), (2, 2), (1, 2), (2, 2), (1, 2), (2, 2), (1, 2), (2, 2), (1, 2), (2, 2), (1, 2), (2, 2), (1, 2), (2, 2), (1, 2), (2, 2), (1, 2), (2, 2), (1, 2), (2, 2), (1, 2), (2, 2), (1, 2), (2, 2), (1, 2), (2, 2), (1, 2), (2, 2), (1, 2), (2, 2), (1, 2), (2, 2), (1, 2), (2, 2), (1, 2), (2, 2), (1, 2), (2, 2), (1, 2), (2, 2), (1, 2), (2, 2), (1, 2), (2, 2), (1, 2), (2, 2), (1, 2), (2, 2), (1, 2), (2, 2), (1, 2), (2, 2), (1, 2), (2, 2), (1, 2)]
success=False

phase=test, time=evening
steps=3
trajectory=[(1, 1), (1, 2), (2, 2), (3, 2)]
success=False

Episode 36100 | mean return   -179.7 | success rate  43.0%
Episode 36200 | mean return   -218.3 | success rate  41.0%
Episode 36300 | mean return     26.3 | success rate  53.0%
Episode 36400 | mean return    125.8 | success rate  58.0%
Episode 36500 | mean return   -126.5 | success rate  46.0%
Episode 36600 | mean return   -230.1 | success rate  41.0%
Episode 36700 | mean return   -183.7 | success rate  43.0%
Episode 36800 | mean return   -177.6 | success rate  43.0%
Episode 36900 | mean return   -262.2 | success rate  39.0%
Episode 37000 | mean return    -58.1 | success rate  49.0%
phase=train, time=morning
steps=19
trajectory=[(1, 1), (2, 1), (2, 2), (2, 3), (3, 3), (4, 3), (5, 3), (6, 3), (6, 2), (6, 1), (5, 1), (5, 2), (4, 2), (3, 2), (2, 2), (2, 3), (2, 4), (2, 5), (2, 6), (1, 6)]
success=True

phase=train, time=evening
steps=101
trajectory=[(1, 1), (1, 2), (2, 2), (2, 3), (3, 3), (4, 3), (5, 3), (6, 3), (6, 4), (6, 5), (6, 6), (5, 6), (5, 6), (5, 6), (5, 6), (5, 6), (5, 6), (5, 6), (5, 6), (5, 6), (5, 6), (5, 6), (5, 6), (5, 6), (5, 6), (5, 6), (5, 6), (5, 6), (5, 6), (5, 6), (5, 6), (5, 6), (5, 6), (5, 6), (5, 6), (5, 6), (5, 6), (5, 6), (5, 6), (5, 6), (5, 6), (5, 6), (5, 6), (5, 6), (5, 6), (5, 6), (5, 6), (5, 6), (5, 6), (5, 6), (5, 6), (5, 6), (5, 6), (5, 6), (5, 6), (5, 6), (5, 6), (5, 6), (5, 6), (5, 6), (5, 6), (5, 6), (5, 6), (5, 6), (5, 6), (5, 6), (5, 6), (5, 6), (5, 6), (5, 6), (5, 6), (5, 6), (5, 6), (5, 6), (5, 6), (5, 6), (5, 6), (5, 6), (5, 6), (5, 6), (5, 6), (5, 6), (5, 6), (5, 6), (5, 6), (5, 6), (5, 6), (5, 6), (5, 6), (5, 6), (5, 6), (5, 6), (5, 6), (5, 6), (5, 6), (5, 6), (5, 6), (5, 6), (5, 6), (5, 6), (5, 6), (5, 6)]
success=False

phase=test, time=morning
steps=101
trajectory=[(1, 1), (2, 1), (2, 2), (1, 2), (2, 2), (1, 2), (2, 2), (1, 2), (2, 2), (1, 2), (2, 2), (1, 2), (2, 2), (1, 2), (2, 2), (1, 2), (2, 2), (1, 2), (2, 2), (1, 2), (2, 2), (1, 2), (2, 2), (1, 2), (2, 2), (1, 2), (2, 2), (1, 2), (2, 2), (1, 2), (2, 2), (1, 2), (2, 2), (1, 2), (2, 2), (1, 2), (2, 2), (1, 2), (2, 2), (1, 2), (2, 2), (1, 2), (2, 2), (1, 2), (2, 2), (1, 2), (2, 2), (1, 2), (2, 2), (1, 2), (2, 2), (1, 2), (2, 2), (1, 2), (2, 2), (1, 2), (2, 2), (1, 2), (2, 2), (1, 2), (2, 2), (1, 2), (2, 2), (1, 2), (2, 2), (1, 2), (2, 2), (1, 2), (2, 2), (1, 2), (2, 2), (1, 2), (2, 2), (1, 2), (2, 2), (1, 2), (2, 2), (1, 2), (2, 2), (1, 2), (2, 2), (1, 2), (2, 2), (1, 2), (2, 2), (1, 2), (2, 2), (1, 2), (2, 2), (1, 2), (2, 2), (1, 2), (2, 2), (1, 2), (2, 2), (1, 2), (2, 2), (1, 2), (2, 2), (1, 2), (2, 2), (1, 2)]
success=False

phase=test, time=evening
steps=101
trajectory=[(1, 1), (1, 2), (2, 2), (2, 3), (2, 4), (3, 4), (4, 4), (5, 4), (6, 4), (6, 5), (6, 6), (5, 6), (5, 6), (5, 6), (5, 6), (5, 6), (5, 6), (5, 6), (5, 6), (5, 6), (5, 6), (5, 6), (5, 6), (5, 6), (5, 6), (5, 6), (5, 6), (5, 6), (5, 6), (5, 6), (5, 6), (5, 6), (5, 6), (5, 6), (5, 6), (5, 6), (5, 6), (5, 6), (5, 6), (5, 6), (5, 6), (5, 6), (5, 6), (5, 6), (5, 6), (5, 6), (5, 6), (5, 6), (5, 6), (5, 6), (5, 6), (5, 6), (5, 6), (5, 6), (5, 6), (5, 6), (5, 6), (5, 6), (5, 6), (5, 6), (5, 6), (5, 6), (5, 6), (5, 6), (5, 6), (5, 6), (5, 6), (5, 6), (5, 6), (5, 6), (5, 6), (5, 6), (5, 6), (5, 6), (5, 6), (5, 6), (5, 6), (5, 6), (5, 6), (5, 6), (5, 6), (5, 6), (5, 6), (5, 6), (5, 6), (5, 6), (5, 6), (5, 6), (5, 6), (5, 6), (5, 6), (5, 6), (5, 6), (5, 6), (5, 6), (5, 6), (5, 6), (5, 6), (5, 6), (5, 6), (5, 6), (5, 6)]
success=False

Episode 37100 | mean return   -143.5 | success rate  45.0%
Episode 37200 | mean return    286.3 | success rate  66.0%
Episode 37300 | mean return   -158.3 | success rate  44.0%
Episode 37400 | mean return    -21.8 | success rate  51.0%
Episode 37500 | mean return   -280.2 | success rate  38.0%
Episode 37600 | mean return    100.5 | success rate  57.0%
Episode 37700 | mean return    -26.1 | success rate  51.0%
Episode 37800 | mean return     39.9 | success rate  54.0%
Episode 37900 | mean return   -190.0 | success rate  44.0%
Episode 38000 | mean return   -332.7 | success rate  36.0%
phase=train, time=morning
steps=19
trajectory=[(1, 1), (2, 1), (2, 2), (2, 3), (3, 3), (4, 3), (5, 3), (6, 3), (6, 2), (6, 1), (5, 1), (5, 2), (4, 2), (3, 2), (2, 2), (2, 3), (2, 4), (2, 5), (2, 6), (1, 6)]
success=True

phase=train, time=evening
steps=101
trajectory=[(1, 1), (1, 2), (2, 2), (2, 3), (3, 3), (4, 3), (5, 3), (6, 3), (6, 4), (6, 5), (6, 6), (6, 5), (6, 4), (6, 3), (6, 2), (6, 1), (6, 2), (6, 1), (6, 2), (6, 1), (6, 2), (6, 1), (6, 2), (6, 1), (6, 2), (6, 1), (6, 2), (6, 1), (6, 2), (6, 1), (6, 2), (6, 1), (6, 2), (6, 1), (6, 2), (6, 1), (6, 2), (6, 1), (6, 2), (6, 1), (6, 2), (6, 1), (6, 2), (6, 1), (6, 2), (6, 1), (6, 2), (6, 1), (6, 2), (6, 1), (6, 2), (6, 1), (6, 2), (6, 1), (6, 2), (6, 1), (6, 2), (6, 1), (6, 2), (6, 1), (6, 2), (6, 1), (6, 2), (6, 1), (6, 2), (6, 1), (6, 2), (6, 1), (6, 2), (6, 1), (6, 2), (6, 1), (6, 2), (6, 1), (6, 2), (6, 1), (6, 2), (6, 1), (6, 2), (6, 1), (6, 2), (6, 1), (6, 2), (6, 1), (6, 2), (6, 1), (6, 2), (6, 1), (6, 2), (6, 1), (6, 2), (6, 1), (6, 2), (6, 1), (6, 2), (6, 1), (6, 2), (6, 1), (6, 2), (6, 1), (6, 2), (6, 1)]
success=False

phase=test, time=morning
steps=101
trajectory=[(1, 1), (2, 1), (2, 2), (2, 3), (2, 4), (3, 4), (4, 4), (5, 4), (6, 4), (6, 3), (6, 2), (6, 1), (5, 1), (6, 1), (5, 1), (6, 1), (5, 1), (6, 1), (5, 1), (6, 1), (5, 1), (6, 1), (5, 1), (6, 1), (5, 1), (6, 1), (5, 1), (6, 1), (5, 1), (6, 1), (5, 1), (6, 1), (5, 1), (6, 1), (5, 1), (6, 1), (5, 1), (6, 1), (5, 1), (6, 1), (5, 1), (6, 1), (5, 1), (6, 1), (5, 1), (6, 1), (5, 1), (6, 1), (5, 1), (6, 1), (5, 1), (6, 1), (5, 1), (6, 1), (5, 1), (6, 1), (5, 1), (6, 1), (5, 1), (6, 1), (5, 1), (6, 1), (5, 1), (6, 1), (5, 1), (6, 1), (5, 1), (6, 1), (5, 1), (6, 1), (5, 1), (6, 1), (5, 1), (6, 1), (5, 1), (6, 1), (5, 1), (6, 1), (5, 1), (6, 1), (5, 1), (6, 1), (5, 1), (6, 1), (5, 1), (6, 1), (5, 1), (6, 1), (5, 1), (6, 1), (5, 1), (6, 1), (5, 1), (6, 1), (5, 1), (6, 1), (5, 1), (6, 1), (5, 1), (6, 1), (5, 1), (6, 1)]
success=False

phase=test, time=evening
steps=101
trajectory=[(1, 1), (1, 2), (2, 2), (2, 3), (2, 4), (3, 4), (4, 4), (5, 4), (6, 4), (6, 5), (6, 6), (6, 5), (6, 4), (6, 3), (6, 2), (6, 1), (6, 2), (6, 1), (6, 2), (6, 1), (6, 2), (6, 1), (6, 2), (6, 1), (6, 2), (6, 1), (6, 2), (6, 1), (6, 2), (6, 1), (6, 2), (6, 1), (6, 2), (6, 1), (6, 2), (6, 1), (6, 2), (6, 1), (6, 2), (6, 1), (6, 2), (6, 1), (6, 2), (6, 1), (6, 2), (6, 1), (6, 2), (6, 1), (6, 2), (6, 1), (6, 2), (6, 1), (6, 2), (6, 1), (6, 2), (6, 1), (6, 2), (6, 1), (6, 2), (6, 1), (6, 2), (6, 1), (6, 2), (6, 1), (6, 2), (6, 1), (6, 2), (6, 1), (6, 2), (6, 1), (6, 2), (6, 1), (6, 2), (6, 1), (6, 2), (6, 1), (6, 2), (6, 1), (6, 2), (6, 1), (6, 2), (6, 1), (6, 2), (6, 1), (6, 2), (6, 1), (6, 2), (6, 1), (6, 2), (6, 1), (6, 2), (6, 1), (6, 2), (6, 1), (6, 2), (6, 1), (6, 2), (6, 1), (6, 2), (6, 1), (6, 2), (6, 1)]
success=False

Episode 38100 | mean return   -203.0 | success rate  42.0%
Episode 38200 | mean return     95.2 | success rate  57.0%
Episode 38300 | mean return   -115.8 | success rate  47.0%
Episode 38400 | mean return   -102.3 | success rate  47.0%
Episode 38500 | mean return   -279.0 | success rate  39.0%
Episode 38600 | mean return   -203.4 | success rate  42.0%
Episode 38700 | mean return   -121.7 | success rate  46.0%
Episode 38800 | mean return    -35.9 | success rate  50.0%
Episode 38900 | mean return    -80.0 | success rate  48.0%
Episode 39000 | mean return     63.9 | success rate  55.0%
phase=train, time=morning
steps=19
trajectory=[(1, 1), (2, 1), (2, 2), (2, 3), (3, 3), (4, 3), (5, 3), (6, 3), (6, 2), (6, 1), (5, 1), (5, 2), (4, 2), (3, 2), (2, 2), (2, 3), (2, 4), (2, 5), (2, 6), (1, 6)]
success=True

phase=train, time=evening
steps=101
trajectory=[(1, 1), (1, 2), (2, 2), (2, 3), (3, 3), (4, 3), (5, 3), (6, 3), (6, 4), (6, 5), (6, 6), (5, 6), (5, 6), (5, 6), (5, 6), (5, 6), (5, 6), (5, 6), (5, 6), (5, 6), (5, 6), (5, 6), (5, 6), (5, 6), (5, 6), (5, 6), (5, 6), (5, 6), (5, 6), (5, 6), (5, 6), (5, 6), (5, 6), (5, 6), (5, 6), (5, 6), (5, 6), (5, 6), (5, 6), (5, 6), (5, 6), (5, 6), (5, 6), (5, 6), (5, 6), (5, 6), (5, 6), (5, 6), (5, 6), (5, 6), (5, 6), (5, 6), (5, 6), (5, 6), (5, 6), (5, 6), (5, 6), (5, 6), (5, 6), (5, 6), (5, 6), (5, 6), (5, 6), (5, 6), (5, 6), (5, 6), (5, 6), (5, 6), (5, 6), (5, 6), (5, 6), (5, 6), (5, 6), (5, 6), (5, 6), (5, 6), (5, 6), (5, 6), (5, 6), (5, 6), (5, 6), (5, 6), (5, 6), (5, 6), (5, 6), (5, 6), (5, 6), (5, 6), (5, 6), (5, 6), (5, 6), (5, 6), (5, 6), (5, 6), (5, 6), (5, 6), (5, 6), (5, 6), (5, 6), (5, 6), (5, 6), (5, 6)]
success=False

phase=test, time=morning
steps=101
trajectory=[(1, 1), (2, 1), (2, 2), (2, 3), (2, 4), (3, 4), (4, 4), (5, 4), (6, 4), (6, 3), (6, 2), (6, 1), (5, 1), (5, 2), (6, 2), (5, 2), (6, 2), (5, 2), (6, 2), (5, 2), (6, 2), (5, 2), (6, 2), (5, 2), (6, 2), (5, 2), (6, 2), (5, 2), (6, 2), (5, 2), (6, 2), (5, 2), (6, 2), (5, 2), (6, 2), (5, 2), (6, 2), (5, 2), (6, 2), (5, 2), (6, 2), (5, 2), (6, 2), (5, 2), (6, 2), (5, 2), (6, 2), (5, 2), (6, 2), (5, 2), (6, 2), (5, 2), (6, 2), (5, 2), (6, 2), (5, 2), (6, 2), (5, 2), (6, 2), (5, 2), (6, 2), (5, 2), (6, 2), (5, 2), (6, 2), (5, 2), (6, 2), (5, 2), (6, 2), (5, 2), (6, 2), (5, 2), (6, 2), (5, 2), (6, 2), (5, 2), (6, 2), (5, 2), (6, 2), (5, 2), (6, 2), (5, 2), (6, 2), (5, 2), (6, 2), (5, 2), (6, 2), (5, 2), (6, 2), (5, 2), (6, 2), (5, 2), (6, 2), (5, 2), (6, 2), (5, 2), (6, 2), (5, 2), (6, 2), (5, 2), (6, 2), (5, 2)]
success=False

phase=test, time=evening
steps=3
trajectory=[(1, 1), (1, 2), (2, 2), (3, 2)]
success=False

Episode 39100 | mean return   -226.2 | success rate  41.0%
Episode 39200 | mean return   -124.6 | success rate  46.0%
Episode 39300 | mean return    -24.7 | success rate  51.0%
Episode 39400 | mean return   -101.7 | success rate  47.0%
No existing weights found. Training from scratch.
Episode   100 | mean return  -1017.3 | success rate   0.0%
Episode   200 | mean return  -1017.1 | success rate   0.0%
Episode   300 | mean return  -1018.8 | success rate   0.0%
Episode   400 | mean return  -1021.2 | success rate   0.0%
Episode   500 | mean return  -1017.6 | success rate   0.0%
Episode   600 | mean return  -1022.4 | success rate   0.0%
Episode   700 | mean return  -1023.0 | success rate   0.0%
Episode   800 | mean return  -1025.0 | success rate   0.0%
Episode   900 | mean return  -1024.3 | success rate   0.0%
Episode  1000 | mean return  -1026.2 | success rate   0.0%
phase=train, time=morning
steps=101
trajectory=[(1, 1), (1, 2), (1, 3), (1, 4), (1, 5), (1, 6), (1, 6), (1, 6), (1, 6), (1, 6), (1, 6), (1, 6), (1, 6), (1, 6), (1, 6), (1, 6), (1, 6), (1, 6), (1, 6), (1, 6), (1, 6), (1, 6), (1, 6), (1, 6), (1, 6), (1, 6), (1, 6), (1, 6), (1, 6), (1, 6), (1, 6), (1, 6), (1, 6), (1, 6), (1, 6), (1, 6), (1, 6), (1, 6), (1, 6), (1, 6), (1, 6), (1, 6), (1, 6), (1, 6), (1, 6), (1, 6), (1, 6), (1, 6), (1, 6), (1, 6), (1, 6), (1, 6), (1, 6), (1, 6), (1, 6), (1, 6), (1, 6), (1, 6), (1, 6), (1, 6), (1, 6), (1, 6), (1, 6), (1, 6), (1, 6), (1, 6), (1, 6), (1, 6), (1, 6), (1, 6), (1, 6), (1, 6), (1, 6), (1, 6), (1, 6), (1, 6), (1, 6), (1, 6), (1, 6), (1, 6), (1, 6), (1, 6), (1, 6), (1, 6), (1, 6), (1, 6), (1, 6), (1, 6), (1, 6), (1, 6), (1, 6), (1, 6), (1, 6), (1, 6), (1, 6), (1, 6), (1, 6), (1, 6), (1, 6), (1, 6), (1, 6), (1, 6)]
success=False

phase=train, time=evening
steps=7
trajectory=[(1, 1), (1, 2), (1, 3), (1, 4), (1, 5), (1, 6), (2, 6), (3, 6)]
success=False

phase=test, time=morning
steps=101
trajectory=[(1, 1), (1, 2), (1, 3), (1, 4), (1, 5), (1, 6), (1, 6), (1, 6), (1, 6), (1, 6), (1, 6), (1, 6), (1, 6), (1, 6), (1, 6), (1, 6), (1, 6), (1, 6), (1, 6), (1, 6), (1, 6), (1, 6), (1, 6), (1, 6), (1, 6), (1, 6), (1, 6), (1, 6), (1, 6), (1, 6), (1, 6), (1, 6), (1, 6), (1, 6), (1, 6), (1, 6), (1, 6), (1, 6), (1, 6), (1, 6), (1, 6), (1, 6), (1, 6), (1, 6), (1, 6), (1, 6), (1, 6), (1, 6), (1, 6), (1, 6), (1, 6), (1, 6), (1, 6), (1, 6), (1, 6), (1, 6), (1, 6), (1, 6), (1, 6), (1, 6), (1, 6), (1, 6), (1, 6), (1, 6), (1, 6), (1, 6), (1, 6), (1, 6), (1, 6), (1, 6), (1, 6), (1, 6), (1, 6), (1, 6), (1, 6), (1, 6), (1, 6), (1, 6), (1, 6), (1, 6), (1, 6), (1, 6), (1, 6), (1, 6), (1, 6), (1, 6), (1, 6), (1, 6), (1, 6), (1, 6), (1, 6), (1, 6), (1, 6), (1, 6), (1, 6), (1, 6), (1, 6), (1, 6), (1, 6), (1, 6), (1, 6), (1, 6)]
success=False

phase=test, time=evening
steps=7
trajectory=[(1, 1), (1, 2), (1, 3), (1, 4), (1, 5), (1, 6), (2, 6), (3, 6)]
success=False

Episode  1100 | mean return  -1030.3 | success rate   0.0%
Episode  1200 | mean return  -1028.1 | success rate   0.0%
Episode  1300 | mean return  -1033.7 | success rate   0.0%
Episode  1400 | mean return  -1017.0 | success rate   1.0%
Episode  1500 | mean return  -1028.7 | success rate   1.0%
Episode  1600 | mean return  -1049.1 | success rate   0.0%
Episode  1700 | mean return  -1014.4 | success rate   2.0%
Episode  1800 | mean return   -985.9 | success rate   4.0%
Episode  1900 | mean return   -916.9 | success rate   8.0%
Episode  2000 | mean return   -861.8 | success rate  11.0%
phase=train, time=morning
steps=101
trajectory=[(1, 1), (1, 2), (1, 3), (1, 4), (1, 5), (2, 5), (2, 4), (2, 5), (2, 4), (2, 5), (2, 4), (2, 5), (2, 4), (2, 5), (2, 4), (2, 5), (2, 4), (2, 5), (2, 4), (2, 5), (2, 4), (2, 5), (2, 4), (2, 5), (2, 4), (2, 5), (2, 4), (2, 5), (2, 4), (2, 5), (2, 4), (2, 5), (2, 4), (2, 5), (2, 4), (2, 5), (2, 4), (2, 5), (2, 4), (2, 5), (2, 4), (2, 5), (2, 4), (2, 5), (2, 4), (2, 5), (2, 4), (2, 5), (2, 4), (2, 5), (2, 4), (2, 5), (2, 4), (2, 5), (2, 4), (2, 5), (2, 4), (2, 5), (2, 4), (2, 5), (2, 4), (2, 5), (2, 4), (2, 5), (2, 4), (2, 5), (2, 4), (2, 5), (2, 4), (2, 5), (2, 4), (2, 5), (2, 4), (2, 5), (2, 4), (2, 5), (2, 4), (2, 5), (2, 4), (2, 5), (2, 4), (2, 5), (2, 4), (2, 5), (2, 4), (2, 5), (2, 4), (2, 5), (2, 4), (2, 5), (2, 4), (2, 5), (2, 4), (2, 5), (2, 4), (2, 5), (2, 4), (2, 5), (2, 4), (2, 5), (2, 4), (2, 5)]
success=False

phase=train, time=evening
steps=101
trajectory=[(1, 1), (1, 2), (1, 3), (1, 4), (1, 5), (1, 6), (2, 6), (2, 6), (2, 6), (2, 6), (2, 6), (2, 6), (2, 6), (2, 6), (2, 6), (2, 6), (2, 6), (2, 6), (2, 6), (2, 6), (2, 6), (2, 6), (2, 6), (2, 6), (2, 6), (2, 6), (2, 6), (2, 6), (2, 6), (2, 6), (2, 6), (2, 6), (2, 6), (2, 6), (2, 6), (2, 6), (2, 6), (2, 6), (2, 6), (2, 6), (2, 6), (2, 6), (2, 6), (2, 6), (2, 6), (2, 6), (2, 6), (2, 6), (2, 6), (2, 6), (2, 6), (2, 6), (2, 6), (2, 6), (2, 6), (2, 6), (2, 6), (2, 6), (2, 6), (2, 6), (2, 6), (2, 6), (2, 6), (2, 6), (2, 6), (2, 6), (2, 6), (2, 6), (2, 6), (2, 6), (2, 6), (2, 6), (2, 6), (2, 6), (2, 6), (2, 6), (2, 6), (2, 6), (2, 6), (2, 6), (2, 6), (2, 6), (2, 6), (2, 6), (2, 6), (2, 6), (2, 6), (2, 6), (2, 6), (2, 6), (2, 6), (2, 6), (2, 6), (2, 6), (2, 6), (2, 6), (2, 6), (2, 6), (2, 6), (2, 6), (2, 6), (2, 6)]
success=False

phase=test, time=morning
steps=6
trajectory=[(1, 1), (1, 2), (1, 3), (1, 4), (1, 5), (2, 5), (3, 5)]
success=False

phase=test, time=evening
steps=101
trajectory=[(1, 1), (1, 2), (1, 3), (1, 4), (1, 5), (1, 6), (2, 6), (2, 6), (2, 6), (2, 6), (2, 6), (2, 6), (2, 6), (2, 6), (2, 6), (2, 6), (2, 6), (2, 6), (2, 6), (2, 6), (2, 6), (2, 6), (2, 6), (2, 6), (2, 6), (2, 6), (2, 6), (2, 6), (2, 6), (2, 6), (2, 6), (2, 6), (2, 6), (2, 6), (2, 6), (2, 6), (2, 6), (2, 6), (2, 6), (2, 6), (2, 6), (2, 6), (2, 6), (2, 6), (2, 6), (2, 6), (2, 6), (2, 6), (2, 6), (2, 6), (2, 6), (2, 6), (2, 6), (2, 6), (2, 6), (2, 6), (2, 6), (2, 6), (2, 6), (2, 6), (2, 6), (2, 6), (2, 6), (2, 6), (2, 6), (2, 6), (2, 6), (2, 6), (2, 6), (2, 6), (2, 6), (2, 6), (2, 6), (2, 6), (2, 6), (2, 6), (2, 6), (2, 6), (2, 6), (2, 6), (2, 6), (2, 6), (2, 6), (2, 6), (2, 6), (2, 6), (2, 6), (2, 6), (2, 6), (2, 6), (2, 6), (2, 6), (2, 6), (2, 6), (2, 6), (2, 6), (2, 6), (2, 6), (2, 6), (2, 6), (2, 6), (2, 6)]
success=False

Episode  2100 | mean return  -1034.0 | success rate   3.0%
Episode  2200 | mean return   -907.0 | success rate   9.0%
Episode  2300 | mean return   -764.9 | success rate  16.0%
Episode  2400 | mean return   -822.9 | success rate  13.0%
Episode  2500 | mean return   -951.3 | success rate   7.0%
Episode  2600 | mean return   -854.6 | success rate  13.0%
Episode  2700 | mean return   -817.1 | success rate  14.0%
Episode  2800 | mean return   -863.8 | success rate  11.0%
Episode  2900 | mean return   -702.1 | success rate  19.0%
Episode  3000 | mean return   -653.6 | success rate  21.0%
phase=train, time=morning
steps=101
trajectory=[(1, 1), (1, 2), (1, 3), (1, 4), (1, 5), (1, 6), (2, 6), (2, 5), (2, 4), (2, 3), (3, 3), (4, 3), (5, 3), (5, 2), (6, 2), (6, 1), (6, 2), (5, 2), (6, 2), (5, 2), (6, 2), (5, 2), (6, 2), (5, 2), (6, 2), (5, 2), (6, 2), (5, 2), (6, 2), (5, 2), (6, 2), (5, 2), (6, 2), (5, 2), (6, 2), (5, 2), (6, 2), (5, 2), (6, 2), (5, 2), (6, 2), (5, 2), (6, 2), (5, 2), (6, 2), (5, 2), (6, 2), (5, 2), (6, 2), (5, 2), (6, 2), (5, 2), (6, 2), (5, 2), (6, 2), (5, 2), (6, 2), (5, 2), (6, 2), (5, 2), (6, 2), (5, 2), (6, 2), (5, 2), (6, 2), (5, 2), (6, 2), (5, 2), (6, 2), (5, 2), (6, 2), (5, 2), (6, 2), (5, 2), (6, 2), (5, 2), (6, 2), (5, 2), (6, 2), (5, 2), (6, 2), (5, 2), (6, 2), (5, 2), (6, 2), (5, 2), (6, 2), (5, 2), (6, 2), (5, 2), (6, 2), (5, 2), (6, 2), (5, 2), (6, 2), (5, 2), (6, 2), (5, 2), (6, 2), (5, 2), (6, 2), (5, 2)]
success=False

phase=train, time=evening
steps=101
trajectory=[(1, 1), (1, 2), (1, 3), (1, 4), (1, 5), (1, 6), (2, 6), (2, 5), (2, 4), (2, 3), (3, 3), (4, 3), (5, 3), (5, 2), (5, 1), (6, 1), (6, 2), (6, 3), (6, 4), (6, 5), (6, 6), (6, 5), (6, 4), (6, 3), (6, 2), (6, 1), (6, 2), (6, 1), (6, 2), (6, 1), (6, 2), (6, 1), (6, 2), (6, 1), (6, 2), (6, 1), (6, 2), (6, 1), (6, 2), (6, 1), (6, 2), (6, 1), (6, 2), (6, 1), (6, 2), (6, 1), (6, 2), (6, 1), (6, 2), (6, 1), (6, 2), (6, 1), (6, 2), (6, 1), (6, 2), (6, 1), (6, 2), (6, 1), (6, 2), (6, 1), (6, 2), (6, 1), (6, 2), (6, 1), (6, 2), (6, 1), (6, 2), (6, 1), (6, 2), (6, 1), (6, 2), (6, 1), (6, 2), (6, 1), (6, 2), (6, 1), (6, 2), (6, 1), (6, 2), (6, 1), (6, 2), (6, 1), (6, 2), (6, 1), (6, 2), (6, 1), (6, 2), (6, 1), (6, 2), (6, 1), (6, 2), (6, 1), (6, 2), (6, 1), (6, 2), (6, 1), (6, 2), (6, 1), (6, 2), (6, 1), (6, 2), (6, 1)]
success=False

phase=test, time=morning
steps=101
trajectory=[(1, 1), (1, 2), (1, 3), (1, 4), (1, 5), (1, 6), (2, 6), (2, 5), (2, 4), (3, 4), (4, 4), (5, 4), (5, 3), (6, 3), (6, 2), (6, 1), (6, 2), (5, 2), (5, 3), (6, 3), (5, 3), (6, 3), (5, 3), (6, 3), (5, 3), (6, 3), (5, 3), (6, 3), (5, 3), (6, 3), (5, 3), (6, 3), (5, 3), (6, 3), (5, 3), (6, 3), (5, 3), (6, 3), (5, 3), (6, 3), (5, 3), (6, 3), (5, 3), (6, 3), (5, 3), (6, 3), (5, 3), (6, 3), (5, 3), (6, 3), (5, 3), (6, 3), (5, 3), (6, 3), (5, 3), (6, 3), (5, 3), (6, 3), (5, 3), (6, 3), (5, 3), (6, 3), (5, 3), (6, 3), (5, 3), (6, 3), (5, 3), (6, 3), (5, 3), (6, 3), (5, 3), (6, 3), (5, 3), (6, 3), (5, 3), (6, 3), (5, 3), (6, 3), (5, 3), (6, 3), (5, 3), (6, 3), (5, 3), (6, 3), (5, 3), (6, 3), (5, 3), (6, 3), (5, 3), (6, 3), (5, 3), (6, 3), (5, 3), (6, 3), (5, 3), (6, 3), (5, 3), (6, 3), (5, 3), (6, 3), (5, 3), (6, 3)]
success=False

phase=test, time=evening
steps=101
trajectory=[(1, 1), (1, 2), (1, 3), (1, 4), (1, 5), (1, 6), (2, 6), (2, 5), (2, 4), (3, 4), (4, 4), (5, 4), (5, 3), (5, 2), (6, 2), (6, 3), (6, 4), (6, 5), (6, 6), (6, 5), (6, 4), (6, 3), (6, 2), (6, 1), (6, 2), (6, 1), (6, 2), (6, 1), (6, 2), (6, 1), (6, 2), (6, 1), (6, 2), (6, 1), (6, 2), (6, 1), (6, 2), (6, 1), (6, 2), (6, 1), (6, 2), (6, 1), (6, 2), (6, 1), (6, 2), (6, 1), (6, 2), (6, 1), (6, 2), (6, 1), (6, 2), (6, 1), (6, 2), (6, 1), (6, 2), (6, 1), (6, 2), (6, 1), (6, 2), (6, 1), (6, 2), (6, 1), (6, 2), (6, 1), (6, 2), (6, 1), (6, 2), (6, 1), (6, 2), (6, 1), (6, 2), (6, 1), (6, 2), (6, 1), (6, 2), (6, 1), (6, 2), (6, 1), (6, 2), (6, 1), (6, 2), (6, 1), (6, 2), (6, 1), (6, 2), (6, 1), (6, 2), (6, 1), (6, 2), (6, 1), (6, 2), (6, 1), (6, 2), (6, 1), (6, 2), (6, 1), (6, 2), (6, 1), (6, 2), (6, 1), (6, 2), (6, 1)]
success=False

Episode  3100 | mean return   -619.8 | success rate  23.0%
Episode  3200 | mean return   -619.4 | success rate  23.0%
Episode  3300 | mean return   -827.6 | success rate  14.0%
Episode  3400 | mean return   -852.9 | success rate  12.0%
Episode  3500 | mean return   -728.2 | success rate  18.0%
Episode  3600 | mean return   -759.9 | success rate  16.0%
Episode  3700 | mean return   -582.5 | success rate  24.0%
Episode  3800 | mean return   -608.5 | success rate  23.0%
Episode  3900 | mean return   -676.2 | success rate  20.0%
Episode  4000 | mean return   -837.9 | success rate  12.0%
phase=train, time=morning
steps=101
trajectory=[(1, 1), (2, 1), (2, 2), (2, 3), (3, 3), (4, 3), (5, 3), (6, 3), (5, 3), (6, 3), (5, 3), (6, 3), (5, 3), (6, 3), (5, 3), (6, 3), (5, 3), (6, 3), (5, 3), (6, 3), (5, 3), (6, 3), (5, 3), (6, 3), (5, 3), (6, 3), (5, 3), (6, 3), (5, 3), (6, 3), (5, 3), (6, 3), (5, 3), (6, 3), (5, 3), (6, 3), (5, 3), (6, 3), (5, 3), (6, 3), (5, 3), (6, 3), (5, 3), (6, 3), (5, 3), (6, 3), (5, 3), (6, 3), (5, 3), (6, 3), (5, 3), (6, 3), (5, 3), (6, 3), (5, 3), (6, 3), (5, 3), (6, 3), (5, 3), (6, 3), (5, 3), (6, 3), (5, 3), (6, 3), (5, 3), (6, 3), (5, 3), (6, 3), (5, 3), (6, 3), (5, 3), (6, 3), (5, 3), (6, 3), (5, 3), (6, 3), (5, 3), (6, 3), (5, 3), (6, 3), (5, 3), (6, 3), (5, 3), (6, 3), (5, 3), (6, 3), (5, 3), (6, 3), (5, 3), (6, 3), (5, 3), (6, 3), (5, 3), (6, 3), (5, 3), (6, 3), (5, 3), (6, 3), (5, 3), (6, 3), (5, 3), (6, 3)]
success=False

phase=train, time=evening
steps=101
trajectory=[(1, 1), (2, 1), (2, 2), (3, 2), (4, 2), (5, 2), (6, 2), (6, 3), (6, 4), (6, 5), (6, 6), (5, 6), (5, 6), (5, 6), (5, 6), (5, 6), (5, 6), (5, 6), (5, 6), (5, 6), (5, 6), (5, 6), (5, 6), (5, 6), (5, 6), (5, 6), (5, 6), (5, 6), (5, 6), (5, 6), (5, 6), (5, 6), (5, 6), (5, 6), (5, 6), (5, 6), (5, 6), (5, 6), (5, 6), (5, 6), (5, 6), (5, 6), (5, 6), (5, 6), (5, 6), (5, 6), (5, 6), (5, 6), (5, 6), (5, 6), (5, 6), (5, 6), (5, 6), (5, 6), (5, 6), (5, 6), (5, 6), (5, 6), (5, 6), (5, 6), (5, 6), (5, 6), (5, 6), (5, 6), (5, 6), (5, 6), (5, 6), (5, 6), (5, 6), (5, 6), (5, 6), (5, 6), (5, 6), (5, 6), (5, 6), (5, 6), (5, 6), (5, 6), (5, 6), (5, 6), (5, 6), (5, 6), (5, 6), (5, 6), (5, 6), (5, 6), (5, 6), (5, 6), (5, 6), (5, 6), (5, 6), (5, 6), (5, 6), (5, 6), (5, 6), (5, 6), (5, 6), (5, 6), (5, 6), (5, 6), (5, 6), (5, 6)]
success=False

phase=test, time=morning
steps=101
trajectory=[(1, 1), (2, 1), (2, 2), (2, 3), (2, 4), (3, 4), (4, 4), (5, 4), (6, 4), (5, 4), (6, 4), (5, 4), (6, 4), (5, 4), (6, 4), (5, 4), (6, 4), (5, 4), (6, 4), (5, 4), (6, 4), (5, 4), (6, 4), (5, 4), (6, 4), (5, 4), (6, 4), (5, 4), (6, 4), (5, 4), (6, 4), (5, 4), (6, 4), (5, 4), (6, 4), (5, 4), (6, 4), (5, 4), (6, 4), (5, 4), (6, 4), (5, 4), (6, 4), (5, 4), (6, 4), (5, 4), (6, 4), (5, 4), (6, 4), (5, 4), (6, 4), (5, 4), (6, 4), (5, 4), (6, 4), (5, 4), (6, 4), (5, 4), (6, 4), (5, 4), (6, 4), (5, 4), (6, 4), (5, 4), (6, 4), (5, 4), (6, 4), (5, 4), (6, 4), (5, 4), (6, 4), (5, 4), (6, 4), (5, 4), (6, 4), (5, 4), (6, 4), (5, 4), (6, 4), (5, 4), (6, 4), (5, 4), (6, 4), (5, 4), (6, 4), (5, 4), (6, 4), (5, 4), (6, 4), (5, 4), (6, 4), (5, 4), (6, 4), (5, 4), (6, 4), (5, 4), (6, 4), (5, 4), (6, 4), (5, 4), (6, 4), (5, 4)]
success=False

phase=test, time=evening
steps=101
trajectory=[(1, 1), (2, 1), (2, 2), (1, 2), (2, 2), (1, 2), (2, 2), (1, 2), (2, 2), (1, 2), (2, 2), (1, 2), (2, 2), (1, 2), (2, 2), (1, 2), (2, 2), (1, 2), (2, 2), (1, 2), (2, 2), (1, 2), (2, 2), (1, 2), (2, 2), (1, 2), (2, 2), (1, 2), (2, 2), (1, 2), (2, 2), (1, 2), (2, 2), (1, 2), (2, 2), (1, 2), (2, 2), (1, 2), (2, 2), (1, 2), (2, 2), (1, 2), (2, 2), (1, 2), (2, 2), (1, 2), (2, 2), (1, 2), (2, 2), (1, 2), (2, 2), (1, 2), (2, 2), (1, 2), (2, 2), (1, 2), (2, 2), (1, 2), (2, 2), (1, 2), (2, 2), (1, 2), (2, 2), (1, 2), (2, 2), (1, 2), (2, 2), (1, 2), (2, 2), (1, 2), (2, 2), (1, 2), (2, 2), (1, 2), (2, 2), (1, 2), (2, 2), (1, 2), (2, 2), (1, 2), (2, 2), (1, 2), (2, 2), (1, 2), (2, 2), (1, 2), (2, 2), (1, 2), (2, 2), (1, 2), (2, 2), (1, 2), (2, 2), (1, 2), (2, 2), (1, 2), (2, 2), (1, 2), (2, 2), (1, 2), (2, 2), (1, 2)]
success=False

Episode  4100 | mean return   -839.1 | success rate  12.0%
Episode  4200 | mean return   -807.2 | success rate  14.0%
Episode  4300 | mean return   -568.1 | success rate  25.0%
Episode  4400 | mean return   -845.7 | success rate  12.0%
Episode  4500 | mean return   -698.5 | success rate  19.0%
Episode  4600 | mean return   -528.9 | success rate  27.0%
Episode  4700 | mean return   -675.1 | success rate  20.0%
Episode  4800 | mean return   -901.9 | success rate   9.0%
Episode  4900 | mean return   -574.3 | success rate  25.0%
Episode  5000 | mean return   -690.2 | success rate  19.0%
phase=train, time=morning
steps=19
trajectory=[(1, 1), (2, 1), (2, 2), (2, 3), (3, 3), (4, 3), (5, 3), (5, 2), (6, 2), (6, 1), (6, 2), (5, 2), (4, 2), (3, 2), (2, 2), (2, 3), (2, 4), (2, 5), (1, 5), (1, 6)]
success=True

phase=train, time=evening
steps=23
trajectory=[(1, 1), (2, 1), (2, 2), (3, 2), (4, 2), (5, 2), (5, 1), (6, 1), (6, 2), (6, 3), (6, 4), (6, 5), (6, 6), (5, 6), (5, 5), (5, 4), (5, 3), (4, 3), (3, 3), (2, 3), (1, 3), (1, 4), (1, 5), (1, 6)]
success=True

phase=test, time=morning
steps=14
trajectory=[(1, 1), (2, 1), (2, 2), (2, 3), (2, 4), (3, 4), (4, 4), (5, 4), (5, 3), (4, 3), (3, 3), (2, 3), (2, 4), (2, 5), (3, 5)]
success=False

phase=test, time=evening
steps=2
trajectory=[(1, 1), (2, 1), (3, 1)]
success=False

Episode  5100 | mean return   -522.9 | success rate  27.0%
Episode  5200 | mean return   -487.0 | success rate  29.0%
Episode  5300 | mean return   -672.3 | success rate  20.0%
Episode  5400 | mean return   -646.4 | success rate  21.0%
Episode  5500 | mean return   -486.0 | success rate  29.0%
Episode  5600 | mean return   -408.4 | success rate  33.0%
Episode  5700 | mean return   -490.4 | success rate  29.0%
Episode  5800 | mean return   -586.8 | success rate  24.0%
Episode  5900 | mean return   -672.1 | success rate  20.0%
Episode  6000 | mean return   -493.7 | success rate  29.0%
phase=train, time=morning
steps=19
trajectory=[(1, 1), (1, 2), (2, 2), (2, 3), (3, 3), (4, 3), (5, 3), (5, 2), (6, 2), (6, 1), (6, 2), (5, 2), (4, 2), (3, 2), (2, 2), (2, 3), (2, 4), (2, 5), (1, 5), (1, 6)]
success=True

phase=train, time=evening
steps=101
trajectory=[(1, 1), (2, 1), (2, 2), (2, 3), (3, 3), (4, 3), (5, 3), (5, 2), (5, 1), (6, 1), (6, 2), (6, 3), (6, 4), (6, 5), (6, 4), (6, 5), (6, 4), (6, 5), (6, 4), (6, 5), (6, 4), (6, 5), (6, 4), (6, 5), (6, 4), (6, 5), (6, 4), (6, 5), (6, 4), (6, 5), (6, 4), (6, 5), (6, 4), (6, 5), (6, 4), (6, 5), (6, 4), (6, 5), (6, 4), (6, 5), (6, 4), (6, 5), (6, 4), (6, 5), (6, 4), (6, 5), (6, 4), (6, 5), (6, 4), (6, 5), (6, 4), (6, 5), (6, 4), (6, 5), (6, 4), (6, 5), (6, 4), (6, 5), (6, 4), (6, 5), (6, 4), (6, 5), (6, 4), (6, 5), (6, 4), (6, 5), (6, 4), (6, 5), (6, 4), (6, 5), (6, 4), (6, 5), (6, 4), (6, 5), (6, 4), (6, 5), (6, 4), (6, 5), (6, 4), (6, 5), (6, 4), (6, 5), (6, 4), (6, 5), (6, 4), (6, 5), (6, 4), (6, 5), (6, 4), (6, 5), (6, 4), (6, 5), (6, 4), (6, 5), (6, 4), (6, 5), (6, 4), (6, 5), (6, 4), (6, 5), (6, 4), (6, 5)]
success=False

phase=test, time=morning
steps=101
trajectory=[(1, 1), (1, 2), (2, 2), (2, 3), (2, 4), (3, 4), (4, 4), (5, 4), (5, 3), (4, 3), (3, 3), (2, 3), (2, 4), (2, 5), (2, 4), (2, 5), (2, 4), (2, 5), (2, 4), (2, 5), (2, 4), (2, 5), (2, 4), (2, 5), (2, 4), (2, 5), (2, 4), (2, 5), (2, 4), (2, 5), (2, 4), (2, 5), (2, 4), (2, 5), (2, 4), (2, 5), (2, 4), (2, 5), (2, 4), (2, 5), (2, 4), (2, 5), (2, 4), (2, 5), (2, 4), (2, 5), (2, 4), (2, 5), (2, 4), (2, 5), (2, 4), (2, 5), (2, 4), (2, 5), (2, 4), (2, 5), (2, 4), (2, 5), (2, 4), (2, 5), (2, 4), (2, 5), (2, 4), (2, 5), (2, 4), (2, 5), (2, 4), (2, 5), (2, 4), (2, 5), (2, 4), (2, 5), (2, 4), (2, 5), (2, 4), (2, 5), (2, 4), (2, 5), (2, 4), (2, 5), (2, 4), (2, 5), (2, 4), (2, 5), (2, 4), (2, 5), (2, 4), (2, 5), (2, 4), (2, 5), (2, 4), (2, 5), (2, 4), (2, 5), (2, 4), (2, 5), (2, 4), (2, 5), (2, 4), (2, 5), (2, 4), (2, 5)]
success=False

phase=test, time=evening
steps=101
trajectory=[(1, 1), (2, 1), (2, 2), (2, 3), (2, 4), (3, 4), (4, 4), (5, 4), (5, 3), (5, 2), (5, 1), (6, 1), (6, 2), (6, 3), (6, 4), (6, 5), (6, 4), (6, 5), (6, 4), (6, 5), (6, 4), (6, 5), (6, 4), (6, 5), (6, 4), (6, 5), (6, 4), (6, 5), (6, 4), (6, 5), (6, 4), (6, 5), (6, 4), (6, 5), (6, 4), (6, 5), (6, 4), (6, 5), (6, 4), (6, 5), (6, 4), (6, 5), (6, 4), (6, 5), (6, 4), (6, 5), (6, 4), (6, 5), (6, 4), (6, 5), (6, 4), (6, 5), (6, 4), (6, 5), (6, 4), (6, 5), (6, 4), (6, 5), (6, 4), (6, 5), (6, 4), (6, 5), (6, 4), (6, 5), (6, 4), (6, 5), (6, 4), (6, 5), (6, 4), (6, 5), (6, 4), (6, 5), (6, 4), (6, 5), (6, 4), (6, 5), (6, 4), (6, 5), (6, 4), (6, 5), (6, 4), (6, 5), (6, 4), (6, 5), (6, 4), (6, 5), (6, 4), (6, 5), (6, 4), (6, 5), (6, 4), (6, 5), (6, 4), (6, 5), (6, 4), (6, 5), (6, 4), (6, 5), (6, 4), (6, 5), (6, 4), (6, 5)]
success=False

Episode  6100 | mean return   -757.4 | success rate  16.0%
Episode  6200 | mean return   -502.1 | success rate  28.0%
Episode  6300 | mean return   -553.9 | success rate  26.0%
Episode  6400 | mean return   -652.1 | success rate  21.0%
Episode  6500 | mean return   -466.9 | success rate  30.0%
Episode  6600 | mean return   -432.2 | success rate  32.0%
Episode  6700 | mean return   -692.3 | success rate  19.0%
Episode  6800 | mean return   -704.9 | success rate  18.0%
Episode  6900 | mean return   -654.0 | success rate  21.0%
Episode  7000 | mean return   -689.4 | success rate  19.0%
phase=train, time=morning
steps=101
trajectory=[(1, 1), (1, 2), (1, 3), (1, 4), (1, 5), (1, 6), (1, 6), (1, 6), (1, 6), (1, 6), (1, 6), (1, 6), (1, 6), (1, 6), (1, 6), (1, 6), (1, 6), (1, 6), (1, 6), (1, 6), (1, 6), (1, 6), (1, 6), (1, 6), (1, 6), (1, 6), (1, 6), (1, 6), (1, 6), (1, 6), (1, 6), (1, 6), (1, 6), (1, 6), (1, 6), (1, 6), (1, 6), (1, 6), (1, 6), (1, 6), (1, 6), (1, 6), (1, 6), (1, 6), (1, 6), (1, 6), (1, 6), (1, 6), (1, 6), (1, 6), (1, 6), (1, 6), (1, 6), (1, 6), (1, 6), (1, 6), (1, 6), (1, 6), (1, 6), (1, 6), (1, 6), (1, 6), (1, 6), (1, 6), (1, 6), (1, 6), (1, 6), (1, 6), (1, 6), (1, 6), (1, 6), (1, 6), (1, 6), (1, 6), (1, 6), (1, 6), (1, 6), (1, 6), (1, 6), (1, 6), (1, 6), (1, 6), (1, 6), (1, 6), (1, 6), (1, 6), (1, 6), (1, 6), (1, 6), (1, 6), (1, 6), (1, 6), (1, 6), (1, 6), (1, 6), (1, 6), (1, 6), (1, 6), (1, 6), (1, 6), (1, 6), (1, 6)]
success=False

phase=train, time=evening
steps=101
trajectory=[(1, 1), (2, 1), (2, 2), (2, 3), (3, 3), (4, 3), (5, 3), (5, 4), (5, 3), (5, 4), (5, 3), (5, 4), (5, 3), (5, 4), (5, 3), (5, 4), (5, 3), (5, 4), (5, 3), (5, 4), (5, 3), (5, 4), (5, 3), (5, 4), (5, 3), (5, 4), (5, 3), (5, 4), (5, 3), (5, 4), (5, 3), (5, 4), (5, 3), (5, 4), (5, 3), (5, 4), (5, 3), (5, 4), (5, 3), (5, 4), (5, 3), (5, 4), (5, 3), (5, 4), (5, 3), (5, 4), (5, 3), (5, 4), (5, 3), (5, 4), (5, 3), (5, 4), (5, 3), (5, 4), (5, 3), (5, 4), (5, 3), (5, 4), (5, 3), (5, 4), (5, 3), (5, 4), (5, 3), (5, 4), (5, 3), (5, 4), (5, 3), (5, 4), (5, 3), (5, 4), (5, 3), (5, 4), (5, 3), (5, 4), (5, 3), (5, 4), (5, 3), (5, 4), (5, 3), (5, 4), (5, 3), (5, 4), (5, 3), (5, 4), (5, 3), (5, 4), (5, 3), (5, 4), (5, 3), (5, 4), (5, 3), (5, 4), (5, 3), (5, 4), (5, 3), (5, 4), (5, 3), (5, 4), (5, 3), (5, 4), (5, 3), (5, 4)]
success=False

phase=test, time=morning
steps=101
trajectory=[(1, 1), (1, 2), (1, 3), (1, 4), (1, 5), (1, 6), (1, 6), (1, 6), (1, 6), (1, 6), (1, 6), (1, 6), (1, 6), (1, 6), (1, 6), (1, 6), (1, 6), (1, 6), (1, 6), (1, 6), (1, 6), (1, 6), (1, 6), (1, 6), (1, 6), (1, 6), (1, 6), (1, 6), (1, 6), (1, 6), (1, 6), (1, 6), (1, 6), (1, 6), (1, 6), (1, 6), (1, 6), (1, 6), (1, 6), (1, 6), (1, 6), (1, 6), (1, 6), (1, 6), (1, 6), (1, 6), (1, 6), (1, 6), (1, 6), (1, 6), (1, 6), (1, 6), (1, 6), (1, 6), (1, 6), (1, 6), (1, 6), (1, 6), (1, 6), (1, 6), (1, 6), (1, 6), (1, 6), (1, 6), (1, 6), (1, 6), (1, 6), (1, 6), (1, 6), (1, 6), (1, 6), (1, 6), (1, 6), (1, 6), (1, 6), (1, 6), (1, 6), (1, 6), (1, 6), (1, 6), (1, 6), (1, 6), (1, 6), (1, 6), (1, 6), (1, 6), (1, 6), (1, 6), (1, 6), (1, 6), (1, 6), (1, 6), (1, 6), (1, 6), (1, 6), (1, 6), (1, 6), (1, 6), (1, 6), (1, 6), (1, 6), (1, 6)]
success=False

phase=test, time=evening
steps=101
trajectory=[(1, 1), (2, 1), (2, 2), (2, 3), (2, 4), (3, 4), (4, 4), (5, 4), (5, 5), (5, 4), (5, 5), (5, 4), (5, 5), (5, 4), (5, 5), (5, 4), (5, 5), (5, 4), (5, 5), (5, 4), (5, 5), (5, 4), (5, 5), (5, 4), (5, 5), (5, 4), (5, 5), (5, 4), (5, 5), (5, 4), (5, 5), (5, 4), (5, 5), (5, 4), (5, 5), (5, 4), (5, 5), (5, 4), (5, 5), (5, 4), (5, 5), (5, 4), (5, 5), (5, 4), (5, 5), (5, 4), (5, 5), (5, 4), (5, 5), (5, 4), (5, 5), (5, 4), (5, 5), (5, 4), (5, 5), (5, 4), (5, 5), (5, 4), (5, 5), (5, 4), (5, 5), (5, 4), (5, 5), (5, 4), (5, 5), (5, 4), (5, 5), (5, 4), (5, 5), (5, 4), (5, 5), (5, 4), (5, 5), (5, 4), (5, 5), (5, 4), (5, 5), (5, 4), (5, 5), (5, 4), (5, 5), (5, 4), (5, 5), (5, 4), (5, 5), (5, 4), (5, 5), (5, 4), (5, 5), (5, 4), (5, 5), (5, 4), (5, 5), (5, 4), (5, 5), (5, 4), (5, 5), (5, 4), (5, 5), (5, 4), (5, 5), (5, 4)]
success=False

Episode  7100 | mean return   -734.6 | success rate  17.0%
Episode  7200 | mean return   -621.0 | success rate  22.0%
Episode  7300 | mean return   -897.1 | success rate   9.0%
Episode  7400 | mean return   -772.3 | success rate  15.0%
Episode  7500 | mean return   -635.7 | success rate  22.0%
Episode  7600 | mean return   -545.6 | success rate  26.0%
Episode  7700 | mean return   -720.1 | success rate  18.0%
Episode  7800 | mean return   -738.3 | success rate  17.0%
Episode  7900 | mean return   -741.5 | success rate  17.0%
Episode  8000 | mean return   -654.5 | success rate  21.0%
phase=train, time=morning
steps=19
trajectory=[(1, 1), (2, 1), (2, 2), (2, 3), (3, 3), (4, 3), (5, 3), (5, 2), (6, 2), (6, 1), (6, 2), (5, 2), (4, 2), (3, 2), (2, 2), (2, 3), (2, 4), (2, 5), (1, 5), (1, 6)]
success=True

phase=train, time=evening
steps=101
trajectory=[(1, 1), (2, 1), (2, 2), (2, 3), (3, 3), (4, 3), (5, 3), (5, 2), (5, 1), (6, 1), (6, 2), (6, 3), (6, 4), (6, 5), (6, 6), (6, 6), (6, 6), (6, 6), (6, 6), (6, 6), (6, 6), (6, 6), (6, 6), (6, 6), (6, 6), (6, 6), (6, 6), (6, 6), (6, 6), (6, 6), (6, 6), (6, 6), (6, 6), (6, 6), (6, 6), (6, 6), (6, 6), (6, 6), (6, 6), (6, 6), (6, 6), (6, 6), (6, 6), (6, 6), (6, 6), (6, 6), (6, 6), (6, 6), (6, 6), (6, 6), (6, 6), (6, 6), (6, 6), (6, 6), (6, 6), (6, 6), (6, 6), (6, 6), (6, 6), (6, 6), (6, 6), (6, 6), (6, 6), (6, 6), (6, 6), (6, 6), (6, 6), (6, 6), (6, 6), (6, 6), (6, 6), (6, 6), (6, 6), (6, 6), (6, 6), (6, 6), (6, 6), (6, 6), (6, 6), (6, 6), (6, 6), (6, 6), (6, 6), (6, 6), (6, 6), (6, 6), (6, 6), (6, 6), (6, 6), (6, 6), (6, 6), (6, 6), (6, 6), (6, 6), (6, 6), (6, 6), (6, 6), (6, 6), (6, 6), (6, 6), (6, 6), (6, 6)]
success=False

phase=test, time=morning
steps=101
trajectory=[(1, 1), (2, 1), (2, 2), (2, 3), (2, 4), (3, 4), (4, 4), (5, 4), (5, 3), (6, 3), (5, 3), (6, 3), (5, 3), (6, 3), (5, 3), (6, 3), (5, 3), (6, 3), (5, 3), (6, 3), (5, 3), (6, 3), (5, 3), (6, 3), (5, 3), (6, 3), (5, 3), (6, 3), (5, 3), (6, 3), (5, 3), (6, 3), (5, 3), (6, 3), (5, 3), (6, 3), (5, 3), (6, 3), (5, 3), (6, 3), (5, 3), (6, 3), (5, 3), (6, 3), (5, 3), (6, 3), (5, 3), (6, 3), (5, 3), (6, 3), (5, 3), (6, 3), (5, 3), (6, 3), (5, 3), (6, 3), (5, 3), (6, 3), (5, 3), (6, 3), (5, 3), (6, 3), (5, 3), (6, 3), (5, 3), (6, 3), (5, 3), (6, 3), (5, 3), (6, 3), (5, 3), (6, 3), (5, 3), (6, 3), (5, 3), (6, 3), (5, 3), (6, 3), (5, 3), (6, 3), (5, 3), (6, 3), (5, 3), (6, 3), (5, 3), (6, 3), (5, 3), (6, 3), (5, 3), (6, 3), (5, 3), (6, 3), (5, 3), (6, 3), (5, 3), (6, 3), (5, 3), (6, 3), (5, 3), (6, 3), (5, 3), (6, 3)]
success=False

phase=test, time=evening
steps=101
trajectory=[(1, 1), (2, 1), (2, 2), (2, 3), (2, 4), (3, 4), (4, 4), (5, 4), (5, 3), (5, 2), (5, 1), (6, 1), (6, 2), (6, 3), (6, 4), (6, 5), (6, 6), (6, 6), (6, 6), (6, 6), (6, 6), (6, 6), (6, 6), (6, 6), (6, 6), (6, 6), (6, 6), (6, 6), (6, 6), (6, 6), (6, 6), (6, 6), (6, 6), (6, 6), (6, 6), (6, 6), (6, 6), (6, 6), (6, 6), (6, 6), (6, 6), (6, 6), (6, 6), (6, 6), (6, 6), (6, 6), (6, 6), (6, 6), (6, 6), (6, 6), (6, 6), (6, 6), (6, 6), (6, 6), (6, 6), (6, 6), (6, 6), (6, 6), (6, 6), (6, 6), (6, 6), (6, 6), (6, 6), (6, 6), (6, 6), (6, 6), (6, 6), (6, 6), (6, 6), (6, 6), (6, 6), (6, 6), (6, 6), (6, 6), (6, 6), (6, 6), (6, 6), (6, 6), (6, 6), (6, 6), (6, 6), (6, 6), (6, 6), (6, 6), (6, 6), (6, 6), (6, 6), (6, 6), (6, 6), (6, 6), (6, 6), (6, 6), (6, 6), (6, 6), (6, 6), (6, 6), (6, 6), (6, 6), (6, 6), (6, 6), (6, 6), (6, 6)]
success=False

Episode  8100 | mean return   -675.2 | success rate  20.0%
Episode  8200 | mean return   -710.4 | success rate  18.0%
Episode  8300 | mean return   -471.9 | success rate  30.0%
Episode  8400 | mean return   -653.6 | success rate  21.0%
Episode  8500 | mean return   -501.8 | success rate  29.0%
Episode  8600 | mean return   -879.2 | success rate  10.0%
Episode  8700 | mean return   -775.8 | success rate  15.0%
Episode  8800 | mean return   -638.0 | success rate  22.0%
Episode  8900 | mean return   -732.3 | success rate  17.0%
Episode  9000 | mean return   -635.4 | success rate  22.0%
phase=train, time=morning
steps=101
trajectory=[(1, 1), (1, 2), (1, 3), (1, 4), (1, 5), (1, 6), (2, 6), (2, 5), (2, 4), (2, 5), (2, 4), (2, 5), (2, 4), (2, 5), (2, 4), (2, 5), (2, 4), (2, 5), (2, 4), (2, 5), (2, 4), (2, 5), (2, 4), (2, 5), (2, 4), (2, 5), (2, 4), (2, 5), (2, 4), (2, 5), (2, 4), (2, 5), (2, 4), (2, 5), (2, 4), (2, 5), (2, 4), (2, 5), (2, 4), (2, 5), (2, 4), (2, 5), (2, 4), (2, 5), (2, 4), (2, 5), (2, 4), (2, 5), (2, 4), (2, 5), (2, 4), (2, 5), (2, 4), (2, 5), (2, 4), (2, 5), (2, 4), (2, 5), (2, 4), (2, 5), (2, 4), (2, 5), (2, 4), (2, 5), (2, 4), (2, 5), (2, 4), (2, 5), (2, 4), (2, 5), (2, 4), (2, 5), (2, 4), (2, 5), (2, 4), (2, 5), (2, 4), (2, 5), (2, 4), (2, 5), (2, 4), (2, 5), (2, 4), (2, 5), (2, 4), (2, 5), (2, 4), (2, 5), (2, 4), (2, 5), (2, 4), (2, 5), (2, 4), (2, 5), (2, 4), (2, 5), (2, 4), (2, 5), (2, 4), (2, 5), (2, 4), (2, 5)]
success=False

phase=train, time=evening
steps=101
trajectory=[(1, 1), (2, 1), (2, 2), (2, 3), (3, 3), (4, 3), (5, 3), (5, 4), (5, 5), (5, 4), (5, 5), (5, 4), (5, 5), (5, 4), (5, 5), (5, 4), (5, 5), (5, 4), (5, 5), (5, 4), (5, 5), (5, 4), (5, 5), (5, 4), (5, 5), (5, 4), (5, 5), (5, 4), (5, 5), (5, 4), (5, 5), (5, 4), (5, 5), (5, 4), (5, 5), (5, 4), (5, 5), (5, 4), (5, 5), (5, 4), (5, 5), (5, 4), (5, 5), (5, 4), (5, 5), (5, 4), (5, 5), (5, 4), (5, 5), (5, 4), (5, 5), (5, 4), (5, 5), (5, 4), (5, 5), (5, 4), (5, 5), (5, 4), (5, 5), (5, 4), (5, 5), (5, 4), (5, 5), (5, 4), (5, 5), (5, 4), (5, 5), (5, 4), (5, 5), (5, 4), (5, 5), (5, 4), (5, 5), (5, 4), (5, 5), (5, 4), (5, 5), (5, 4), (5, 5), (5, 4), (5, 5), (5, 4), (5, 5), (5, 4), (5, 5), (5, 4), (5, 5), (5, 4), (5, 5), (5, 4), (5, 5), (5, 4), (5, 5), (5, 4), (5, 5), (5, 4), (5, 5), (5, 4), (5, 5), (5, 4), (5, 5), (5, 4)]
success=False

phase=test, time=morning
steps=101
trajectory=[(1, 1), (1, 2), (1, 3), (1, 4), (1, 5), (1, 6), (2, 6), (2, 5), (2, 4), (3, 4), (4, 4), (5, 4), (5, 3), (5, 4), (5, 3), (5, 4), (5, 3), (5, 4), (5, 3), (5, 4), (5, 3), (5, 4), (5, 3), (5, 4), (5, 3), (5, 4), (5, 3), (5, 4), (5, 3), (5, 4), (5, 3), (5, 4), (5, 3), (5, 4), (5, 3), (5, 4), (5, 3), (5, 4), (5, 3), (5, 4), (5, 3), (5, 4), (5, 3), (5, 4), (5, 3), (5, 4), (5, 3), (5, 4), (5, 3), (5, 4), (5, 3), (5, 4), (5, 3), (5, 4), (5, 3), (5, 4), (5, 3), (5, 4), (5, 3), (5, 4), (5, 3), (5, 4), (5, 3), (5, 4), (5, 3), (5, 4), (5, 3), (5, 4), (5, 3), (5, 4), (5, 3), (5, 4), (5, 3), (5, 4), (5, 3), (5, 4), (5, 3), (5, 4), (5, 3), (5, 4), (5, 3), (5, 4), (5, 3), (5, 4), (5, 3), (5, 4), (5, 3), (5, 4), (5, 3), (5, 4), (5, 3), (5, 4), (5, 3), (5, 4), (5, 3), (5, 4), (5, 3), (5, 4), (5, 3), (5, 4), (5, 3), (5, 4)]
success=False

phase=test, time=evening
steps=101
trajectory=[(1, 1), (2, 1), (2, 2), (2, 3), (2, 4), (3, 4), (4, 4), (5, 4), (5, 5), (5, 4), (5, 5), (5, 4), (5, 5), (5, 4), (5, 5), (5, 4), (5, 5), (5, 4), (5, 5), (5, 4), (5, 5), (5, 4), (5, 5), (5, 4), (5, 5), (5, 4), (5, 5), (5, 4), (5, 5), (5, 4), (5, 5), (5, 4), (5, 5), (5, 4), (5, 5), (5, 4), (5, 5), (5, 4), (5, 5), (5, 4), (5, 5), (5, 4), (5, 5), (5, 4), (5, 5), (5, 4), (5, 5), (5, 4), (5, 5), (5, 4), (5, 5), (5, 4), (5, 5), (5, 4), (5, 5), (5, 4), (5, 5), (5, 4), (5, 5), (5, 4), (5, 5), (5, 4), (5, 5), (5, 4), (5, 5), (5, 4), (5, 5), (5, 4), (5, 5), (5, 4), (5, 5), (5, 4), (5, 5), (5, 4), (5, 5), (5, 4), (5, 5), (5, 4), (5, 5), (5, 4), (5, 5), (5, 4), (5, 5), (5, 4), (5, 5), (5, 4), (5, 5), (5, 4), (5, 5), (5, 4), (5, 5), (5, 4), (5, 5), (5, 4), (5, 5), (5, 4), (5, 5), (5, 4), (5, 5), (5, 4), (5, 5), (5, 4)]
success=False

Episode  9100 | mean return   -505.1 | success rate  28.0%
Episode  9200 | mean return   -728.8 | success rate  17.0%
Episode  9300 | mean return   -526.8 | success rate  27.0%
Episode  9400 | mean return   -608.3 | success rate  23.0%
Episode  9500 | mean return   -617.0 | success rate  23.0%
Episode  9600 | mean return   -696.8 | success rate  19.0%
Episode  9700 | mean return   -594.7 | success rate  24.0%
Episode  9800 | mean return   -798.2 | success rate  14.0%
Episode  9900 | mean return   -791.0 | success rate  14.0%
Episode 10000 | mean return   -250.3 | success rate  40.0%
phase=train, time=morning
steps=101
trajectory=[(1, 1), (2, 1), (2, 2), (2, 3), (3, 3), (4, 3), (5, 3), (5, 2), (6, 2), (6, 1), (6, 2), (5, 2), (4, 2), (3, 2), (2, 2), (2, 3), (2, 4), (2, 5), (2, 6), (2, 6), (2, 6), (2, 6), (2, 6), (2, 6), (2, 6), (2, 6), (2, 6), (2, 6), (2, 6), (2, 6), (2, 6), (2, 6), (2, 6), (2, 6), (2, 6), (2, 6), (2, 6), (2, 6), (2, 6), (2, 6), (2, 6), (2, 6), (2, 6), (2, 6), (2, 6), (2, 6), (2, 6), (2, 6), (2, 6), (2, 6), (2, 6), (2, 6), (2, 6), (2, 6), (2, 6), (2, 6), (2, 6), (2, 6), (2, 6), (2, 6), (2, 6), (2, 6), (2, 6), (2, 6), (2, 6), (2, 6), (2, 6), (2, 6), (2, 6), (2, 6), (2, 6), (2, 6), (2, 6), (2, 6), (2, 6), (2, 6), (2, 6), (2, 6), (2, 6), (2, 6), (2, 6), (2, 6), (2, 6), (2, 6), (2, 6), (2, 6), (2, 6), (2, 6), (2, 6), (2, 6), (2, 6), (2, 6), (2, 6), (2, 6), (2, 6), (2, 6), (2, 6), (2, 6), (2, 6), (2, 6), (2, 6), (2, 6)]
success=False

phase=train, time=evening
steps=101
trajectory=[(1, 1), (2, 1), (2, 2), (2, 3), (3, 3), (4, 3), (5, 3), (5, 2), (5, 1), (6, 1), (6, 2), (6, 3), (6, 4), (6, 5), (6, 6), (6, 6), (6, 6), (6, 6), (6, 6), (6, 6), (6, 6), (6, 6), (6, 6), (6, 6), (6, 6), (6, 6), (6, 6), (6, 6), (6, 6), (6, 6), (6, 6), (6, 6), (6, 6), (6, 6), (6, 6), (6, 6), (6, 6), (6, 6), (6, 6), (6, 6), (6, 6), (6, 6), (6, 6), (6, 6), (6, 6), (6, 6), (6, 6), (6, 6), (6, 6), (6, 6), (6, 6), (6, 6), (6, 6), (6, 6), (6, 6), (6, 6), (6, 6), (6, 6), (6, 6), (6, 6), (6, 6), (6, 6), (6, 6), (6, 6), (6, 6), (6, 6), (6, 6), (6, 6), (6, 6), (6, 6), (6, 6), (6, 6), (6, 6), (6, 6), (6, 6), (6, 6), (6, 6), (6, 6), (6, 6), (6, 6), (6, 6), (6, 6), (6, 6), (6, 6), (6, 6), (6, 6), (6, 6), (6, 6), (6, 6), (6, 6), (6, 6), (6, 6), (6, 6), (6, 6), (6, 6), (6, 6), (6, 6), (6, 6), (6, 6), (6, 6), (6, 6), (6, 6)]
success=False

phase=test, time=morning
steps=101
trajectory=[(1, 1), (2, 1), (2, 2), (2, 3), (2, 4), (3, 4), (4, 4), (5, 4), (5, 3), (6, 3), (6, 3), (6, 3), (6, 3), (6, 3), (6, 3), (6, 3), (6, 3), (6, 3), (6, 3), (6, 3), (6, 3), (6, 3), (6, 3), (6, 3), (6, 3), (6, 3), (6, 3), (6, 3), (6, 3), (6, 3), (6, 3), (6, 3), (6, 3), (6, 3), (6, 3), (6, 3), (6, 3), (6, 3), (6, 3), (6, 3), (6, 3), (6, 3), (6, 3), (6, 3), (6, 3), (6, 3), (6, 3), (6, 3), (6, 3), (6, 3), (6, 3), (6, 3), (6, 3), (6, 3), (6, 3), (6, 3), (6, 3), (6, 3), (6, 3), (6, 3), (6, 3), (6, 3), (6, 3), (6, 3), (6, 3), (6, 3), (6, 3), (6, 3), (6, 3), (6, 3), (6, 3), (6, 3), (6, 3), (6, 3), (6, 3), (6, 3), (6, 3), (6, 3), (6, 3), (6, 3), (6, 3), (6, 3), (6, 3), (6, 3), (6, 3), (6, 3), (6, 3), (6, 3), (6, 3), (6, 3), (6, 3), (6, 3), (6, 3), (6, 3), (6, 3), (6, 3), (6, 3), (6, 3), (6, 3), (6, 3), (6, 3), (6, 3)]
success=False

phase=test, time=evening
steps=2
trajectory=[(1, 1), (2, 1), (3, 1)]
success=False

Episode 10100 | mean return   -633.8 | success rate  23.0%
Episode 10200 | mean return   -760.5 | success rate  16.0%
Episode 10300 | mean return   -698.0 | success rate  19.0%
Episode 10400 | mean return   -470.6 | success rate  30.0%
Episode 10500 | mean return   -663.2 | success rate  20.0%
Episode 10600 | mean return   -632.6 | success rate  22.0%
Episode 10700 | mean return   -518.4 | success rate  27.0%
Episode 10800 | mean return   -818.5 | success rate  13.0%
Episode 10900 | mean return   -544.8 | success rate  26.0%
Episode 11000 | mean return   -749.5 | success rate  16.0%
phase=train, time=morning
steps=101
trajectory=[(1, 1), (2, 1), (2, 2), (3, 2), (4, 2), (5, 2), (5, 1), (6, 1), (6, 2), (5, 2), (5, 3), (4, 3), (3, 3), (2, 3), (2, 4), (2, 5), (2, 6), (2, 6), (2, 6), (2, 6), (2, 6), (2, 6), (2, 6), (2, 6), (2, 6), (2, 6), (2, 6), (2, 6), (2, 6), (2, 6), (2, 6), (2, 6), (2, 6), (2, 6), (2, 6), (2, 6), (2, 6), (2, 6), (2, 6), (2, 6), (2, 6), (2, 6), (2, 6), (2, 6), (2, 6), (2, 6), (2, 6), (2, 6), (2, 6), (2, 6), (2, 6), (2, 6), (2, 6), (2, 6), (2, 6), (2, 6), (2, 6), (2, 6), (2, 6), (2, 6), (2, 6), (2, 6), (2, 6), (2, 6), (2, 6), (2, 6), (2, 6), (2, 6), (2, 6), (2, 6), (2, 6), (2, 6), (2, 6), (2, 6), (2, 6), (2, 6), (2, 6), (2, 6), (2, 6), (2, 6), (2, 6), (2, 6), (2, 6), (2, 6), (2, 6), (2, 6), (2, 6), (2, 6), (2, 6), (2, 6), (2, 6), (2, 6), (2, 6), (2, 6), (2, 6), (2, 6), (2, 6), (2, 6), (2, 6), (2, 6), (2, 6), (2, 6)]
success=False

phase=train, time=evening
steps=101
trajectory=[(1, 1), (2, 1), (2, 2), (3, 2), (4, 2), (5, 2), (5, 1), (6, 1), (6, 2), (6, 3), (6, 4), (6, 5), (6, 6), (6, 5), (5, 5), (5, 4), (5, 3), (4, 3), (3, 3), (2, 3), (2, 4), (2, 5), (2, 6), (2, 6), (2, 6), (2, 6), (2, 6), (2, 6), (2, 6), (2, 6), (2, 6), (2, 6), (2, 6), (2, 6), (2, 6), (2, 6), (2, 6), (2, 6), (2, 6), (2, 6), (2, 6), (2, 6), (2, 6), (2, 6), (2, 6), (2, 6), (2, 6), (2, 6), (2, 6), (2, 6), (2, 6), (2, 6), (2, 6), (2, 6), (2, 6), (2, 6), (2, 6), (2, 6), (2, 6), (2, 6), (2, 6), (2, 6), (2, 6), (2, 6), (2, 6), (2, 6), (2, 6), (2, 6), (2, 6), (2, 6), (2, 6), (2, 6), (2, 6), (2, 6), (2, 6), (2, 6), (2, 6), (2, 6), (2, 6), (2, 6), (2, 6), (2, 6), (2, 6), (2, 6), (2, 6), (2, 6), (2, 6), (2, 6), (2, 6), (2, 6), (2, 6), (2, 6), (2, 6), (2, 6), (2, 6), (2, 6), (2, 6), (2, 6), (2, 6), (2, 6), (2, 6), (2, 6)]
success=False

phase=test, time=morning
steps=101
trajectory=[(1, 1), (2, 1), (2, 2), (2, 3), (3, 3), (4, 3), (5, 3), (5, 4), (6, 4), (6, 3), (6, 2), (6, 1), (6, 2), (5, 2), (5, 3), (5, 4), (4, 4), (3, 4), (2, 4), (2, 5), (2, 6), (2, 6), (2, 6), (2, 6), (2, 6), (2, 6), (2, 6), (2, 6), (2, 6), (2, 6), (2, 6), (2, 6), (2, 6), (2, 6), (2, 6), (2, 6), (2, 6), (2, 6), (2, 6), (2, 6), (2, 6), (2, 6), (2, 6), (2, 6), (2, 6), (2, 6), (2, 6), (2, 6), (2, 6), (2, 6), (2, 6), (2, 6), (2, 6), (2, 6), (2, 6), (2, 6), (2, 6), (2, 6), (2, 6), (2, 6), (2, 6), (2, 6), (2, 6), (2, 6), (2, 6), (2, 6), (2, 6), (2, 6), (2, 6), (2, 6), (2, 6), (2, 6), (2, 6), (2, 6), (2, 6), (2, 6), (2, 6), (2, 6), (2, 6), (2, 6), (2, 6), (2, 6), (2, 6), (2, 6), (2, 6), (2, 6), (2, 6), (2, 6), (2, 6), (2, 6), (2, 6), (2, 6), (2, 6), (2, 6), (2, 6), (2, 6), (2, 6), (2, 6), (2, 6), (2, 6), (2, 6), (2, 6)]
success=False

phase=test, time=evening
steps=101
trajectory=[(1, 1), (2, 1), (2, 2), (2, 3), (3, 3), (4, 3), (5, 3), (5, 2), (5, 1), (6, 1), (6, 2), (6, 3), (6, 4), (6, 5), (6, 6), (6, 5), (5, 5), (5, 4), (4, 4), (3, 4), (2, 4), (2, 5), (2, 6), (2, 6), (2, 6), (2, 6), (2, 6), (2, 6), (2, 6), (2, 6), (2, 6), (2, 6), (2, 6), (2, 6), (2, 6), (2, 6), (2, 6), (2, 6), (2, 6), (2, 6), (2, 6), (2, 6), (2, 6), (2, 6), (2, 6), (2, 6), (2, 6), (2, 6), (2, 6), (2, 6), (2, 6), (2, 6), (2, 6), (2, 6), (2, 6), (2, 6), (2, 6), (2, 6), (2, 6), (2, 6), (2, 6), (2, 6), (2, 6), (2, 6), (2, 6), (2, 6), (2, 6), (2, 6), (2, 6), (2, 6), (2, 6), (2, 6), (2, 6), (2, 6), (2, 6), (2, 6), (2, 6), (2, 6), (2, 6), (2, 6), (2, 6), (2, 6), (2, 6), (2, 6), (2, 6), (2, 6), (2, 6), (2, 6), (2, 6), (2, 6), (2, 6), (2, 6), (2, 6), (2, 6), (2, 6), (2, 6), (2, 6), (2, 6), (2, 6), (2, 6), (2, 6), (2, 6)]
success=False

Episode 11100 | mean return   -677.7 | success rate  20.0%
Episode 11200 | mean return   -591.7 | success rate  24.0%
Episode 11300 | mean return   -502.5 | success rate  28.0%
Episode 11400 | mean return   -727.2 | success rate  17.0%
Episode 11500 | mean return   -605.7 | success rate  23.0%
Episode 11600 | mean return   -734.7 | success rate  17.0%
Episode 11700 | mean return   -654.8 | success rate  21.0%
Episode 11800 | mean return   -457.9 | success rate  30.0%
Episode 11900 | mean return   -547.3 | success rate  26.0%
Episode 12000 | mean return   -669.9 | success rate  20.0%
phase=train, time=morning
steps=101
trajectory=[(1, 1), (1, 2), (2, 2), (3, 2), (4, 2), (5, 2), (6, 2), (6, 1), (6, 2), (5, 2), (5, 3), (5, 4), (6, 4), (5, 4), (6, 4), (5, 4), (6, 4), (5, 4), (6, 4), (5, 4), (6, 4), (5, 4), (6, 4), (5, 4), (6, 4), (5, 4), (6, 4), (5, 4), (6, 4), (5, 4), (6, 4), (5, 4), (6, 4), (5, 4), (6, 4), (5, 4), (6, 4), (5, 4), (6, 4), (5, 4), (6, 4), (5, 4), (6, 4), (5, 4), (6, 4), (5, 4), (6, 4), (5, 4), (6, 4), (5, 4), (6, 4), (5, 4), (6, 4), (5, 4), (6, 4), (5, 4), (6, 4), (5, 4), (6, 4), (5, 4), (6, 4), (5, 4), (6, 4), (5, 4), (6, 4), (5, 4), (6, 4), (5, 4), (6, 4), (5, 4), (6, 4), (5, 4), (6, 4), (5, 4), (6, 4), (5, 4), (6, 4), (5, 4), (6, 4), (5, 4), (6, 4), (5, 4), (6, 4), (5, 4), (6, 4), (5, 4), (6, 4), (5, 4), (6, 4), (5, 4), (6, 4), (5, 4), (6, 4), (5, 4), (6, 4), (5, 4), (6, 4), (5, 4), (6, 4), (5, 4), (6, 4), (5, 4)]
success=False

phase=train, time=evening
steps=101
trajectory=[(1, 1), (2, 1), (2, 2), (3, 2), (4, 2), (5, 2), (5, 1), (6, 1), (6, 2), (6, 3), (6, 4), (6, 5), (6, 6), (5, 6), (5, 5), (5, 6), (5, 5), (5, 6), (5, 5), (5, 6), (5, 5), (5, 6), (5, 5), (5, 6), (5, 5), (5, 6), (5, 5), (5, 6), (5, 5), (5, 6), (5, 5), (5, 6), (5, 5), (5, 6), (5, 5), (5, 6), (5, 5), (5, 6), (5, 5), (5, 6), (5, 5), (5, 6), (5, 5), (5, 6), (5, 5), (5, 6), (5, 5), (5, 6), (5, 5), (5, 6), (5, 5), (5, 6), (5, 5), (5, 6), (5, 5), (5, 6), (5, 5), (5, 6), (5, 5), (5, 6), (5, 5), (5, 6), (5, 5), (5, 6), (5, 5), (5, 6), (5, 5), (5, 6), (5, 5), (5, 6), (5, 5), (5, 6), (5, 5), (5, 6), (5, 5), (5, 6), (5, 5), (5, 6), (5, 5), (5, 6), (5, 5), (5, 6), (5, 5), (5, 6), (5, 5), (5, 6), (5, 5), (5, 6), (5, 5), (5, 6), (5, 5), (5, 6), (5, 5), (5, 6), (5, 5), (5, 6), (5, 5), (5, 6), (5, 5), (5, 6), (5, 5), (5, 6)]
success=False

phase=test, time=morning
steps=101
trajectory=[(1, 1), (1, 2), (2, 2), (2, 3), (3, 3), (4, 3), (5, 3), (5, 4), (6, 4), (6, 3), (6, 2), (6, 1), (6, 2), (5, 2), (5, 3), (5, 4), (5, 5), (6, 5), (5, 5), (6, 5), (5, 5), (6, 5), (5, 5), (6, 5), (5, 5), (6, 5), (5, 5), (6, 5), (5, 5), (6, 5), (5, 5), (6, 5), (5, 5), (6, 5), (5, 5), (6, 5), (5, 5), (6, 5), (5, 5), (6, 5), (5, 5), (6, 5), (5, 5), (6, 5), (5, 5), (6, 5), (5, 5), (6, 5), (5, 5), (6, 5), (5, 5), (6, 5), (5, 5), (6, 5), (5, 5), (6, 5), (5, 5), (6, 5), (5, 5), (6, 5), (5, 5), (6, 5), (5, 5), (6, 5), (5, 5), (6, 5), (5, 5), (6, 5), (5, 5), (6, 5), (5, 5), (6, 5), (5, 5), (6, 5), (5, 5), (6, 5), (5, 5), (6, 5), (5, 5), (6, 5), (5, 5), (6, 5), (5, 5), (6, 5), (5, 5), (6, 5), (5, 5), (6, 5), (5, 5), (6, 5), (5, 5), (6, 5), (5, 5), (6, 5), (5, 5), (6, 5), (5, 5), (6, 5), (5, 5), (6, 5), (5, 5), (6, 5)]
success=False

phase=test, time=evening
steps=101
trajectory=[(1, 1), (2, 1), (2, 2), (2, 3), (3, 3), (4, 3), (5, 3), (5, 2), (5, 1), (6, 1), (6, 2), (6, 3), (6, 4), (6, 5), (6, 6), (5, 6), (5, 5), (5, 6), (5, 5), (5, 6), (5, 5), (5, 6), (5, 5), (5, 6), (5, 5), (5, 6), (5, 5), (5, 6), (5, 5), (5, 6), (5, 5), (5, 6), (5, 5), (5, 6), (5, 5), (5, 6), (5, 5), (5, 6), (5, 5), (5, 6), (5, 5), (5, 6), (5, 5), (5, 6), (5, 5), (5, 6), (5, 5), (5, 6), (5, 5), (5, 6), (5, 5), (5, 6), (5, 5), (5, 6), (5, 5), (5, 6), (5, 5), (5, 6), (5, 5), (5, 6), (5, 5), (5, 6), (5, 5), (5, 6), (5, 5), (5, 6), (5, 5), (5, 6), (5, 5), (5, 6), (5, 5), (5, 6), (5, 5), (5, 6), (5, 5), (5, 6), (5, 5), (5, 6), (5, 5), (5, 6), (5, 5), (5, 6), (5, 5), (5, 6), (5, 5), (5, 6), (5, 5), (5, 6), (5, 5), (5, 6), (5, 5), (5, 6), (5, 5), (5, 6), (5, 5), (5, 6), (5, 5), (5, 6), (5, 5), (5, 6), (5, 5), (5, 6)]
success=False

No existing weights found. Training from scratch.
Episode   100 | mean return  -1016.4 | success rate   0.0%
Episode   200 | mean return  -1016.7 | success rate   0.0%
Episode   300 | mean return  -1015.7 | success rate   0.0%
Episode   400 | mean return  -1017.4 | success rate   0.0%
Episode   500 | mean return  -1015.4 | success rate   0.0%
Episode   600 | mean return  -1016.8 | success rate   0.0%
Episode   700 | mean return  -1021.5 | success rate   0.0%
Episode   800 | mean return  -1026.8 | success rate   0.0%
Episode   900 | mean return  -1021.8 | success rate   0.0%
Episode  1000 | mean return  -1025.0 | success rate   0.0%
phase=train, time=morning
steps=101
trajectory=[(1, 1), (2, 1), (1, 1), (2, 1), (1, 1), (2, 1), (1, 1), (2, 1), (1, 1), (2, 1), (1, 1), (2, 1), (1, 1), (2, 1), (1, 1), (2, 1), (1, 1), (2, 1), (1, 1), (2, 1), (1, 1), (2, 1), (1, 1), (2, 1), (1, 1), (2, 1), (1, 1), (2, 1), (1, 1), (2, 1), (1, 1), (2, 1), (1, 1), (2, 1), (1, 1), (2, 1), (1, 1), (2, 1), (1, 1), (2, 1), (1, 1), (2, 1), (1, 1), (2, 1), (1, 1), (2, 1), (1, 1), (2, 1), (1, 1), (2, 1), (1, 1), (2, 1), (1, 1), (2, 1), (1, 1), (2, 1), (1, 1), (2, 1), (1, 1), (2, 1), (1, 1), (2, 1), (1, 1), (2, 1), (1, 1), (2, 1), (1, 1), (2, 1), (1, 1), (2, 1), (1, 1), (2, 1), (1, 1), (2, 1), (1, 1), (2, 1), (1, 1), (2, 1), (1, 1), (2, 1), (1, 1), (2, 1), (1, 1), (2, 1), (1, 1), (2, 1), (1, 1), (2, 1), (1, 1), (2, 1), (1, 1), (2, 1), (1, 1), (2, 1), (1, 1), (2, 1), (1, 1), (2, 1), (1, 1), (2, 1), (1, 1), (2, 1)]
success=False

phase=train, time=evening
steps=101
trajectory=[(1, 1), (2, 1), (1, 1), (2, 1), (1, 1), (2, 1), (1, 1), (2, 1), (1, 1), (2, 1), (1, 1), (2, 1), (1, 1), (2, 1), (1, 1), (2, 1), (1, 1), (2, 1), (1, 1), (2, 1), (1, 1), (2, 1), (1, 1), (2, 1), (1, 1), (2, 1), (1, 1), (2, 1), (1, 1), (2, 1), (1, 1), (2, 1), (1, 1), (2, 1), (1, 1), (2, 1), (1, 1), (2, 1), (1, 1), (2, 1), (1, 1), (2, 1), (1, 1), (2, 1), (1, 1), (2, 1), (1, 1), (2, 1), (1, 1), (2, 1), (1, 1), (2, 1), (1, 1), (2, 1), (1, 1), (2, 1), (1, 1), (2, 1), (1, 1), (2, 1), (1, 1), (2, 1), (1, 1), (2, 1), (1, 1), (2, 1), (1, 1), (2, 1), (1, 1), (2, 1), (1, 1), (2, 1), (1, 1), (2, 1), (1, 1), (2, 1), (1, 1), (2, 1), (1, 1), (2, 1), (1, 1), (2, 1), (1, 1), (2, 1), (1, 1), (2, 1), (1, 1), (2, 1), (1, 1), (2, 1), (1, 1), (2, 1), (1, 1), (2, 1), (1, 1), (2, 1), (1, 1), (2, 1), (1, 1), (2, 1), (1, 1), (2, 1)]
success=False

phase=test, time=morning
steps=101
trajectory=[(1, 1), (2, 1), (1, 1), (2, 1), (1, 1), (2, 1), (1, 1), (2, 1), (1, 1), (2, 1), (1, 1), (2, 1), (1, 1), (2, 1), (1, 1), (2, 1), (1, 1), (2, 1), (1, 1), (2, 1), (1, 1), (2, 1), (1, 1), (2, 1), (1, 1), (2, 1), (1, 1), (2, 1), (1, 1), (2, 1), (1, 1), (2, 1), (1, 1), (2, 1), (1, 1), (2, 1), (1, 1), (2, 1), (1, 1), (2, 1), (1, 1), (2, 1), (1, 1), (2, 1), (1, 1), (2, 1), (1, 1), (2, 1), (1, 1), (2, 1), (1, 1), (2, 1), (1, 1), (2, 1), (1, 1), (2, 1), (1, 1), (2, 1), (1, 1), (2, 1), (1, 1), (2, 1), (1, 1), (2, 1), (1, 1), (2, 1), (1, 1), (2, 1), (1, 1), (2, 1), (1, 1), (2, 1), (1, 1), (2, 1), (1, 1), (2, 1), (1, 1), (2, 1), (1, 1), (2, 1), (1, 1), (2, 1), (1, 1), (2, 1), (1, 1), (2, 1), (1, 1), (2, 1), (1, 1), (2, 1), (1, 1), (2, 1), (1, 1), (2, 1), (1, 1), (2, 1), (1, 1), (2, 1), (1, 1), (2, 1), (1, 1), (2, 1)]
success=False

phase=test, time=evening
steps=101
trajectory=[(1, 1), (2, 1), (1, 1), (2, 1), (1, 1), (2, 1), (1, 1), (2, 1), (1, 1), (2, 1), (1, 1), (2, 1), (1, 1), (2, 1), (1, 1), (2, 1), (1, 1), (2, 1), (1, 1), (2, 1), (1, 1), (2, 1), (1, 1), (2, 1), (1, 1), (2, 1), (1, 1), (2, 1), (1, 1), (2, 1), (1, 1), (2, 1), (1, 1), (2, 1), (1, 1), (2, 1), (1, 1), (2, 1), (1, 1), (2, 1), (1, 1), (2, 1), (1, 1), (2, 1), (1, 1), (2, 1), (1, 1), (2, 1), (1, 1), (2, 1), (1, 1), (2, 1), (1, 1), (2, 1), (1, 1), (2, 1), (1, 1), (2, 1), (1, 1), (2, 1), (1, 1), (2, 1), (1, 1), (2, 1), (1, 1), (2, 1), (1, 1), (2, 1), (1, 1), (2, 1), (1, 1), (2, 1), (1, 1), (2, 1), (1, 1), (2, 1), (1, 1), (2, 1), (1, 1), (2, 1), (1, 1), (2, 1), (1, 1), (2, 1), (1, 1), (2, 1), (1, 1), (2, 1), (1, 1), (2, 1), (1, 1), (2, 1), (1, 1), (2, 1), (1, 1), (2, 1), (1, 1), (2, 1), (1, 1), (2, 1), (1, 1), (2, 1)]
success=False

Episode  1100 | mean return  -1021.4 | success rate   0.0%
Episode  1200 | mean return  -1030.0 | success rate   0.0%
Episode  1300 | mean return  -1021.4 | success rate   0.0%
Episode  1400 | mean return  -1031.7 | success rate   0.0%
Episode  1500 | mean return  -1036.9 | success rate   0.0%
Episode  1600 | mean return  -1018.4 | success rate   1.0%
Episode  1700 | mean return  -1001.4 | success rate   2.0%
Episode  1800 | mean return   -990.0 | success rate   3.0%
Episode  1900 | mean return  -1032.7 | success rate   1.0%
Episode  2000 | mean return   -947.0 | success rate   6.0%
phase=train, time=morning
steps=101
trajectory=[(1, 1), (2, 1), (2, 2), (3, 2), (4, 2), (5, 2), (5, 3), (5, 4), (5, 5), (5, 6), (6, 6), (6, 6), (6, 6), (6, 6), (6, 6), (6, 6), (6, 6), (6, 6), (6, 6), (6, 6), (6, 6), (6, 6), (6, 6), (6, 6), (6, 6), (6, 6), (6, 6), (6, 6), (6, 6), (6, 6), (6, 6), (6, 6), (6, 6), (6, 6), (6, 6), (6, 6), (6, 6), (6, 6), (6, 6), (6, 6), (6, 6), (6, 6), (6, 6), (6, 6), (6, 6), (6, 6), (6, 6), (6, 6), (6, 6), (6, 6), (6, 6), (6, 6), (6, 6), (6, 6), (6, 6), (6, 6), (6, 6), (6, 6), (6, 6), (6, 6), (6, 6), (6, 6), (6, 6), (6, 6), (6, 6), (6, 6), (6, 6), (6, 6), (6, 6), (6, 6), (6, 6), (6, 6), (6, 6), (6, 6), (6, 6), (6, 6), (6, 6), (6, 6), (6, 6), (6, 6), (6, 6), (6, 6), (6, 6), (6, 6), (6, 6), (6, 6), (6, 6), (6, 6), (6, 6), (6, 6), (6, 6), (6, 6), (6, 6), (6, 6), (6, 6), (6, 6), (6, 6), (6, 6), (6, 6), (6, 6), (6, 6), (6, 6)]
success=False

phase=train, time=evening
steps=101
trajectory=[(1, 1), (2, 1), (2, 2), (3, 2), (4, 2), (5, 2), (5, 3), (5, 4), (5, 5), (6, 5), (6, 6), (6, 6), (6, 6), (6, 6), (6, 6), (6, 6), (6, 6), (6, 6), (6, 6), (6, 6), (6, 6), (6, 6), (6, 6), (6, 6), (6, 6), (6, 6), (6, 6), (6, 6), (6, 6), (6, 6), (6, 6), (6, 6), (6, 6), (6, 6), (6, 6), (6, 6), (6, 6), (6, 6), (6, 6), (6, 6), (6, 6), (6, 6), (6, 6), (6, 6), (6, 6), (6, 6), (6, 6), (6, 6), (6, 6), (6, 6), (6, 6), (6, 6), (6, 6), (6, 6), (6, 6), (6, 6), (6, 6), (6, 6), (6, 6), (6, 6), (6, 6), (6, 6), (6, 6), (6, 6), (6, 6), (6, 6), (6, 6), (6, 6), (6, 6), (6, 6), (6, 6), (6, 6), (6, 6), (6, 6), (6, 6), (6, 6), (6, 6), (6, 6), (6, 6), (6, 6), (6, 6), (6, 6), (6, 6), (6, 6), (6, 6), (6, 6), (6, 6), (6, 6), (6, 6), (6, 6), (6, 6), (6, 6), (6, 6), (6, 6), (6, 6), (6, 6), (6, 6), (6, 6), (6, 6), (6, 6), (6, 6), (6, 6)]
success=False

phase=test, time=morning
steps=101
trajectory=[(1, 1), (2, 1), (2, 2), (1, 2), (1, 3), (1, 4), (1, 5), (1, 6), (1, 6), (1, 6), (1, 6), (1, 6), (1, 6), (1, 6), (1, 6), (1, 6), (1, 6), (1, 6), (1, 6), (1, 6), (1, 6), (1, 6), (1, 6), (1, 6), (1, 6), (1, 6), (1, 6), (1, 6), (1, 6), (1, 6), (1, 6), (1, 6), (1, 6), (1, 6), (1, 6), (1, 6), (1, 6), (1, 6), (1, 6), (1, 6), (1, 6), (1, 6), (1, 6), (1, 6), (1, 6), (1, 6), (1, 6), (1, 6), (1, 6), (1, 6), (1, 6), (1, 6), (1, 6), (1, 6), (1, 6), (1, 6), (1, 6), (1, 6), (1, 6), (1, 6), (1, 6), (1, 6), (1, 6), (1, 6), (1, 6), (1, 6), (1, 6), (1, 6), (1, 6), (1, 6), (1, 6), (1, 6), (1, 6), (1, 6), (1, 6), (1, 6), (1, 6), (1, 6), (1, 6), (1, 6), (1, 6), (1, 6), (1, 6), (1, 6), (1, 6), (1, 6), (1, 6), (1, 6), (1, 6), (1, 6), (1, 6), (1, 6), (1, 6), (1, 6), (1, 6), (1, 6), (1, 6), (1, 6), (1, 6), (1, 6), (1, 6), (1, 6)]
success=False

phase=test, time=evening
steps=101
trajectory=[(1, 1), (2, 1), (2, 2), (2, 3), (3, 3), (4, 3), (5, 3), (5, 4), (5, 5), (5, 6), (6, 6), (6, 6), (6, 6), (6, 6), (6, 6), (6, 6), (6, 6), (6, 6), (6, 6), (6, 6), (6, 6), (6, 6), (6, 6), (6, 6), (6, 6), (6, 6), (6, 6), (6, 6), (6, 6), (6, 6), (6, 6), (6, 6), (6, 6), (6, 6), (6, 6), (6, 6), (6, 6), (6, 6), (6, 6), (6, 6), (6, 6), (6, 6), (6, 6), (6, 6), (6, 6), (6, 6), (6, 6), (6, 6), (6, 6), (6, 6), (6, 6), (6, 6), (6, 6), (6, 6), (6, 6), (6, 6), (6, 6), (6, 6), (6, 6), (6, 6), (6, 6), (6, 6), (6, 6), (6, 6), (6, 6), (6, 6), (6, 6), (6, 6), (6, 6), (6, 6), (6, 6), (6, 6), (6, 6), (6, 6), (6, 6), (6, 6), (6, 6), (6, 6), (6, 6), (6, 6), (6, 6), (6, 6), (6, 6), (6, 6), (6, 6), (6, 6), (6, 6), (6, 6), (6, 6), (6, 6), (6, 6), (6, 6), (6, 6), (6, 6), (6, 6), (6, 6), (6, 6), (6, 6), (6, 6), (6, 6), (6, 6), (6, 6)]
success=False

Episode  2100 | mean return   -842.1 | success rate  12.0%
Episode  2200 | mean return   -616.0 | success rate  23.0%
Episode  2300 | mean return   -663.3 | success rate  22.0%
Episode  2400 | mean return   -699.2 | success rate  19.0%
Episode  2500 | mean return   -496.6 | success rate  29.0%
Episode  2600 | mean return   -809.0 | success rate  14.0%
Episode  2700 | mean return   -755.4 | success rate  16.0%
Episode  2800 | mean return   -604.6 | success rate  24.0%
Episode  2900 | mean return   -560.4 | success rate  26.0%
Episode  3000 | mean return   -611.6 | success rate  23.0%
phase=train, time=morning
steps=101
trajectory=[(1, 1), (2, 1), (2, 2), (3, 2), (4, 2), (5, 2), (6, 2), (6, 1), (6, 2), (6, 3), (6, 4), (6, 5), (6, 6), (6, 6), (6, 6), (6, 6), (6, 6), (6, 6), (6, 6), (6, 6), (6, 6), (6, 6), (6, 6), (6, 6), (6, 6), (6, 6), (6, 6), (6, 6), (6, 6), (6, 6), (6, 6), (6, 6), (6, 6), (6, 6), (6, 6), (6, 6), (6, 6), (6, 6), (6, 6), (6, 6), (6, 6), (6, 6), (6, 6), (6, 6), (6, 6), (6, 6), (6, 6), (6, 6), (6, 6), (6, 6), (6, 6), (6, 6), (6, 6), (6, 6), (6, 6), (6, 6), (6, 6), (6, 6), (6, 6), (6, 6), (6, 6), (6, 6), (6, 6), (6, 6), (6, 6), (6, 6), (6, 6), (6, 6), (6, 6), (6, 6), (6, 6), (6, 6), (6, 6), (6, 6), (6, 6), (6, 6), (6, 6), (6, 6), (6, 6), (6, 6), (6, 6), (6, 6), (6, 6), (6, 6), (6, 6), (6, 6), (6, 6), (6, 6), (6, 6), (6, 6), (6, 6), (6, 6), (6, 6), (6, 6), (6, 6), (6, 6), (6, 6), (6, 6), (6, 6), (6, 6), (6, 6), (6, 6)]
success=False

phase=train, time=evening
steps=101
trajectory=[(1, 1), (2, 1), (2, 2), (3, 2), (4, 2), (5, 2), (5, 3), (5, 4), (5, 5), (6, 5), (6, 6), (6, 5), (6, 4), (6, 3), (6, 2), (6, 1), (6, 2), (6, 1), (6, 2), (6, 1), (6, 2), (6, 1), (6, 2), (6, 1), (6, 2), (6, 1), (6, 2), (6, 1), (6, 2), (6, 1), (6, 2), (6, 1), (6, 2), (6, 1), (6, 2), (6, 1), (6, 2), (6, 1), (6, 2), (6, 1), (6, 2), (6, 1), (6, 2), (6, 1), (6, 2), (6, 1), (6, 2), (6, 1), (6, 2), (6, 1), (6, 2), (6, 1), (6, 2), (6, 1), (6, 2), (6, 1), (6, 2), (6, 1), (6, 2), (6, 1), (6, 2), (6, 1), (6, 2), (6, 1), (6, 2), (6, 1), (6, 2), (6, 1), (6, 2), (6, 1), (6, 2), (6, 1), (6, 2), (6, 1), (6, 2), (6, 1), (6, 2), (6, 1), (6, 2), (6, 1), (6, 2), (6, 1), (6, 2), (6, 1), (6, 2), (6, 1), (6, 2), (6, 1), (6, 2), (6, 1), (6, 2), (6, 1), (6, 2), (6, 1), (6, 2), (6, 1), (6, 2), (6, 1), (6, 2), (6, 1), (6, 2), (6, 1)]
success=False

phase=test, time=morning
steps=101
trajectory=[(1, 1), (2, 1), (1, 1), (2, 1), (1, 1), (2, 1), (1, 1), (2, 1), (1, 1), (2, 1), (1, 1), (2, 1), (1, 1), (2, 1), (1, 1), (2, 1), (1, 1), (2, 1), (1, 1), (2, 1), (1, 1), (2, 1), (1, 1), (2, 1), (1, 1), (2, 1), (1, 1), (2, 1), (1, 1), (2, 1), (1, 1), (2, 1), (1, 1), (2, 1), (1, 1), (2, 1), (1, 1), (2, 1), (1, 1), (2, 1), (1, 1), (2, 1), (1, 1), (2, 1), (1, 1), (2, 1), (1, 1), (2, 1), (1, 1), (2, 1), (1, 1), (2, 1), (1, 1), (2, 1), (1, 1), (2, 1), (1, 1), (2, 1), (1, 1), (2, 1), (1, 1), (2, 1), (1, 1), (2, 1), (1, 1), (2, 1), (1, 1), (2, 1), (1, 1), (2, 1), (1, 1), (2, 1), (1, 1), (2, 1), (1, 1), (2, 1), (1, 1), (2, 1), (1, 1), (2, 1), (1, 1), (2, 1), (1, 1), (2, 1), (1, 1), (2, 1), (1, 1), (2, 1), (1, 1), (2, 1), (1, 1), (2, 1), (1, 1), (2, 1), (1, 1), (2, 1), (1, 1), (2, 1), (1, 1), (2, 1), (1, 1), (2, 1)]
success=False

phase=test, time=evening
steps=101
trajectory=[(1, 1), (2, 1), (2, 2), (2, 3), (3, 3), (4, 3), (5, 3), (5, 4), (5, 5), (6, 5), (6, 6), (6, 5), (6, 4), (6, 3), (6, 2), (6, 1), (6, 2), (6, 1), (6, 2), (6, 1), (6, 2), (6, 1), (6, 2), (6, 1), (6, 2), (6, 1), (6, 2), (6, 1), (6, 2), (6, 1), (6, 2), (6, 1), (6, 2), (6, 1), (6, 2), (6, 1), (6, 2), (6, 1), (6, 2), (6, 1), (6, 2), (6, 1), (6, 2), (6, 1), (6, 2), (6, 1), (6, 2), (6, 1), (6, 2), (6, 1), (6, 2), (6, 1), (6, 2), (6, 1), (6, 2), (6, 1), (6, 2), (6, 1), (6, 2), (6, 1), (6, 2), (6, 1), (6, 2), (6, 1), (6, 2), (6, 1), (6, 2), (6, 1), (6, 2), (6, 1), (6, 2), (6, 1), (6, 2), (6, 1), (6, 2), (6, 1), (6, 2), (6, 1), (6, 2), (6, 1), (6, 2), (6, 1), (6, 2), (6, 1), (6, 2), (6, 1), (6, 2), (6, 1), (6, 2), (6, 1), (6, 2), (6, 1), (6, 2), (6, 1), (6, 2), (6, 1), (6, 2), (6, 1), (6, 2), (6, 1), (6, 2), (6, 1)]
success=False

Episode  3100 | mean return   -405.6 | success rate  33.0%
Episode  3200 | mean return   -576.1 | success rate  25.0%
Episode  3300 | mean return   -628.3 | success rate  22.0%
Episode  3400 | mean return   -628.0 | success rate  22.0%
Episode  3500 | mean return   -494.4 | success rate  30.0%
Episode  3600 | mean return   -567.2 | success rate  26.0%
Episode  3700 | mean return   -565.6 | success rate  25.0%
Episode  3800 | mean return   -556.0 | success rate  26.0%
Episode  3900 | mean return   -489.7 | success rate  29.0%
Episode  4000 | mean return   -604.6 | success rate  23.0%
phase=train, time=morning
steps=101
trajectory=[(1, 1), (2, 1), (2, 2), (3, 2), (4, 2), (5, 2), (5, 1), (6, 1), (6, 2), (5, 2), (5, 3), (5, 4), (5, 3), (5, 4), (5, 3), (5, 4), (5, 3), (5, 4), (5, 3), (5, 4), (5, 3), (5, 4), (5, 3), (5, 4), (5, 3), (5, 4), (5, 3), (5, 4), (5, 3), (5, 4), (5, 3), (5, 4), (5, 3), (5, 4), (5, 3), (5, 4), (5, 3), (5, 4), (5, 3), (5, 4), (5, 3), (5, 4), (5, 3), (5, 4), (5, 3), (5, 4), (5, 3), (5, 4), (5, 3), (5, 4), (5, 3), (5, 4), (5, 3), (5, 4), (5, 3), (5, 4), (5, 3), (5, 4), (5, 3), (5, 4), (5, 3), (5, 4), (5, 3), (5, 4), (5, 3), (5, 4), (5, 3), (5, 4), (5, 3), (5, 4), (5, 3), (5, 4), (5, 3), (5, 4), (5, 3), (5, 4), (5, 3), (5, 4), (5, 3), (5, 4), (5, 3), (5, 4), (5, 3), (5, 4), (5, 3), (5, 4), (5, 3), (5, 4), (5, 3), (5, 4), (5, 3), (5, 4), (5, 3), (5, 4), (5, 3), (5, 4), (5, 3), (5, 4), (5, 3), (5, 4), (5, 3), (5, 4)]
success=False

phase=train, time=evening
steps=101
trajectory=[(1, 1), (2, 1), (2, 2), (3, 2), (4, 2), (5, 2), (5, 3), (6, 3), (6, 4), (6, 5), (6, 6), (6, 6), (6, 6), (6, 6), (6, 6), (6, 6), (6, 6), (6, 6), (6, 6), (6, 6), (6, 6), (6, 6), (6, 6), (6, 6), (6, 6), (6, 6), (6, 6), (6, 6), (6, 6), (6, 6), (6, 6), (6, 6), (6, 6), (6, 6), (6, 6), (6, 6), (6, 6), (6, 6), (6, 6), (6, 6), (6, 6), (6, 6), (6, 6), (6, 6), (6, 6), (6, 6), (6, 6), (6, 6), (6, 6), (6, 6), (6, 6), (6, 6), (6, 6), (6, 6), (6, 6), (6, 6), (6, 6), (6, 6), (6, 6), (6, 6), (6, 6), (6, 6), (6, 6), (6, 6), (6, 6), (6, 6), (6, 6), (6, 6), (6, 6), (6, 6), (6, 6), (6, 6), (6, 6), (6, 6), (6, 6), (6, 6), (6, 6), (6, 6), (6, 6), (6, 6), (6, 6), (6, 6), (6, 6), (6, 6), (6, 6), (6, 6), (6, 6), (6, 6), (6, 6), (6, 6), (6, 6), (6, 6), (6, 6), (6, 6), (6, 6), (6, 6), (6, 6), (6, 6), (6, 6), (6, 6), (6, 6), (6, 6)]
success=False

phase=test, time=morning
steps=101
trajectory=[(1, 1), (2, 1), (1, 1), (2, 1), (1, 1), (2, 1), (1, 1), (2, 1), (1, 1), (2, 1), (1, 1), (2, 1), (1, 1), (2, 1), (1, 1), (2, 1), (1, 1), (2, 1), (1, 1), (2, 1), (1, 1), (2, 1), (1, 1), (2, 1), (1, 1), (2, 1), (1, 1), (2, 1), (1, 1), (2, 1), (1, 1), (2, 1), (1, 1), (2, 1), (1, 1), (2, 1), (1, 1), (2, 1), (1, 1), (2, 1), (1, 1), (2, 1), (1, 1), (2, 1), (1, 1), (2, 1), (1, 1), (2, 1), (1, 1), (2, 1), (1, 1), (2, 1), (1, 1), (2, 1), (1, 1), (2, 1), (1, 1), (2, 1), (1, 1), (2, 1), (1, 1), (2, 1), (1, 1), (2, 1), (1, 1), (2, 1), (1, 1), (2, 1), (1, 1), (2, 1), (1, 1), (2, 1), (1, 1), (2, 1), (1, 1), (2, 1), (1, 1), (2, 1), (1, 1), (2, 1), (1, 1), (2, 1), (1, 1), (2, 1), (1, 1), (2, 1), (1, 1), (2, 1), (1, 1), (2, 1), (1, 1), (2, 1), (1, 1), (2, 1), (1, 1), (2, 1), (1, 1), (2, 1), (1, 1), (2, 1), (1, 1), (2, 1)]
success=False

phase=test, time=evening
steps=101
trajectory=[(1, 1), (2, 1), (2, 2), (2, 3), (3, 3), (4, 3), (5, 3), (5, 4), (6, 4), (6, 5), (6, 6), (6, 6), (6, 6), (6, 6), (6, 6), (6, 6), (6, 6), (6, 6), (6, 6), (6, 6), (6, 6), (6, 6), (6, 6), (6, 6), (6, 6), (6, 6), (6, 6), (6, 6), (6, 6), (6, 6), (6, 6), (6, 6), (6, 6), (6, 6), (6, 6), (6, 6), (6, 6), (6, 6), (6, 6), (6, 6), (6, 6), (6, 6), (6, 6), (6, 6), (6, 6), (6, 6), (6, 6), (6, 6), (6, 6), (6, 6), (6, 6), (6, 6), (6, 6), (6, 6), (6, 6), (6, 6), (6, 6), (6, 6), (6, 6), (6, 6), (6, 6), (6, 6), (6, 6), (6, 6), (6, 6), (6, 6), (6, 6), (6, 6), (6, 6), (6, 6), (6, 6), (6, 6), (6, 6), (6, 6), (6, 6), (6, 6), (6, 6), (6, 6), (6, 6), (6, 6), (6, 6), (6, 6), (6, 6), (6, 6), (6, 6), (6, 6), (6, 6), (6, 6), (6, 6), (6, 6), (6, 6), (6, 6), (6, 6), (6, 6), (6, 6), (6, 6), (6, 6), (6, 6), (6, 6), (6, 6), (6, 6), (6, 6)]
success=False

Episode  4100 | mean return   -535.7 | success rate  27.0%
Episode  4200 | mean return   -426.6 | success rate  32.0%
Episode  4300 | mean return   -424.7 | success rate  32.0%
Episode  4400 | mean return   -406.7 | success rate  33.0%
Episode  4500 | mean return   -325.6 | success rate  37.0%
Episode  4600 | mean return   -426.0 | success rate  32.0%
Episode  4700 | mean return   -533.3 | success rate  27.0%
Episode  4800 | mean return   -521.3 | success rate  27.0%
Episode  4900 | mean return   -611.2 | success rate  23.0%
Episode  5000 | mean return   -398.3 | success rate  33.0%
phase=train, time=morning
steps=101
trajectory=[(1, 1), (2, 1), (2, 2), (3, 2), (4, 2), (5, 2), (5, 1), (6, 1), (5, 1), (5, 2), (5, 3), (5, 4), (5, 3), (5, 4), (5, 3), (5, 4), (5, 3), (5, 4), (5, 3), (5, 4), (5, 3), (5, 4), (5, 3), (5, 4), (5, 3), (5, 4), (5, 3), (5, 4), (5, 3), (5, 4), (5, 3), (5, 4), (5, 3), (5, 4), (5, 3), (5, 4), (5, 3), (5, 4), (5, 3), (5, 4), (5, 3), (5, 4), (5, 3), (5, 4), (5, 3), (5, 4), (5, 3), (5, 4), (5, 3), (5, 4), (5, 3), (5, 4), (5, 3), (5, 4), (5, 3), (5, 4), (5, 3), (5, 4), (5, 3), (5, 4), (5, 3), (5, 4), (5, 3), (5, 4), (5, 3), (5, 4), (5, 3), (5, 4), (5, 3), (5, 4), (5, 3), (5, 4), (5, 3), (5, 4), (5, 3), (5, 4), (5, 3), (5, 4), (5, 3), (5, 4), (5, 3), (5, 4), (5, 3), (5, 4), (5, 3), (5, 4), (5, 3), (5, 4), (5, 3), (5, 4), (5, 3), (5, 4), (5, 3), (5, 4), (5, 3), (5, 4), (5, 3), (5, 4), (5, 3), (5, 4), (5, 3), (5, 4)]
success=False

phase=train, time=evening
steps=101
trajectory=[(1, 1), (2, 1), (2, 2), (3, 2), (4, 2), (5, 2), (5, 3), (6, 3), (6, 4), (6, 5), (6, 6), (6, 6), (6, 6), (6, 6), (6, 6), (6, 6), (6, 6), (6, 6), (6, 6), (6, 6), (6, 6), (6, 6), (6, 6), (6, 6), (6, 6), (6, 6), (6, 6), (6, 6), (6, 6), (6, 6), (6, 6), (6, 6), (6, 6), (6, 6), (6, 6), (6, 6), (6, 6), (6, 6), (6, 6), (6, 6), (6, 6), (6, 6), (6, 6), (6, 6), (6, 6), (6, 6), (6, 6), (6, 6), (6, 6), (6, 6), (6, 6), (6, 6), (6, 6), (6, 6), (6, 6), (6, 6), (6, 6), (6, 6), (6, 6), (6, 6), (6, 6), (6, 6), (6, 6), (6, 6), (6, 6), (6, 6), (6, 6), (6, 6), (6, 6), (6, 6), (6, 6), (6, 6), (6, 6), (6, 6), (6, 6), (6, 6), (6, 6), (6, 6), (6, 6), (6, 6), (6, 6), (6, 6), (6, 6), (6, 6), (6, 6), (6, 6), (6, 6), (6, 6), (6, 6), (6, 6), (6, 6), (6, 6), (6, 6), (6, 6), (6, 6), (6, 6), (6, 6), (6, 6), (6, 6), (6, 6), (6, 6), (6, 6)]
success=False

phase=test, time=morning
steps=101
trajectory=[(1, 1), (2, 1), (1, 1), (2, 1), (1, 1), (2, 1), (1, 1), (2, 1), (1, 1), (2, 1), (1, 1), (2, 1), (1, 1), (2, 1), (1, 1), (2, 1), (1, 1), (2, 1), (1, 1), (2, 1), (1, 1), (2, 1), (1, 1), (2, 1), (1, 1), (2, 1), (1, 1), (2, 1), (1, 1), (2, 1), (1, 1), (2, 1), (1, 1), (2, 1), (1, 1), (2, 1), (1, 1), (2, 1), (1, 1), (2, 1), (1, 1), (2, 1), (1, 1), (2, 1), (1, 1), (2, 1), (1, 1), (2, 1), (1, 1), (2, 1), (1, 1), (2, 1), (1, 1), (2, 1), (1, 1), (2, 1), (1, 1), (2, 1), (1, 1), (2, 1), (1, 1), (2, 1), (1, 1), (2, 1), (1, 1), (2, 1), (1, 1), (2, 1), (1, 1), (2, 1), (1, 1), (2, 1), (1, 1), (2, 1), (1, 1), (2, 1), (1, 1), (2, 1), (1, 1), (2, 1), (1, 1), (2, 1), (1, 1), (2, 1), (1, 1), (2, 1), (1, 1), (2, 1), (1, 1), (2, 1), (1, 1), (2, 1), (1, 1), (2, 1), (1, 1), (2, 1), (1, 1), (2, 1), (1, 1), (2, 1), (1, 1), (2, 1)]
success=False

phase=test, time=evening
steps=101
trajectory=[(1, 1), (2, 1), (2, 2), (2, 3), (3, 3), (4, 3), (5, 3), (5, 4), (6, 4), (6, 5), (6, 6), (6, 6), (6, 6), (6, 6), (6, 6), (6, 6), (6, 6), (6, 6), (6, 6), (6, 6), (6, 6), (6, 6), (6, 6), (6, 6), (6, 6), (6, 6), (6, 6), (6, 6), (6, 6), (6, 6), (6, 6), (6, 6), (6, 6), (6, 6), (6, 6), (6, 6), (6, 6), (6, 6), (6, 6), (6, 6), (6, 6), (6, 6), (6, 6), (6, 6), (6, 6), (6, 6), (6, 6), (6, 6), (6, 6), (6, 6), (6, 6), (6, 6), (6, 6), (6, 6), (6, 6), (6, 6), (6, 6), (6, 6), (6, 6), (6, 6), (6, 6), (6, 6), (6, 6), (6, 6), (6, 6), (6, 6), (6, 6), (6, 6), (6, 6), (6, 6), (6, 6), (6, 6), (6, 6), (6, 6), (6, 6), (6, 6), (6, 6), (6, 6), (6, 6), (6, 6), (6, 6), (6, 6), (6, 6), (6, 6), (6, 6), (6, 6), (6, 6), (6, 6), (6, 6), (6, 6), (6, 6), (6, 6), (6, 6), (6, 6), (6, 6), (6, 6), (6, 6), (6, 6), (6, 6), (6, 6), (6, 6), (6, 6)]
success=False

Episode  5100 | mean return   -342.1 | success rate  36.0%
Episode  5200 | mean return   -276.9 | success rate  39.0%
Episode  5300 | mean return   -499.5 | success rate  28.0%
Episode  5400 | mean return   -336.8 | success rate  36.0%
Episode  5500 | mean return   -566.9 | success rate  25.0%
Episode  5600 | mean return   -523.3 | success rate  27.0%
Episode  5700 | mean return   -222.1 | success rate  42.0%
Episode  5800 | mean return   -653.3 | success rate  21.0%
Episode  5900 | mean return   -570.5 | success rate  26.0%
Episode  6000 | mean return   -761.5 | success rate  16.0%
phase=train, time=morning
steps=101
trajectory=[(1, 1), (2, 1), (2, 2), (3, 2), (4, 2), (5, 2), (5, 1), (6, 1), (5, 1), (5, 2), (5, 3), (5, 4), (5, 5), (6, 5), (5, 5), (6, 5), (5, 5), (6, 5), (5, 5), (6, 5), (5, 5), (6, 5), (5, 5), (6, 5), (5, 5), (6, 5), (5, 5), (6, 5), (5, 5), (6, 5), (5, 5), (6, 5), (5, 5), (6, 5), (5, 5), (6, 5), (5, 5), (6, 5), (5, 5), (6, 5), (5, 5), (6, 5), (5, 5), (6, 5), (5, 5), (6, 5), (5, 5), (6, 5), (5, 5), (6, 5), (5, 5), (6, 5), (5, 5), (6, 5), (5, 5), (6, 5), (5, 5), (6, 5), (5, 5), (6, 5), (5, 5), (6, 5), (5, 5), (6, 5), (5, 5), (6, 5), (5, 5), (6, 5), (5, 5), (6, 5), (5, 5), (6, 5), (5, 5), (6, 5), (5, 5), (6, 5), (5, 5), (6, 5), (5, 5), (6, 5), (5, 5), (6, 5), (5, 5), (6, 5), (5, 5), (6, 5), (5, 5), (6, 5), (5, 5), (6, 5), (5, 5), (6, 5), (5, 5), (6, 5), (5, 5), (6, 5), (5, 5), (6, 5), (5, 5), (6, 5), (5, 5), (6, 5)]
success=False

phase=train, time=evening
steps=21
trajectory=[(1, 1), (2, 1), (2, 2), (3, 2), (4, 2), (5, 2), (5, 3), (5, 4), (5, 5), (6, 5), (6, 6), (5, 6), (5, 5), (5, 4), (5, 3), (4, 3), (3, 3), (2, 3), (1, 3), (1, 4), (1, 5), (1, 6)]
success=True

phase=test, time=morning
steps=101
trajectory=[(1, 1), (2, 1), (1, 1), (2, 1), (1, 1), (2, 1), (1, 1), (2, 1), (1, 1), (2, 1), (1, 1), (2, 1), (1, 1), (2, 1), (1, 1), (2, 1), (1, 1), (2, 1), (1, 1), (2, 1), (1, 1), (2, 1), (1, 1), (2, 1), (1, 1), (2, 1), (1, 1), (2, 1), (1, 1), (2, 1), (1, 1), (2, 1), (1, 1), (2, 1), (1, 1), (2, 1), (1, 1), (2, 1), (1, 1), (2, 1), (1, 1), (2, 1), (1, 1), (2, 1), (1, 1), (2, 1), (1, 1), (2, 1), (1, 1), (2, 1), (1, 1), (2, 1), (1, 1), (2, 1), (1, 1), (2, 1), (1, 1), (2, 1), (1, 1), (2, 1), (1, 1), (2, 1), (1, 1), (2, 1), (1, 1), (2, 1), (1, 1), (2, 1), (1, 1), (2, 1), (1, 1), (2, 1), (1, 1), (2, 1), (1, 1), (2, 1), (1, 1), (2, 1), (1, 1), (2, 1), (1, 1), (2, 1), (1, 1), (2, 1), (1, 1), (2, 1), (1, 1), (2, 1), (1, 1), (2, 1), (1, 1), (2, 1), (1, 1), (2, 1), (1, 1), (2, 1), (1, 1), (2, 1), (1, 1), (2, 1), (1, 1), (2, 1)]
success=False

phase=test, time=evening
steps=19
trajectory=[(1, 1), (2, 1), (2, 2), (2, 3), (3, 3), (4, 3), (5, 3), (5, 4), (5, 5), (6, 5), (6, 6), (5, 6), (5, 5), (5, 4), (4, 4), (3, 4), (2, 4), (1, 4), (1, 5), (1, 6)]
success=True

Episode  6100 | mean return   -322.0 | success rate  37.0%
Episode  6200 | mean return   -464.2 | success rate  30.0%
Episode  6300 | mean return   -582.7 | success rate  25.0%
Episode  6400 | mean return   -482.2 | success rate  29.0%
Episode  6500 | mean return   -519.6 | success rate  27.0%
Episode  6600 | mean return   -345.2 | success rate  37.0%
Episode  6700 | mean return   -707.9 | success rate  18.0%
Episode  6800 | mean return   -444.6 | success rate  31.0%
Episode  6900 | mean return   -685.2 | success rate  19.0%
Episode  7000 | mean return   -583.7 | success rate  24.0%
phase=train, time=morning
steps=101
trajectory=[(1, 1), (2, 1), (2, 2), (3, 2), (4, 2), (5, 2), (5, 1), (6, 1), (5, 1), (5, 2), (5, 3), (5, 4), (5, 3), (5, 4), (5, 3), (5, 4), (5, 3), (5, 4), (5, 3), (5, 4), (5, 3), (5, 4), (5, 3), (5, 4), (5, 3), (5, 4), (5, 3), (5, 4), (5, 3), (5, 4), (5, 3), (5, 4), (5, 3), (5, 4), (5, 3), (5, 4), (5, 3), (5, 4), (5, 3), (5, 4), (5, 3), (5, 4), (5, 3), (5, 4), (5, 3), (5, 4), (5, 3), (5, 4), (5, 3), (5, 4), (5, 3), (5, 4), (5, 3), (5, 4), (5, 3), (5, 4), (5, 3), (5, 4), (5, 3), (5, 4), (5, 3), (5, 4), (5, 3), (5, 4), (5, 3), (5, 4), (5, 3), (5, 4), (5, 3), (5, 4), (5, 3), (5, 4), (5, 3), (5, 4), (5, 3), (5, 4), (5, 3), (5, 4), (5, 3), (5, 4), (5, 3), (5, 4), (5, 3), (5, 4), (5, 3), (5, 4), (5, 3), (5, 4), (5, 3), (5, 4), (5, 3), (5, 4), (5, 3), (5, 4), (5, 3), (5, 4), (5, 3), (5, 4), (5, 3), (5, 4), (5, 3), (5, 4)]
success=False

phase=train, time=evening
steps=101
trajectory=[(1, 1), (2, 1), (2, 2), (3, 2), (4, 2), (5, 2), (5, 3), (5, 4), (5, 5), (5, 4), (5, 5), (5, 4), (5, 5), (5, 4), (5, 5), (5, 4), (5, 5), (5, 4), (5, 5), (5, 4), (5, 5), (5, 4), (5, 5), (5, 4), (5, 5), (5, 4), (5, 5), (5, 4), (5, 5), (5, 4), (5, 5), (5, 4), (5, 5), (5, 4), (5, 5), (5, 4), (5, 5), (5, 4), (5, 5), (5, 4), (5, 5), (5, 4), (5, 5), (5, 4), (5, 5), (5, 4), (5, 5), (5, 4), (5, 5), (5, 4), (5, 5), (5, 4), (5, 5), (5, 4), (5, 5), (5, 4), (5, 5), (5, 4), (5, 5), (5, 4), (5, 5), (5, 4), (5, 5), (5, 4), (5, 5), (5, 4), (5, 5), (5, 4), (5, 5), (5, 4), (5, 5), (5, 4), (5, 5), (5, 4), (5, 5), (5, 4), (5, 5), (5, 4), (5, 5), (5, 4), (5, 5), (5, 4), (5, 5), (5, 4), (5, 5), (5, 4), (5, 5), (5, 4), (5, 5), (5, 4), (5, 5), (5, 4), (5, 5), (5, 4), (5, 5), (5, 4), (5, 5), (5, 4), (5, 5), (5, 4), (5, 5), (5, 4)]
success=False

phase=test, time=morning
steps=101
trajectory=[(1, 1), (2, 1), (1, 1), (2, 1), (1, 1), (2, 1), (1, 1), (2, 1), (1, 1), (2, 1), (1, 1), (2, 1), (1, 1), (2, 1), (1, 1), (2, 1), (1, 1), (2, 1), (1, 1), (2, 1), (1, 1), (2, 1), (1, 1), (2, 1), (1, 1), (2, 1), (1, 1), (2, 1), (1, 1), (2, 1), (1, 1), (2, 1), (1, 1), (2, 1), (1, 1), (2, 1), (1, 1), (2, 1), (1, 1), (2, 1), (1, 1), (2, 1), (1, 1), (2, 1), (1, 1), (2, 1), (1, 1), (2, 1), (1, 1), (2, 1), (1, 1), (2, 1), (1, 1), (2, 1), (1, 1), (2, 1), (1, 1), (2, 1), (1, 1), (2, 1), (1, 1), (2, 1), (1, 1), (2, 1), (1, 1), (2, 1), (1, 1), (2, 1), (1, 1), (2, 1), (1, 1), (2, 1), (1, 1), (2, 1), (1, 1), (2, 1), (1, 1), (2, 1), (1, 1), (2, 1), (1, 1), (2, 1), (1, 1), (2, 1), (1, 1), (2, 1), (1, 1), (2, 1), (1, 1), (2, 1), (1, 1), (2, 1), (1, 1), (2, 1), (1, 1), (2, 1), (1, 1), (2, 1), (1, 1), (2, 1), (1, 1), (2, 1)]
success=False

phase=test, time=evening
steps=19
trajectory=[(1, 1), (2, 1), (2, 2), (2, 3), (3, 3), (4, 3), (5, 3), (5, 4), (5, 5), (6, 5), (6, 6), (5, 6), (5, 5), (5, 4), (4, 4), (3, 4), (2, 4), (1, 4), (1, 5), (1, 6)]
success=True

Episode  7100 | mean return   -389.1 | success rate  34.0%
Episode  7200 | mean return   -593.4 | success rate  24.0%
Episode  7300 | mean return   -388.1 | success rate  34.0%
Episode  7400 | mean return   -564.1 | success rate  25.0%
Episode  7500 | mean return   -504.1 | success rate  28.0%
Episode  7600 | mean return   -272.4 | success rate  39.0%
Episode  7700 | mean return   -378.8 | success rate  34.0%
Episode  7800 | mean return   -489.5 | success rate  28.0%
Episode  7900 | mean return   -500.3 | success rate  29.0%
Episode  8000 | mean return   -371.2 | success rate  34.0%
phase=train, time=morning
steps=101
trajectory=[(1, 1), (2, 1), (2, 2), (3, 2), (4, 2), (5, 2), (5, 1), (6, 1), (6, 2), (5, 2), (5, 3), (5, 4), (5, 3), (5, 4), (5, 3), (5, 4), (5, 3), (5, 4), (5, 3), (5, 4), (5, 3), (5, 4), (5, 3), (5, 4), (5, 3), (5, 4), (5, 3), (5, 4), (5, 3), (5, 4), (5, 3), (5, 4), (5, 3), (5, 4), (5, 3), (5, 4), (5, 3), (5, 4), (5, 3), (5, 4), (5, 3), (5, 4), (5, 3), (5, 4), (5, 3), (5, 4), (5, 3), (5, 4), (5, 3), (5, 4), (5, 3), (5, 4), (5, 3), (5, 4), (5, 3), (5, 4), (5, 3), (5, 4), (5, 3), (5, 4), (5, 3), (5, 4), (5, 3), (5, 4), (5, 3), (5, 4), (5, 3), (5, 4), (5, 3), (5, 4), (5, 3), (5, 4), (5, 3), (5, 4), (5, 3), (5, 4), (5, 3), (5, 4), (5, 3), (5, 4), (5, 3), (5, 4), (5, 3), (5, 4), (5, 3), (5, 4), (5, 3), (5, 4), (5, 3), (5, 4), (5, 3), (5, 4), (5, 3), (5, 4), (5, 3), (5, 4), (5, 3), (5, 4), (5, 3), (5, 4), (5, 3), (5, 4)]
success=False

phase=train, time=evening
steps=101
trajectory=[(1, 1), (2, 1), (2, 2), (3, 2), (4, 2), (5, 2), (5, 3), (6, 3), (6, 4), (6, 5), (6, 6), (6, 6), (6, 6), (6, 6), (6, 6), (6, 6), (6, 6), (6, 6), (6, 6), (6, 6), (6, 6), (6, 6), (6, 6), (6, 6), (6, 6), (6, 6), (6, 6), (6, 6), (6, 6), (6, 6), (6, 6), (6, 6), (6, 6), (6, 6), (6, 6), (6, 6), (6, 6), (6, 6), (6, 6), (6, 6), (6, 6), (6, 6), (6, 6), (6, 6), (6, 6), (6, 6), (6, 6), (6, 6), (6, 6), (6, 6), (6, 6), (6, 6), (6, 6), (6, 6), (6, 6), (6, 6), (6, 6), (6, 6), (6, 6), (6, 6), (6, 6), (6, 6), (6, 6), (6, 6), (6, 6), (6, 6), (6, 6), (6, 6), (6, 6), (6, 6), (6, 6), (6, 6), (6, 6), (6, 6), (6, 6), (6, 6), (6, 6), (6, 6), (6, 6), (6, 6), (6, 6), (6, 6), (6, 6), (6, 6), (6, 6), (6, 6), (6, 6), (6, 6), (6, 6), (6, 6), (6, 6), (6, 6), (6, 6), (6, 6), (6, 6), (6, 6), (6, 6), (6, 6), (6, 6), (6, 6), (6, 6), (6, 6)]
success=False

phase=test, time=morning
steps=101
trajectory=[(1, 1), (2, 1), (1, 1), (2, 1), (1, 1), (2, 1), (1, 1), (2, 1), (1, 1), (2, 1), (1, 1), (2, 1), (1, 1), (2, 1), (1, 1), (2, 1), (1, 1), (2, 1), (1, 1), (2, 1), (1, 1), (2, 1), (1, 1), (2, 1), (1, 1), (2, 1), (1, 1), (2, 1), (1, 1), (2, 1), (1, 1), (2, 1), (1, 1), (2, 1), (1, 1), (2, 1), (1, 1), (2, 1), (1, 1), (2, 1), (1, 1), (2, 1), (1, 1), (2, 1), (1, 1), (2, 1), (1, 1), (2, 1), (1, 1), (2, 1), (1, 1), (2, 1), (1, 1), (2, 1), (1, 1), (2, 1), (1, 1), (2, 1), (1, 1), (2, 1), (1, 1), (2, 1), (1, 1), (2, 1), (1, 1), (2, 1), (1, 1), (2, 1), (1, 1), (2, 1), (1, 1), (2, 1), (1, 1), (2, 1), (1, 1), (2, 1), (1, 1), (2, 1), (1, 1), (2, 1), (1, 1), (2, 1), (1, 1), (2, 1), (1, 1), (2, 1), (1, 1), (2, 1), (1, 1), (2, 1), (1, 1), (2, 1), (1, 1), (2, 1), (1, 1), (2, 1), (1, 1), (2, 1), (1, 1), (2, 1), (1, 1), (2, 1)]
success=False

phase=test, time=evening
steps=101
trajectory=[(1, 1), (2, 1), (2, 2), (2, 3), (3, 3), (4, 3), (5, 3), (5, 4), (6, 4), (6, 5), (6, 6), (6, 6), (6, 6), (6, 6), (6, 6), (6, 6), (6, 6), (6, 6), (6, 6), (6, 6), (6, 6), (6, 6), (6, 6), (6, 6), (6, 6), (6, 6), (6, 6), (6, 6), (6, 6), (6, 6), (6, 6), (6, 6), (6, 6), (6, 6), (6, 6), (6, 6), (6, 6), (6, 6), (6, 6), (6, 6), (6, 6), (6, 6), (6, 6), (6, 6), (6, 6), (6, 6), (6, 6), (6, 6), (6, 6), (6, 6), (6, 6), (6, 6), (6, 6), (6, 6), (6, 6), (6, 6), (6, 6), (6, 6), (6, 6), (6, 6), (6, 6), (6, 6), (6, 6), (6, 6), (6, 6), (6, 6), (6, 6), (6, 6), (6, 6), (6, 6), (6, 6), (6, 6), (6, 6), (6, 6), (6, 6), (6, 6), (6, 6), (6, 6), (6, 6), (6, 6), (6, 6), (6, 6), (6, 6), (6, 6), (6, 6), (6, 6), (6, 6), (6, 6), (6, 6), (6, 6), (6, 6), (6, 6), (6, 6), (6, 6), (6, 6), (6, 6), (6, 6), (6, 6), (6, 6), (6, 6), (6, 6), (6, 6)]
success=False

Episode  8100 | mean return    -47.8 | success rate  50.0%
Episode  8200 | mean return   -481.5 | success rate  29.0%
Episode  8300 | mean return   -421.2 | success rate  32.0%
Episode  8400 | mean return   -496.7 | success rate  28.0%
Episode  8500 | mean return   -502.0 | success rate  28.0%
Episode  8600 | mean return   -398.3 | success rate  33.0%
Episode  8700 | mean return   -540.5 | success rate  26.0%
Episode  8800 | mean return   -235.2 | success rate  41.0%
Episode  8900 | mean return   -433.2 | success rate  31.0%
Episode  9000 | mean return   -371.4 | success rate  34.0%
phase=train, time=morning
steps=101
trajectory=[(1, 1), (2, 1), (2, 2), (3, 2), (4, 2), (5, 2), (5, 1), (6, 1), (6, 2), (5, 2), (5, 3), (5, 4), (5, 3), (5, 4), (5, 3), (5, 4), (5, 3), (5, 4), (5, 3), (5, 4), (5, 3), (5, 4), (5, 3), (5, 4), (5, 3), (5, 4), (5, 3), (5, 4), (5, 3), (5, 4), (5, 3), (5, 4), (5, 3), (5, 4), (5, 3), (5, 4), (5, 3), (5, 4), (5, 3), (5, 4), (5, 3), (5, 4), (5, 3), (5, 4), (5, 3), (5, 4), (5, 3), (5, 4), (5, 3), (5, 4), (5, 3), (5, 4), (5, 3), (5, 4), (5, 3), (5, 4), (5, 3), (5, 4), (5, 3), (5, 4), (5, 3), (5, 4), (5, 3), (5, 4), (5, 3), (5, 4), (5, 3), (5, 4), (5, 3), (5, 4), (5, 3), (5, 4), (5, 3), (5, 4), (5, 3), (5, 4), (5, 3), (5, 4), (5, 3), (5, 4), (5, 3), (5, 4), (5, 3), (5, 4), (5, 3), (5, 4), (5, 3), (5, 4), (5, 3), (5, 4), (5, 3), (5, 4), (5, 3), (5, 4), (5, 3), (5, 4), (5, 3), (5, 4), (5, 3), (5, 4), (5, 3), (5, 4)]
success=False

phase=train, time=evening
steps=101
trajectory=[(1, 1), (2, 1), (2, 2), (3, 2), (4, 2), (5, 2), (5, 3), (6, 3), (6, 4), (6, 5), (6, 6), (6, 6), (6, 6), (6, 6), (6, 6), (6, 6), (6, 6), (6, 6), (6, 6), (6, 6), (6, 6), (6, 6), (6, 6), (6, 6), (6, 6), (6, 6), (6, 6), (6, 6), (6, 6), (6, 6), (6, 6), (6, 6), (6, 6), (6, 6), (6, 6), (6, 6), (6, 6), (6, 6), (6, 6), (6, 6), (6, 6), (6, 6), (6, 6), (6, 6), (6, 6), (6, 6), (6, 6), (6, 6), (6, 6), (6, 6), (6, 6), (6, 6), (6, 6), (6, 6), (6, 6), (6, 6), (6, 6), (6, 6), (6, 6), (6, 6), (6, 6), (6, 6), (6, 6), (6, 6), (6, 6), (6, 6), (6, 6), (6, 6), (6, 6), (6, 6), (6, 6), (6, 6), (6, 6), (6, 6), (6, 6), (6, 6), (6, 6), (6, 6), (6, 6), (6, 6), (6, 6), (6, 6), (6, 6), (6, 6), (6, 6), (6, 6), (6, 6), (6, 6), (6, 6), (6, 6), (6, 6), (6, 6), (6, 6), (6, 6), (6, 6), (6, 6), (6, 6), (6, 6), (6, 6), (6, 6), (6, 6), (6, 6)]
success=False

phase=test, time=morning
steps=101
trajectory=[(1, 1), (2, 1), (1, 1), (2, 1), (1, 1), (2, 1), (1, 1), (2, 1), (1, 1), (2, 1), (1, 1), (2, 1), (1, 1), (2, 1), (1, 1), (2, 1), (1, 1), (2, 1), (1, 1), (2, 1), (1, 1), (2, 1), (1, 1), (2, 1), (1, 1), (2, 1), (1, 1), (2, 1), (1, 1), (2, 1), (1, 1), (2, 1), (1, 1), (2, 1), (1, 1), (2, 1), (1, 1), (2, 1), (1, 1), (2, 1), (1, 1), (2, 1), (1, 1), (2, 1), (1, 1), (2, 1), (1, 1), (2, 1), (1, 1), (2, 1), (1, 1), (2, 1), (1, 1), (2, 1), (1, 1), (2, 1), (1, 1), (2, 1), (1, 1), (2, 1), (1, 1), (2, 1), (1, 1), (2, 1), (1, 1), (2, 1), (1, 1), (2, 1), (1, 1), (2, 1), (1, 1), (2, 1), (1, 1), (2, 1), (1, 1), (2, 1), (1, 1), (2, 1), (1, 1), (2, 1), (1, 1), (2, 1), (1, 1), (2, 1), (1, 1), (2, 1), (1, 1), (2, 1), (1, 1), (2, 1), (1, 1), (2, 1), (1, 1), (2, 1), (1, 1), (2, 1), (1, 1), (2, 1), (1, 1), (2, 1), (1, 1), (2, 1)]
success=False

phase=test, time=evening
steps=101
trajectory=[(1, 1), (2, 1), (2, 2), (2, 3), (3, 3), (4, 3), (5, 3), (5, 4), (6, 4), (6, 5), (6, 6), (6, 6), (6, 6), (6, 6), (6, 6), (6, 6), (6, 6), (6, 6), (6, 6), (6, 6), (6, 6), (6, 6), (6, 6), (6, 6), (6, 6), (6, 6), (6, 6), (6, 6), (6, 6), (6, 6), (6, 6), (6, 6), (6, 6), (6, 6), (6, 6), (6, 6), (6, 6), (6, 6), (6, 6), (6, 6), (6, 6), (6, 6), (6, 6), (6, 6), (6, 6), (6, 6), (6, 6), (6, 6), (6, 6), (6, 6), (6, 6), (6, 6), (6, 6), (6, 6), (6, 6), (6, 6), (6, 6), (6, 6), (6, 6), (6, 6), (6, 6), (6, 6), (6, 6), (6, 6), (6, 6), (6, 6), (6, 6), (6, 6), (6, 6), (6, 6), (6, 6), (6, 6), (6, 6), (6, 6), (6, 6), (6, 6), (6, 6), (6, 6), (6, 6), (6, 6), (6, 6), (6, 6), (6, 6), (6, 6), (6, 6), (6, 6), (6, 6), (6, 6), (6, 6), (6, 6), (6, 6), (6, 6), (6, 6), (6, 6), (6, 6), (6, 6), (6, 6), (6, 6), (6, 6), (6, 6), (6, 6), (6, 6)]
success=False

Episode  9100 | mean return   -456.4 | success rate  30.0%
Episode  9200 | mean return   -297.5 | success rate  38.0%
Episode  9300 | mean return   -227.0 | success rate  41.0%
Episode  9400 | mean return   -206.1 | success rate  42.0%
Episode  9500 | mean return   -383.2 | success rate  34.0%
Episode  9600 | mean return   -340.3 | success rate  36.0%
Episode  9700 | mean return   -355.2 | success rate  35.0%
Episode  9800 | mean return   -600.2 | success rate  23.0%
Episode  9900 | mean return   -335.5 | success rate  36.0%
Episode 10000 | mean return   -544.6 | success rate  26.0%
phase=train, time=morning
steps=101
trajectory=[(1, 1), (2, 1), (2, 2), (3, 2), (4, 2), (5, 2), (5, 1), (6, 1), (5, 1), (5, 2), (6, 2), (5, 2), (6, 2), (5, 2), (6, 2), (5, 2), (6, 2), (5, 2), (6, 2), (5, 2), (6, 2), (5, 2), (6, 2), (5, 2), (6, 2), (5, 2), (6, 2), (5, 2), (6, 2), (5, 2), (6, 2), (5, 2), (6, 2), (5, 2), (6, 2), (5, 2), (6, 2), (5, 2), (6, 2), (5, 2), (6, 2), (5, 2), (6, 2), (5, 2), (6, 2), (5, 2), (6, 2), (5, 2), (6, 2), (5, 2), (6, 2), (5, 2), (6, 2), (5, 2), (6, 2), (5, 2), (6, 2), (5, 2), (6, 2), (5, 2), (6, 2), (5, 2), (6, 2), (5, 2), (6, 2), (5, 2), (6, 2), (5, 2), (6, 2), (5, 2), (6, 2), (5, 2), (6, 2), (5, 2), (6, 2), (5, 2), (6, 2), (5, 2), (6, 2), (5, 2), (6, 2), (5, 2), (6, 2), (5, 2), (6, 2), (5, 2), (6, 2), (5, 2), (6, 2), (5, 2), (6, 2), (5, 2), (6, 2), (5, 2), (6, 2), (5, 2), (6, 2), (5, 2), (6, 2), (5, 2), (6, 2), (5, 2)]
success=False

phase=train, time=evening
steps=25
trajectory=[(1, 1), (2, 1), (2, 2), (3, 2), (4, 2), (5, 2), (5, 3), (5, 4), (6, 4), (6, 5), (6, 6), (6, 5), (6, 4), (6, 3), (6, 2), (6, 1), (5, 1), (5, 2), (5, 3), (4, 3), (3, 3), (2, 3), (1, 3), (1, 4), (1, 5), (1, 6)]
success=True

phase=test, time=morning
steps=101
trajectory=[(1, 1), (2, 1), (1, 1), (2, 1), (1, 1), (2, 1), (1, 1), (2, 1), (1, 1), (2, 1), (1, 1), (2, 1), (1, 1), (2, 1), (1, 1), (2, 1), (1, 1), (2, 1), (1, 1), (2, 1), (1, 1), (2, 1), (1, 1), (2, 1), (1, 1), (2, 1), (1, 1), (2, 1), (1, 1), (2, 1), (1, 1), (2, 1), (1, 1), (2, 1), (1, 1), (2, 1), (1, 1), (2, 1), (1, 1), (2, 1), (1, 1), (2, 1), (1, 1), (2, 1), (1, 1), (2, 1), (1, 1), (2, 1), (1, 1), (2, 1), (1, 1), (2, 1), (1, 1), (2, 1), (1, 1), (2, 1), (1, 1), (2, 1), (1, 1), (2, 1), (1, 1), (2, 1), (1, 1), (2, 1), (1, 1), (2, 1), (1, 1), (2, 1), (1, 1), (2, 1), (1, 1), (2, 1), (1, 1), (2, 1), (1, 1), (2, 1), (1, 1), (2, 1), (1, 1), (2, 1), (1, 1), (2, 1), (1, 1), (2, 1), (1, 1), (2, 1), (1, 1), (2, 1), (1, 1), (2, 1), (1, 1), (2, 1), (1, 1), (2, 1), (1, 1), (2, 1), (1, 1), (2, 1), (1, 1), (2, 1), (1, 1), (2, 1)]
success=False

phase=test, time=evening
steps=101
trajectory=[(1, 1), (2, 1), (2, 2), (2, 3), (3, 3), (4, 3), (5, 3), (5, 4), (5, 5), (6, 5), (6, 6), (6, 5), (6, 4), (6, 3), (6, 2), (6, 1), (5, 1), (5, 2), (5, 1), (5, 2), (5, 1), (5, 2), (5, 1), (5, 2), (5, 1), (5, 2), (5, 1), (5, 2), (5, 1), (5, 2), (5, 1), (5, 2), (5, 1), (5, 2), (5, 1), (5, 2), (5, 1), (5, 2), (5, 1), (5, 2), (5, 1), (5, 2), (5, 1), (5, 2), (5, 1), (5, 2), (5, 1), (5, 2), (5, 1), (5, 2), (5, 1), (5, 2), (5, 1), (5, 2), (5, 1), (5, 2), (5, 1), (5, 2), (5, 1), (5, 2), (5, 1), (5, 2), (5, 1), (5, 2), (5, 1), (5, 2), (5, 1), (5, 2), (5, 1), (5, 2), (5, 1), (5, 2), (5, 1), (5, 2), (5, 1), (5, 2), (5, 1), (5, 2), (5, 1), (5, 2), (5, 1), (5, 2), (5, 1), (5, 2), (5, 1), (5, 2), (5, 1), (5, 2), (5, 1), (5, 2), (5, 1), (5, 2), (5, 1), (5, 2), (5, 1), (5, 2), (5, 1), (5, 2), (5, 1), (5, 2), (5, 1), (5, 2)]
success=False

Episode 10100 | mean return   -514.7 | success rate  27.0%
Episode 10200 | mean return   -496.4 | success rate  28.0%
Episode 10300 | mean return   -296.8 | success rate  38.0%
Episode 10400 | mean return   -412.2 | success rate  32.0%
Episode 10500 | mean return   -269.8 | success rate  39.0%
Episode 10600 | mean return   -282.6 | success rate  38.0%
Episode 10700 | mean return   -345.6 | success rate  35.0%
Episode 10800 | mean return   -348.7 | success rate  35.0%
Episode 10900 | mean return   -241.3 | success rate  41.0%
Episode 11000 | mean return   -203.4 | success rate  42.0%
phase=train, time=morning
steps=101
trajectory=[(1, 1), (2, 1), (2, 2), (3, 2), (4, 2), (5, 2), (5, 1), (6, 1), (6, 2), (5, 2), (5, 3), (5, 4), (6, 4), (5, 4), (6, 4), (5, 4), (6, 4), (5, 4), (6, 4), (5, 4), (6, 4), (5, 4), (6, 4), (5, 4), (6, 4), (5, 4), (6, 4), (5, 4), (6, 4), (5, 4), (6, 4), (5, 4), (6, 4), (5, 4), (6, 4), (5, 4), (6, 4), (5, 4), (6, 4), (5, 4), (6, 4), (5, 4), (6, 4), (5, 4), (6, 4), (5, 4), (6, 4), (5, 4), (6, 4), (5, 4), (6, 4), (5, 4), (6, 4), (5, 4), (6, 4), (5, 4), (6, 4), (5, 4), (6, 4), (5, 4), (6, 4), (5, 4), (6, 4), (5, 4), (6, 4), (5, 4), (6, 4), (5, 4), (6, 4), (5, 4), (6, 4), (5, 4), (6, 4), (5, 4), (6, 4), (5, 4), (6, 4), (5, 4), (6, 4), (5, 4), (6, 4), (5, 4), (6, 4), (5, 4), (6, 4), (5, 4), (6, 4), (5, 4), (6, 4), (5, 4), (6, 4), (5, 4), (6, 4), (5, 4), (6, 4), (5, 4), (6, 4), (5, 4), (6, 4), (5, 4), (6, 4), (5, 4)]
success=False

phase=train, time=evening
steps=21
trajectory=[(1, 1), (2, 1), (2, 2), (3, 2), (4, 2), (5, 2), (5, 3), (5, 4), (6, 4), (6, 5), (6, 6), (5, 6), (5, 5), (5, 4), (5, 3), (4, 3), (3, 3), (2, 3), (1, 3), (1, 4), (1, 5), (1, 6)]
success=True

phase=test, time=morning
steps=101
trajectory=[(1, 1), (2, 1), (1, 1), (2, 1), (1, 1), (2, 1), (1, 1), (2, 1), (1, 1), (2, 1), (1, 1), (2, 1), (1, 1), (2, 1), (1, 1), (2, 1), (1, 1), (2, 1), (1, 1), (2, 1), (1, 1), (2, 1), (1, 1), (2, 1), (1, 1), (2, 1), (1, 1), (2, 1), (1, 1), (2, 1), (1, 1), (2, 1), (1, 1), (2, 1), (1, 1), (2, 1), (1, 1), (2, 1), (1, 1), (2, 1), (1, 1), (2, 1), (1, 1), (2, 1), (1, 1), (2, 1), (1, 1), (2, 1), (1, 1), (2, 1), (1, 1), (2, 1), (1, 1), (2, 1), (1, 1), (2, 1), (1, 1), (2, 1), (1, 1), (2, 1), (1, 1), (2, 1), (1, 1), (2, 1), (1, 1), (2, 1), (1, 1), (2, 1), (1, 1), (2, 1), (1, 1), (2, 1), (1, 1), (2, 1), (1, 1), (2, 1), (1, 1), (2, 1), (1, 1), (2, 1), (1, 1), (2, 1), (1, 1), (2, 1), (1, 1), (2, 1), (1, 1), (2, 1), (1, 1), (2, 1), (1, 1), (2, 1), (1, 1), (2, 1), (1, 1), (2, 1), (1, 1), (2, 1), (1, 1), (2, 1), (1, 1), (2, 1)]
success=False

phase=test, time=evening
steps=19
trajectory=[(1, 1), (2, 1), (2, 2), (2, 3), (3, 3), (4, 3), (5, 3), (5, 4), (5, 5), (6, 5), (6, 6), (5, 6), (5, 5), (5, 4), (4, 4), (3, 4), (2, 4), (1, 4), (1, 5), (1, 6)]
success=True

Episode 11100 | mean return   -103.4 | success rate  47.0%
Episode 11200 | mean return   -418.3 | success rate  32.0%
Episode 11300 | mean return   -224.5 | success rate  41.0%
Episode 11400 | mean return   -351.8 | success rate  35.0%
Episode 11500 | mean return   -221.4 | success rate  41.0%
Episode 11600 | mean return   -323.7 | success rate  36.0%
Episode 11700 | mean return   -388.0 | success rate  33.0%
Episode 11800 | mean return   -305.1 | success rate  37.0%
Episode 11900 | mean return   -371.0 | success rate  34.0%
Episode 12000 | mean return   -307.4 | success rate  37.0%
phase=train, time=morning
steps=101
trajectory=[(1, 1), (2, 1), (2, 2), (3, 2), (4, 2), (5, 2), (5, 1), (6, 1), (5, 1), (5, 2), (5, 3), (5, 4), (5, 3), (5, 4), (5, 3), (5, 4), (5, 3), (5, 4), (5, 3), (5, 4), (5, 3), (5, 4), (5, 3), (5, 4), (5, 3), (5, 4), (5, 3), (5, 4), (5, 3), (5, 4), (5, 3), (5, 4), (5, 3), (5, 4), (5, 3), (5, 4), (5, 3), (5, 4), (5, 3), (5, 4), (5, 3), (5, 4), (5, 3), (5, 4), (5, 3), (5, 4), (5, 3), (5, 4), (5, 3), (5, 4), (5, 3), (5, 4), (5, 3), (5, 4), (5, 3), (5, 4), (5, 3), (5, 4), (5, 3), (5, 4), (5, 3), (5, 4), (5, 3), (5, 4), (5, 3), (5, 4), (5, 3), (5, 4), (5, 3), (5, 4), (5, 3), (5, 4), (5, 3), (5, 4), (5, 3), (5, 4), (5, 3), (5, 4), (5, 3), (5, 4), (5, 3), (5, 4), (5, 3), (5, 4), (5, 3), (5, 4), (5, 3), (5, 4), (5, 3), (5, 4), (5, 3), (5, 4), (5, 3), (5, 4), (5, 3), (5, 4), (5, 3), (5, 4), (5, 3), (5, 4), (5, 3), (5, 4)]
success=False

phase=train, time=evening
steps=21
trajectory=[(1, 1), (2, 1), (2, 2), (3, 2), (4, 2), (5, 2), (5, 3), (5, 4), (6, 4), (6, 5), (6, 6), (5, 6), (5, 5), (5, 4), (5, 3), (4, 3), (3, 3), (2, 3), (1, 3), (1, 4), (1, 5), (1, 6)]
success=True

phase=test, time=morning
steps=101
trajectory=[(1, 1), (2, 1), (1, 1), (2, 1), (1, 1), (2, 1), (1, 1), (2, 1), (1, 1), (2, 1), (1, 1), (2, 1), (1, 1), (2, 1), (1, 1), (2, 1), (1, 1), (2, 1), (1, 1), (2, 1), (1, 1), (2, 1), (1, 1), (2, 1), (1, 1), (2, 1), (1, 1), (2, 1), (1, 1), (2, 1), (1, 1), (2, 1), (1, 1), (2, 1), (1, 1), (2, 1), (1, 1), (2, 1), (1, 1), (2, 1), (1, 1), (2, 1), (1, 1), (2, 1), (1, 1), (2, 1), (1, 1), (2, 1), (1, 1), (2, 1), (1, 1), (2, 1), (1, 1), (2, 1), (1, 1), (2, 1), (1, 1), (2, 1), (1, 1), (2, 1), (1, 1), (2, 1), (1, 1), (2, 1), (1, 1), (2, 1), (1, 1), (2, 1), (1, 1), (2, 1), (1, 1), (2, 1), (1, 1), (2, 1), (1, 1), (2, 1), (1, 1), (2, 1), (1, 1), (2, 1), (1, 1), (2, 1), (1, 1), (2, 1), (1, 1), (2, 1), (1, 1), (2, 1), (1, 1), (2, 1), (1, 1), (2, 1), (1, 1), (2, 1), (1, 1), (2, 1), (1, 1), (2, 1), (1, 1), (2, 1), (1, 1), (2, 1)]
success=False

phase=test, time=evening
steps=19
trajectory=[(1, 1), (2, 1), (2, 2), (2, 3), (3, 3), (4, 3), (5, 3), (5, 4), (5, 5), (6, 5), (6, 6), (5, 6), (5, 5), (5, 4), (4, 4), (3, 4), (2, 4), (1, 4), (1, 5), (1, 6)]
success=True

Episode 12100 | mean return   -456.8 | success rate  30.0%
Episode 12200 | mean return   -201.0 | success rate  43.0%
Episode 12300 | mean return   -244.6 | success rate  41.0%
Episode 12400 | mean return   -485.9 | success rate  28.0%
Episode 12500 | mean return     19.0 | success rate  53.0%
Episode 12600 | mean return   -163.7 | success rate  44.0%
Episode 12700 | mean return    -42.9 | success rate  50.0%
Episode 12800 | mean return   -267.8 | success rate  39.0%
Episode 12900 | mean return   -204.2 | success rate  42.0%
Episode 13000 | mean return   -100.2 | success rate  47.0%
phase=train, time=morning
steps=101
trajectory=[(1, 1), (2, 1), (2, 2), (3, 2), (4, 2), (5, 2), (5, 1), (5, 2), (5, 1), (5, 2), (5, 1), (5, 2), (5, 1), (5, 2), (5, 1), (5, 2), (5, 1), (5, 2), (5, 1), (5, 2), (5, 1), (5, 2), (5, 1), (5, 2), (5, 1), (5, 2), (5, 1), (5, 2), (5, 1), (5, 2), (5, 1), (5, 2), (5, 1), (5, 2), (5, 1), (5, 2), (5, 1), (5, 2), (5, 1), (5, 2), (5, 1), (5, 2), (5, 1), (5, 2), (5, 1), (5, 2), (5, 1), (5, 2), (5, 1), (5, 2), (5, 1), (5, 2), (5, 1), (5, 2), (5, 1), (5, 2), (5, 1), (5, 2), (5, 1), (5, 2), (5, 1), (5, 2), (5, 1), (5, 2), (5, 1), (5, 2), (5, 1), (5, 2), (5, 1), (5, 2), (5, 1), (5, 2), (5, 1), (5, 2), (5, 1), (5, 2), (5, 1), (5, 2), (5, 1), (5, 2), (5, 1), (5, 2), (5, 1), (5, 2), (5, 1), (5, 2), (5, 1), (5, 2), (5, 1), (5, 2), (5, 1), (5, 2), (5, 1), (5, 2), (5, 1), (5, 2), (5, 1), (5, 2), (5, 1), (5, 2), (5, 1), (5, 2)]
success=False

phase=train, time=evening
steps=21
trajectory=[(1, 1), (2, 1), (2, 2), (3, 2), (4, 2), (5, 2), (5, 3), (5, 4), (6, 4), (6, 5), (6, 6), (5, 6), (5, 5), (5, 4), (5, 3), (4, 3), (3, 3), (2, 3), (1, 3), (1, 4), (1, 5), (1, 6)]
success=True

phase=test, time=morning
steps=101
trajectory=[(1, 1), (2, 1), (1, 1), (2, 1), (1, 1), (2, 1), (1, 1), (2, 1), (1, 1), (2, 1), (1, 1), (2, 1), (1, 1), (2, 1), (1, 1), (2, 1), (1, 1), (2, 1), (1, 1), (2, 1), (1, 1), (2, 1), (1, 1), (2, 1), (1, 1), (2, 1), (1, 1), (2, 1), (1, 1), (2, 1), (1, 1), (2, 1), (1, 1), (2, 1), (1, 1), (2, 1), (1, 1), (2, 1), (1, 1), (2, 1), (1, 1), (2, 1), (1, 1), (2, 1), (1, 1), (2, 1), (1, 1), (2, 1), (1, 1), (2, 1), (1, 1), (2, 1), (1, 1), (2, 1), (1, 1), (2, 1), (1, 1), (2, 1), (1, 1), (2, 1), (1, 1), (2, 1), (1, 1), (2, 1), (1, 1), (2, 1), (1, 1), (2, 1), (1, 1), (2, 1), (1, 1), (2, 1), (1, 1), (2, 1), (1, 1), (2, 1), (1, 1), (2, 1), (1, 1), (2, 1), (1, 1), (2, 1), (1, 1), (2, 1), (1, 1), (2, 1), (1, 1), (2, 1), (1, 1), (2, 1), (1, 1), (2, 1), (1, 1), (2, 1), (1, 1), (2, 1), (1, 1), (2, 1), (1, 1), (2, 1), (1, 1), (2, 1)]
success=False

phase=test, time=evening
steps=19
trajectory=[(1, 1), (2, 1), (2, 2), (2, 3), (3, 3), (4, 3), (5, 3), (5, 4), (5, 5), (6, 5), (6, 6), (5, 6), (5, 5), (5, 4), (4, 4), (3, 4), (2, 4), (1, 4), (1, 5), (1, 6)]
success=True

Episode 13100 | mean return   -267.0 | success rate  39.0%
Episode 13200 | mean return    -24.2 | success rate  51.0%
Episode 13300 | mean return    -99.5 | success rate  47.0%
Episode 13400 | mean return   -166.2 | success rate  44.0%
Episode 13500 | mean return      6.3 | success rate  52.0%
Episode 13600 | mean return   -232.6 | success rate  41.0%
Episode 13700 | mean return   -336.8 | success rate  36.0%
Episode 13800 | mean return   -362.3 | success rate  34.0%
Episode 13900 | mean return   -248.4 | success rate  40.0%
Episode 14000 | mean return   -103.7 | success rate  47.0%
phase=train, time=morning
steps=101
trajectory=[(1, 1), (2, 1), (2, 2), (3, 2), (4, 2), (5, 2), (5, 1), (6, 1), (6, 2), (5, 2), (5, 3), (5, 4), (5, 3), (5, 4), (5, 3), (5, 4), (5, 3), (5, 4), (5, 3), (5, 4), (5, 3), (5, 4), (5, 3), (5, 4), (5, 3), (5, 4), (5, 3), (5, 4), (5, 3), (5, 4), (5, 3), (5, 4), (5, 3), (5, 4), (5, 3), (5, 4), (5, 3), (5, 4), (5, 3), (5, 4), (5, 3), (5, 4), (5, 3), (5, 4), (5, 3), (5, 4), (5, 3), (5, 4), (5, 3), (5, 4), (5, 3), (5, 4), (5, 3), (5, 4), (5, 3), (5, 4), (5, 3), (5, 4), (5, 3), (5, 4), (5, 3), (5, 4), (5, 3), (5, 4), (5, 3), (5, 4), (5, 3), (5, 4), (5, 3), (5, 4), (5, 3), (5, 4), (5, 3), (5, 4), (5, 3), (5, 4), (5, 3), (5, 4), (5, 3), (5, 4), (5, 3), (5, 4), (5, 3), (5, 4), (5, 3), (5, 4), (5, 3), (5, 4), (5, 3), (5, 4), (5, 3), (5, 4), (5, 3), (5, 4), (5, 3), (5, 4), (5, 3), (5, 4), (5, 3), (5, 4), (5, 3), (5, 4)]
success=False

phase=train, time=evening
steps=101
trajectory=[(1, 1), (2, 1), (2, 2), (3, 2), (4, 2), (5, 2), (5, 3), (5, 4), (6, 4), (6, 5), (6, 6), (6, 6), (6, 6), (6, 6), (6, 6), (6, 6), (6, 6), (6, 6), (6, 6), (6, 6), (6, 6), (6, 6), (6, 6), (6, 6), (6, 6), (6, 6), (6, 6), (6, 6), (6, 6), (6, 6), (6, 6), (6, 6), (6, 6), (6, 6), (6, 6), (6, 6), (6, 6), (6, 6), (6, 6), (6, 6), (6, 6), (6, 6), (6, 6), (6, 6), (6, 6), (6, 6), (6, 6), (6, 6), (6, 6), (6, 6), (6, 6), (6, 6), (6, 6), (6, 6), (6, 6), (6, 6), (6, 6), (6, 6), (6, 6), (6, 6), (6, 6), (6, 6), (6, 6), (6, 6), (6, 6), (6, 6), (6, 6), (6, 6), (6, 6), (6, 6), (6, 6), (6, 6), (6, 6), (6, 6), (6, 6), (6, 6), (6, 6), (6, 6), (6, 6), (6, 6), (6, 6), (6, 6), (6, 6), (6, 6), (6, 6), (6, 6), (6, 6), (6, 6), (6, 6), (6, 6), (6, 6), (6, 6), (6, 6), (6, 6), (6, 6), (6, 6), (6, 6), (6, 6), (6, 6), (6, 6), (6, 6), (6, 6)]
success=False

phase=test, time=morning
steps=101
trajectory=[(1, 1), (2, 1), (1, 1), (2, 1), (1, 1), (2, 1), (1, 1), (2, 1), (1, 1), (2, 1), (1, 1), (2, 1), (1, 1), (2, 1), (1, 1), (2, 1), (1, 1), (2, 1), (1, 1), (2, 1), (1, 1), (2, 1), (1, 1), (2, 1), (1, 1), (2, 1), (1, 1), (2, 1), (1, 1), (2, 1), (1, 1), (2, 1), (1, 1), (2, 1), (1, 1), (2, 1), (1, 1), (2, 1), (1, 1), (2, 1), (1, 1), (2, 1), (1, 1), (2, 1), (1, 1), (2, 1), (1, 1), (2, 1), (1, 1), (2, 1), (1, 1), (2, 1), (1, 1), (2, 1), (1, 1), (2, 1), (1, 1), (2, 1), (1, 1), (2, 1), (1, 1), (2, 1), (1, 1), (2, 1), (1, 1), (2, 1), (1, 1), (2, 1), (1, 1), (2, 1), (1, 1), (2, 1), (1, 1), (2, 1), (1, 1), (2, 1), (1, 1), (2, 1), (1, 1), (2, 1), (1, 1), (2, 1), (1, 1), (2, 1), (1, 1), (2, 1), (1, 1), (2, 1), (1, 1), (2, 1), (1, 1), (2, 1), (1, 1), (2, 1), (1, 1), (2, 1), (1, 1), (2, 1), (1, 1), (2, 1), (1, 1), (2, 1)]
success=False

phase=test, time=evening
steps=101
trajectory=[(1, 1), (2, 1), (2, 2), (2, 3), (3, 3), (4, 3), (5, 3), (5, 4), (5, 5), (6, 5), (6, 6), (6, 6), (6, 6), (6, 6), (6, 6), (6, 6), (6, 6), (6, 6), (6, 6), (6, 6), (6, 6), (6, 6), (6, 6), (6, 6), (6, 6), (6, 6), (6, 6), (6, 6), (6, 6), (6, 6), (6, 6), (6, 6), (6, 6), (6, 6), (6, 6), (6, 6), (6, 6), (6, 6), (6, 6), (6, 6), (6, 6), (6, 6), (6, 6), (6, 6), (6, 6), (6, 6), (6, 6), (6, 6), (6, 6), (6, 6), (6, 6), (6, 6), (6, 6), (6, 6), (6, 6), (6, 6), (6, 6), (6, 6), (6, 6), (6, 6), (6, 6), (6, 6), (6, 6), (6, 6), (6, 6), (6, 6), (6, 6), (6, 6), (6, 6), (6, 6), (6, 6), (6, 6), (6, 6), (6, 6), (6, 6), (6, 6), (6, 6), (6, 6), (6, 6), (6, 6), (6, 6), (6, 6), (6, 6), (6, 6), (6, 6), (6, 6), (6, 6), (6, 6), (6, 6), (6, 6), (6, 6), (6, 6), (6, 6), (6, 6), (6, 6), (6, 6), (6, 6), (6, 6), (6, 6), (6, 6), (6, 6), (6, 6)]
success=False

Episode 14100 | mean return   -251.1 | success rate  40.0%
Episode 14200 | mean return   -299.2 | success rate  38.0%
Episode 14300 | mean return   -186.8 | success rate  43.0%
Episode 14400 | mean return   -196.6 | success rate  42.0%
Episode 14500 | mean return   -215.1 | success rate  42.0%
Episode 14600 | mean return   -346.5 | success rate  35.0%
Episode 14700 | mean return    -81.8 | success rate  48.0%
Episode 14800 | mean return   -370.1 | success rate  34.0%
Episode 14900 | mean return   -305.1 | success rate  37.0%
Episode 15000 | mean return     15.3 | success rate  53.0%
phase=train, time=morning
steps=101
trajectory=[(1, 1), (2, 1), (2, 2), (3, 2), (4, 2), (5, 2), (5, 1), (6, 1), (5, 1), (5, 2), (5, 3), (5, 4), (5, 3), (5, 4), (5, 3), (5, 4), (5, 3), (5, 4), (5, 3), (5, 4), (5, 3), (5, 4), (5, 3), (5, 4), (5, 3), (5, 4), (5, 3), (5, 4), (5, 3), (5, 4), (5, 3), (5, 4), (5, 3), (5, 4), (5, 3), (5, 4), (5, 3), (5, 4), (5, 3), (5, 4), (5, 3), (5, 4), (5, 3), (5, 4), (5, 3), (5, 4), (5, 3), (5, 4), (5, 3), (5, 4), (5, 3), (5, 4), (5, 3), (5, 4), (5, 3), (5, 4), (5, 3), (5, 4), (5, 3), (5, 4), (5, 3), (5, 4), (5, 3), (5, 4), (5, 3), (5, 4), (5, 3), (5, 4), (5, 3), (5, 4), (5, 3), (5, 4), (5, 3), (5, 4), (5, 3), (5, 4), (5, 3), (5, 4), (5, 3), (5, 4), (5, 3), (5, 4), (5, 3), (5, 4), (5, 3), (5, 4), (5, 3), (5, 4), (5, 3), (5, 4), (5, 3), (5, 4), (5, 3), (5, 4), (5, 3), (5, 4), (5, 3), (5, 4), (5, 3), (5, 4), (5, 3), (5, 4)]
success=False

phase=train, time=evening
steps=25
trajectory=[(1, 1), (2, 1), (2, 2), (3, 2), (4, 2), (5, 2), (5, 3), (6, 3), (6, 4), (6, 5), (6, 6), (6, 5), (6, 4), (6, 3), (6, 2), (6, 1), (5, 1), (5, 2), (5, 3), (4, 3), (3, 3), (2, 3), (1, 3), (1, 4), (1, 5), (1, 6)]
success=True

phase=test, time=morning
steps=101
trajectory=[(1, 1), (2, 1), (1, 1), (2, 1), (1, 1), (2, 1), (1, 1), (2, 1), (1, 1), (2, 1), (1, 1), (2, 1), (1, 1), (2, 1), (1, 1), (2, 1), (1, 1), (2, 1), (1, 1), (2, 1), (1, 1), (2, 1), (1, 1), (2, 1), (1, 1), (2, 1), (1, 1), (2, 1), (1, 1), (2, 1), (1, 1), (2, 1), (1, 1), (2, 1), (1, 1), (2, 1), (1, 1), (2, 1), (1, 1), (2, 1), (1, 1), (2, 1), (1, 1), (2, 1), (1, 1), (2, 1), (1, 1), (2, 1), (1, 1), (2, 1), (1, 1), (2, 1), (1, 1), (2, 1), (1, 1), (2, 1), (1, 1), (2, 1), (1, 1), (2, 1), (1, 1), (2, 1), (1, 1), (2, 1), (1, 1), (2, 1), (1, 1), (2, 1), (1, 1), (2, 1), (1, 1), (2, 1), (1, 1), (2, 1), (1, 1), (2, 1), (1, 1), (2, 1), (1, 1), (2, 1), (1, 1), (2, 1), (1, 1), (2, 1), (1, 1), (2, 1), (1, 1), (2, 1), (1, 1), (2, 1), (1, 1), (2, 1), (1, 1), (2, 1), (1, 1), (2, 1), (1, 1), (2, 1), (1, 1), (2, 1), (1, 1), (2, 1)]
success=False

phase=test, time=evening
steps=101
trajectory=[(1, 1), (2, 1), (2, 2), (2, 3), (3, 3), (4, 3), (5, 3), (5, 4), (6, 4), (6, 5), (6, 6), (6, 5), (6, 4), (6, 3), (6, 2), (6, 1), (5, 1), (5, 2), (5, 1), (5, 2), (5, 1), (5, 2), (5, 1), (5, 2), (5, 1), (5, 2), (5, 1), (5, 2), (5, 1), (5, 2), (5, 1), (5, 2), (5, 1), (5, 2), (5, 1), (5, 2), (5, 1), (5, 2), (5, 1), (5, 2), (5, 1), (5, 2), (5, 1), (5, 2), (5, 1), (5, 2), (5, 1), (5, 2), (5, 1), (5, 2), (5, 1), (5, 2), (5, 1), (5, 2), (5, 1), (5, 2), (5, 1), (5, 2), (5, 1), (5, 2), (5, 1), (5, 2), (5, 1), (5, 2), (5, 1), (5, 2), (5, 1), (5, 2), (5, 1), (5, 2), (5, 1), (5, 2), (5, 1), (5, 2), (5, 1), (5, 2), (5, 1), (5, 2), (5, 1), (5, 2), (5, 1), (5, 2), (5, 1), (5, 2), (5, 1), (5, 2), (5, 1), (5, 2), (5, 1), (5, 2), (5, 1), (5, 2), (5, 1), (5, 2), (5, 1), (5, 2), (5, 1), (5, 2), (5, 1), (5, 2), (5, 1), (5, 2)]
success=False

Episode 15100 | mean return    102.4 | success rate  58.0%
Episode 15200 | mean return   -116.6 | success rate  46.0%
Episode 15300 | mean return    -85.6 | success rate  48.0%
Episode 15400 | mean return   -116.8 | success rate  46.0%
Episode 15500 | mean return   -109.8 | success rate  47.0%
Episode 15600 | mean return   -183.3 | success rate  43.0%
Episode 15700 | mean return   -106.2 | success rate  47.0%
Episode 15800 | mean return    -66.6 | success rate  49.0%
Episode 15900 | mean return   -333.1 | success rate  36.0%
Episode 16000 | mean return   -249.6 | success rate  40.0%
phase=train, time=morning
steps=17
trajectory=[(1, 1), (2, 1), (2, 2), (3, 2), (4, 2), (5, 2), (5, 1), (6, 1), (5, 1), (5, 2), (5, 3), (4, 3), (3, 3), (2, 3), (1, 3), (1, 4), (1, 5), (1, 6)]
success=True

phase=train, time=evening
steps=21
trajectory=[(1, 1), (2, 1), (2, 2), (3, 2), (4, 2), (5, 2), (5, 3), (6, 3), (6, 4), (6, 5), (6, 6), (5, 6), (5, 5), (5, 4), (5, 3), (4, 3), (3, 3), (2, 3), (1, 3), (1, 4), (1, 5), (1, 6)]
success=True

phase=test, time=morning
steps=101
trajectory=[(1, 1), (2, 1), (1, 1), (2, 1), (1, 1), (2, 1), (1, 1), (2, 1), (1, 1), (2, 1), (1, 1), (2, 1), (1, 1), (2, 1), (1, 1), (2, 1), (1, 1), (2, 1), (1, 1), (2, 1), (1, 1), (2, 1), (1, 1), (2, 1), (1, 1), (2, 1), (1, 1), (2, 1), (1, 1), (2, 1), (1, 1), (2, 1), (1, 1), (2, 1), (1, 1), (2, 1), (1, 1), (2, 1), (1, 1), (2, 1), (1, 1), (2, 1), (1, 1), (2, 1), (1, 1), (2, 1), (1, 1), (2, 1), (1, 1), (2, 1), (1, 1), (2, 1), (1, 1), (2, 1), (1, 1), (2, 1), (1, 1), (2, 1), (1, 1), (2, 1), (1, 1), (2, 1), (1, 1), (2, 1), (1, 1), (2, 1), (1, 1), (2, 1), (1, 1), (2, 1), (1, 1), (2, 1), (1, 1), (2, 1), (1, 1), (2, 1), (1, 1), (2, 1), (1, 1), (2, 1), (1, 1), (2, 1), (1, 1), (2, 1), (1, 1), (2, 1), (1, 1), (2, 1), (1, 1), (2, 1), (1, 1), (2, 1), (1, 1), (2, 1), (1, 1), (2, 1), (1, 1), (2, 1), (1, 1), (2, 1), (1, 1), (2, 1)]
success=False

phase=test, time=evening
steps=19
trajectory=[(1, 1), (2, 1), (2, 2), (2, 3), (3, 3), (4, 3), (5, 3), (5, 4), (6, 4), (6, 5), (6, 6), (5, 6), (5, 5), (5, 4), (4, 4), (3, 4), (2, 4), (1, 4), (1, 5), (1, 6)]
success=True

Episode 16100 | mean return    -67.6 | success rate  49.0%
Episode 16200 | mean return   -284.9 | success rate  38.0%
Episode 16300 | mean return   -178.8 | success rate  43.0%
Episode 16400 | mean return     18.4 | success rate  53.0%
Episode 16500 | mean return    -41.9 | success rate  50.0%
Episode 16600 | mean return   -132.2 | success rate  46.0%
Episode 16700 | mean return   -232.4 | success rate  41.0%
Episode 16800 | mean return   -189.1 | success rate  44.0%
Episode 16900 | mean return   -188.0 | success rate  43.0%
Episode 17000 | mean return   -518.2 | success rate  27.0%
phase=train, time=morning
steps=17
trajectory=[(1, 1), (2, 1), (2, 2), (3, 2), (4, 2), (5, 2), (5, 1), (6, 1), (5, 1), (5, 2), (5, 3), (4, 3), (3, 3), (2, 3), (1, 3), (1, 4), (1, 5), (1, 6)]
success=True

phase=train, time=evening
steps=101
trajectory=[(1, 1), (2, 1), (2, 2), (3, 2), (4, 2), (5, 2), (5, 1), (5, 1), (5, 1), (5, 1), (5, 1), (5, 1), (5, 1), (5, 1), (5, 1), (5, 1), (5, 1), (5, 1), (5, 1), (5, 1), (5, 1), (5, 1), (5, 1), (5, 1), (5, 1), (5, 1), (5, 1), (5, 1), (5, 1), (5, 1), (5, 1), (5, 1), (5, 1), (5, 1), (5, 1), (5, 1), (5, 1), (5, 1), (5, 1), (5, 1), (5, 1), (5, 1), (5, 1), (5, 1), (5, 1), (5, 1), (5, 1), (5, 1), (5, 1), (5, 1), (5, 1), (5, 1), (5, 1), (5, 1), (5, 1), (5, 1), (5, 1), (5, 1), (5, 1), (5, 1), (5, 1), (5, 1), (5, 1), (5, 1), (5, 1), (5, 1), (5, 1), (5, 1), (5, 1), (5, 1), (5, 1), (5, 1), (5, 1), (5, 1), (5, 1), (5, 1), (5, 1), (5, 1), (5, 1), (5, 1), (5, 1), (5, 1), (5, 1), (5, 1), (5, 1), (5, 1), (5, 1), (5, 1), (5, 1), (5, 1), (5, 1), (5, 1), (5, 1), (5, 1), (5, 1), (5, 1), (5, 1), (5, 1), (5, 1), (5, 1), (5, 1), (5, 1)]
success=False

phase=test, time=morning
steps=101
trajectory=[(1, 1), (2, 1), (1, 1), (2, 1), (1, 1), (2, 1), (1, 1), (2, 1), (1, 1), (2, 1), (1, 1), (2, 1), (1, 1), (2, 1), (1, 1), (2, 1), (1, 1), (2, 1), (1, 1), (2, 1), (1, 1), (2, 1), (1, 1), (2, 1), (1, 1), (2, 1), (1, 1), (2, 1), (1, 1), (2, 1), (1, 1), (2, 1), (1, 1), (2, 1), (1, 1), (2, 1), (1, 1), (2, 1), (1, 1), (2, 1), (1, 1), (2, 1), (1, 1), (2, 1), (1, 1), (2, 1), (1, 1), (2, 1), (1, 1), (2, 1), (1, 1), (2, 1), (1, 1), (2, 1), (1, 1), (2, 1), (1, 1), (2, 1), (1, 1), (2, 1), (1, 1), (2, 1), (1, 1), (2, 1), (1, 1), (2, 1), (1, 1), (2, 1), (1, 1), (2, 1), (1, 1), (2, 1), (1, 1), (2, 1), (1, 1), (2, 1), (1, 1), (2, 1), (1, 1), (2, 1), (1, 1), (2, 1), (1, 1), (2, 1), (1, 1), (2, 1), (1, 1), (2, 1), (1, 1), (2, 1), (1, 1), (2, 1), (1, 1), (2, 1), (1, 1), (2, 1), (1, 1), (2, 1), (1, 1), (2, 1), (1, 1), (2, 1)]
success=False

phase=test, time=evening
steps=101
trajectory=[(1, 1), (2, 1), (2, 2), (2, 1), (2, 2), (2, 1), (2, 2), (2, 1), (2, 2), (2, 1), (2, 2), (2, 1), (2, 2), (2, 1), (2, 2), (2, 1), (2, 2), (2, 1), (2, 2), (2, 1), (2, 2), (2, 1), (2, 2), (2, 1), (2, 2), (2, 1), (2, 2), (2, 1), (2, 2), (2, 1), (2, 2), (2, 1), (2, 2), (2, 1), (2, 2), (2, 1), (2, 2), (2, 1), (2, 2), (2, 1), (2, 2), (2, 1), (2, 2), (2, 1), (2, 2), (2, 1), (2, 2), (2, 1), (2, 2), (2, 1), (2, 2), (2, 1), (2, 2), (2, 1), (2, 2), (2, 1), (2, 2), (2, 1), (2, 2), (2, 1), (2, 2), (2, 1), (2, 2), (2, 1), (2, 2), (2, 1), (2, 2), (2, 1), (2, 2), (2, 1), (2, 2), (2, 1), (2, 2), (2, 1), (2, 2), (2, 1), (2, 2), (2, 1), (2, 2), (2, 1), (2, 2), (2, 1), (2, 2), (2, 1), (2, 2), (2, 1), (2, 2), (2, 1), (2, 2), (2, 1), (2, 2), (2, 1), (2, 2), (2, 1), (2, 2), (2, 1), (2, 2), (2, 1), (2, 2), (2, 1), (2, 2), (2, 1)]
success=False

Episode 17100 | mean return   -121.2 | success rate  46.0%
Episode 17200 | mean return   -272.7 | success rate  39.0%
Episode 17300 | mean return   -164.1 | success rate  44.0%
Episode 17400 | mean return   -185.0 | success rate  43.0%
Episode 17500 | mean return    -70.6 | success rate  49.0%
Episode 17600 | mean return   -108.9 | success rate  47.0%
Episode 17700 | mean return    -70.7 | success rate  49.0%
Episode 17800 | mean return   -146.8 | success rate  45.0%
Episode 17900 | mean return   -276.0 | success rate  39.0%
Episode 18000 | mean return   -287.3 | success rate  38.0%
phase=train, time=morning
steps=101
trajectory=[(1, 1), (2, 1), (2, 2), (3, 2), (4, 2), (5, 2), (5, 1), (6, 1), (5, 1), (5, 2), (5, 3), (5, 4), (5, 3), (5, 4), (5, 3), (5, 4), (5, 3), (5, 4), (5, 3), (5, 4), (5, 3), (5, 4), (5, 3), (5, 4), (5, 3), (5, 4), (5, 3), (5, 4), (5, 3), (5, 4), (5, 3), (5, 4), (5, 3), (5, 4), (5, 3), (5, 4), (5, 3), (5, 4), (5, 3), (5, 4), (5, 3), (5, 4), (5, 3), (5, 4), (5, 3), (5, 4), (5, 3), (5, 4), (5, 3), (5, 4), (5, 3), (5, 4), (5, 3), (5, 4), (5, 3), (5, 4), (5, 3), (5, 4), (5, 3), (5, 4), (5, 3), (5, 4), (5, 3), (5, 4), (5, 3), (5, 4), (5, 3), (5, 4), (5, 3), (5, 4), (5, 3), (5, 4), (5, 3), (5, 4), (5, 3), (5, 4), (5, 3), (5, 4), (5, 3), (5, 4), (5, 3), (5, 4), (5, 3), (5, 4), (5, 3), (5, 4), (5, 3), (5, 4), (5, 3), (5, 4), (5, 3), (5, 4), (5, 3), (5, 4), (5, 3), (5, 4), (5, 3), (5, 4), (5, 3), (5, 4), (5, 3), (5, 4)]
success=False

phase=train, time=evening
steps=101
trajectory=[(1, 1), (2, 1), (2, 2), (3, 2), (4, 2), (5, 2), (5, 3), (5, 4), (6, 4), (6, 5), (6, 6), (6, 6), (6, 6), (6, 6), (6, 6), (6, 6), (6, 6), (6, 6), (6, 6), (6, 6), (6, 6), (6, 6), (6, 6), (6, 6), (6, 6), (6, 6), (6, 6), (6, 6), (6, 6), (6, 6), (6, 6), (6, 6), (6, 6), (6, 6), (6, 6), (6, 6), (6, 6), (6, 6), (6, 6), (6, 6), (6, 6), (6, 6), (6, 6), (6, 6), (6, 6), (6, 6), (6, 6), (6, 6), (6, 6), (6, 6), (6, 6), (6, 6), (6, 6), (6, 6), (6, 6), (6, 6), (6, 6), (6, 6), (6, 6), (6, 6), (6, 6), (6, 6), (6, 6), (6, 6), (6, 6), (6, 6), (6, 6), (6, 6), (6, 6), (6, 6), (6, 6), (6, 6), (6, 6), (6, 6), (6, 6), (6, 6), (6, 6), (6, 6), (6, 6), (6, 6), (6, 6), (6, 6), (6, 6), (6, 6), (6, 6), (6, 6), (6, 6), (6, 6), (6, 6), (6, 6), (6, 6), (6, 6), (6, 6), (6, 6), (6, 6), (6, 6), (6, 6), (6, 6), (6, 6), (6, 6), (6, 6), (6, 6)]
success=False

phase=test, time=morning
steps=101
trajectory=[(1, 1), (2, 1), (1, 1), (2, 1), (1, 1), (2, 1), (1, 1), (2, 1), (1, 1), (2, 1), (1, 1), (2, 1), (1, 1), (2, 1), (1, 1), (2, 1), (1, 1), (2, 1), (1, 1), (2, 1), (1, 1), (2, 1), (1, 1), (2, 1), (1, 1), (2, 1), (1, 1), (2, 1), (1, 1), (2, 1), (1, 1), (2, 1), (1, 1), (2, 1), (1, 1), (2, 1), (1, 1), (2, 1), (1, 1), (2, 1), (1, 1), (2, 1), (1, 1), (2, 1), (1, 1), (2, 1), (1, 1), (2, 1), (1, 1), (2, 1), (1, 1), (2, 1), (1, 1), (2, 1), (1, 1), (2, 1), (1, 1), (2, 1), (1, 1), (2, 1), (1, 1), (2, 1), (1, 1), (2, 1), (1, 1), (2, 1), (1, 1), (2, 1), (1, 1), (2, 1), (1, 1), (2, 1), (1, 1), (2, 1), (1, 1), (2, 1), (1, 1), (2, 1), (1, 1), (2, 1), (1, 1), (2, 1), (1, 1), (2, 1), (1, 1), (2, 1), (1, 1), (2, 1), (1, 1), (2, 1), (1, 1), (2, 1), (1, 1), (2, 1), (1, 1), (2, 1), (1, 1), (2, 1), (1, 1), (2, 1), (1, 1), (2, 1)]
success=False

phase=test, time=evening
steps=101
trajectory=[(1, 1), (2, 1), (2, 2), (2, 3), (3, 3), (4, 3), (5, 3), (5, 4), (5, 5), (6, 5), (6, 6), (6, 6), (6, 6), (6, 6), (6, 6), (6, 6), (6, 6), (6, 6), (6, 6), (6, 6), (6, 6), (6, 6), (6, 6), (6, 6), (6, 6), (6, 6), (6, 6), (6, 6), (6, 6), (6, 6), (6, 6), (6, 6), (6, 6), (6, 6), (6, 6), (6, 6), (6, 6), (6, 6), (6, 6), (6, 6), (6, 6), (6, 6), (6, 6), (6, 6), (6, 6), (6, 6), (6, 6), (6, 6), (6, 6), (6, 6), (6, 6), (6, 6), (6, 6), (6, 6), (6, 6), (6, 6), (6, 6), (6, 6), (6, 6), (6, 6), (6, 6), (6, 6), (6, 6), (6, 6), (6, 6), (6, 6), (6, 6), (6, 6), (6, 6), (6, 6), (6, 6), (6, 6), (6, 6), (6, 6), (6, 6), (6, 6), (6, 6), (6, 6), (6, 6), (6, 6), (6, 6), (6, 6), (6, 6), (6, 6), (6, 6), (6, 6), (6, 6), (6, 6), (6, 6), (6, 6), (6, 6), (6, 6), (6, 6), (6, 6), (6, 6), (6, 6), (6, 6), (6, 6), (6, 6), (6, 6), (6, 6), (6, 6)]
success=False

Episode 18100 | mean return   -245.7 | success rate  40.0%
Episode 18200 | mean return   -233.0 | success rate  41.0%
Episode 18300 | mean return   -167.6 | success rate  44.0%
Episode 18400 | mean return    -81.0 | success rate  48.0%
Episode 18500 | mean return    -95.6 | success rate  47.0%
Episode 18600 | mean return   -147.9 | success rate  45.0%
Episode 18700 | mean return   -210.3 | success rate  42.0%
Episode 18800 | mean return   -267.9 | success rate  39.0%
Episode 18900 | mean return     80.2 | success rate  56.0%
Episode 19000 | mean return    201.1 | success rate  62.0%
phase=train, time=morning
steps=17
trajectory=[(1, 1), (2, 1), (2, 2), (3, 2), (4, 2), (5, 2), (5, 1), (6, 1), (5, 1), (5, 2), (5, 3), (4, 3), (3, 3), (2, 3), (1, 3), (1, 4), (1, 5), (1, 6)]
success=True

phase=train, time=evening
steps=21
trajectory=[(1, 1), (2, 1), (2, 2), (3, 2), (4, 2), (5, 2), (5, 3), (5, 4), (6, 4), (6, 5), (6, 6), (5, 6), (5, 5), (5, 4), (5, 3), (4, 3), (3, 3), (2, 3), (1, 3), (1, 4), (1, 5), (1, 6)]
success=True

phase=test, time=morning
steps=101
trajectory=[(1, 1), (2, 1), (1, 1), (2, 1), (1, 1), (2, 1), (1, 1), (2, 1), (1, 1), (2, 1), (1, 1), (2, 1), (1, 1), (2, 1), (1, 1), (2, 1), (1, 1), (2, 1), (1, 1), (2, 1), (1, 1), (2, 1), (1, 1), (2, 1), (1, 1), (2, 1), (1, 1), (2, 1), (1, 1), (2, 1), (1, 1), (2, 1), (1, 1), (2, 1), (1, 1), (2, 1), (1, 1), (2, 1), (1, 1), (2, 1), (1, 1), (2, 1), (1, 1), (2, 1), (1, 1), (2, 1), (1, 1), (2, 1), (1, 1), (2, 1), (1, 1), (2, 1), (1, 1), (2, 1), (1, 1), (2, 1), (1, 1), (2, 1), (1, 1), (2, 1), (1, 1), (2, 1), (1, 1), (2, 1), (1, 1), (2, 1), (1, 1), (2, 1), (1, 1), (2, 1), (1, 1), (2, 1), (1, 1), (2, 1), (1, 1), (2, 1), (1, 1), (2, 1), (1, 1), (2, 1), (1, 1), (2, 1), (1, 1), (2, 1), (1, 1), (2, 1), (1, 1), (2, 1), (1, 1), (2, 1), (1, 1), (2, 1), (1, 1), (2, 1), (1, 1), (2, 1), (1, 1), (2, 1), (1, 1), (2, 1), (1, 1), (2, 1)]
success=False

phase=test, time=evening
steps=19
trajectory=[(1, 1), (2, 1), (2, 2), (2, 3), (3, 3), (4, 3), (5, 3), (5, 4), (5, 5), (6, 5), (6, 6), (5, 6), (5, 5), (5, 4), (4, 4), (3, 4), (2, 4), (1, 4), (1, 5), (1, 6)]
success=True

Episode 19100 | mean return   -125.7 | success rate  46.0%
Episode 19200 | mean return   -436.6 | success rate  31.0%
Episode 19300 | mean return   -224.3 | success rate  41.0%
Episode 19400 | mean return   -213.9 | success rate  42.0%
Episode 19500 | mean return   -351.6 | success rate  35.0%
Episode 19600 | mean return   -210.5 | success rate  42.0%
Episode 19700 | mean return   -407.4 | success rate  32.0%
Episode 19800 | mean return   -401.0 | success rate  33.0%
Episode 19900 | mean return   -207.0 | success rate  42.0%
Episode 20000 | mean return   -351.9 | success rate  36.0%
phase=train, time=morning
steps=17
trajectory=[(1, 1), (2, 1), (2, 2), (3, 2), (4, 2), (5, 2), (5, 1), (6, 1), (5, 1), (5, 2), (5, 3), (4, 3), (3, 3), (2, 3), (1, 3), (1, 4), (1, 5), (1, 6)]
success=True

phase=train, time=evening
steps=101
trajectory=[(1, 1), (2, 1), (2, 2), (3, 2), (4, 2), (5, 2), (5, 3), (6, 3), (6, 4), (6, 5), (6, 6), (6, 6), (6, 6), (6, 6), (6, 6), (6, 6), (6, 6), (6, 6), (6, 6), (6, 6), (6, 6), (6, 6), (6, 6), (6, 6), (6, 6), (6, 6), (6, 6), (6, 6), (6, 6), (6, 6), (6, 6), (6, 6), (6, 6), (6, 6), (6, 6), (6, 6), (6, 6), (6, 6), (6, 6), (6, 6), (6, 6), (6, 6), (6, 6), (6, 6), (6, 6), (6, 6), (6, 6), (6, 6), (6, 6), (6, 6), (6, 6), (6, 6), (6, 6), (6, 6), (6, 6), (6, 6), (6, 6), (6, 6), (6, 6), (6, 6), (6, 6), (6, 6), (6, 6), (6, 6), (6, 6), (6, 6), (6, 6), (6, 6), (6, 6), (6, 6), (6, 6), (6, 6), (6, 6), (6, 6), (6, 6), (6, 6), (6, 6), (6, 6), (6, 6), (6, 6), (6, 6), (6, 6), (6, 6), (6, 6), (6, 6), (6, 6), (6, 6), (6, 6), (6, 6), (6, 6), (6, 6), (6, 6), (6, 6), (6, 6), (6, 6), (6, 6), (6, 6), (6, 6), (6, 6), (6, 6), (6, 6), (6, 6)]
success=False

phase=test, time=morning
steps=101
trajectory=[(1, 1), (2, 1), (1, 1), (2, 1), (1, 1), (2, 1), (1, 1), (2, 1), (1, 1), (2, 1), (1, 1), (2, 1), (1, 1), (2, 1), (1, 1), (2, 1), (1, 1), (2, 1), (1, 1), (2, 1), (1, 1), (2, 1), (1, 1), (2, 1), (1, 1), (2, 1), (1, 1), (2, 1), (1, 1), (2, 1), (1, 1), (2, 1), (1, 1), (2, 1), (1, 1), (2, 1), (1, 1), (2, 1), (1, 1), (2, 1), (1, 1), (2, 1), (1, 1), (2, 1), (1, 1), (2, 1), (1, 1), (2, 1), (1, 1), (2, 1), (1, 1), (2, 1), (1, 1), (2, 1), (1, 1), (2, 1), (1, 1), (2, 1), (1, 1), (2, 1), (1, 1), (2, 1), (1, 1), (2, 1), (1, 1), (2, 1), (1, 1), (2, 1), (1, 1), (2, 1), (1, 1), (2, 1), (1, 1), (2, 1), (1, 1), (2, 1), (1, 1), (2, 1), (1, 1), (2, 1), (1, 1), (2, 1), (1, 1), (2, 1), (1, 1), (2, 1), (1, 1), (2, 1), (1, 1), (2, 1), (1, 1), (2, 1), (1, 1), (2, 1), (1, 1), (2, 1), (1, 1), (2, 1), (1, 1), (2, 1), (1, 1), (2, 1)]
success=False

phase=test, time=evening
steps=101
trajectory=[(1, 1), (2, 1), (2, 2), (2, 3), (3, 3), (4, 3), (5, 3), (5, 4), (6, 4), (6, 5), (6, 6), (6, 6), (6, 6), (6, 6), (6, 6), (6, 6), (6, 6), (6, 6), (6, 6), (6, 6), (6, 6), (6, 6), (6, 6), (6, 6), (6, 6), (6, 6), (6, 6), (6, 6), (6, 6), (6, 6), (6, 6), (6, 6), (6, 6), (6, 6), (6, 6), (6, 6), (6, 6), (6, 6), (6, 6), (6, 6), (6, 6), (6, 6), (6, 6), (6, 6), (6, 6), (6, 6), (6, 6), (6, 6), (6, 6), (6, 6), (6, 6), (6, 6), (6, 6), (6, 6), (6, 6), (6, 6), (6, 6), (6, 6), (6, 6), (6, 6), (6, 6), (6, 6), (6, 6), (6, 6), (6, 6), (6, 6), (6, 6), (6, 6), (6, 6), (6, 6), (6, 6), (6, 6), (6, 6), (6, 6), (6, 6), (6, 6), (6, 6), (6, 6), (6, 6), (6, 6), (6, 6), (6, 6), (6, 6), (6, 6), (6, 6), (6, 6), (6, 6), (6, 6), (6, 6), (6, 6), (6, 6), (6, 6), (6, 6), (6, 6), (6, 6), (6, 6), (6, 6), (6, 6), (6, 6), (6, 6), (6, 6), (6, 6)]
success=False

Episode 20100 | mean return   -197.3 | success rate  43.0%
Episode 20200 | mean return    -26.0 | success rate  51.0%
Episode 20300 | mean return   -227.6 | success rate  41.0%
Episode 20400 | mean return    -94.9 | success rate  48.0%
Episode 20500 | mean return   -171.7 | success rate  44.0%
Episode 20600 | mean return   -171.9 | success rate  44.0%
Episode 20700 | mean return   -157.1 | success rate  45.0%
Episode 20800 | mean return    -81.7 | success rate  48.0%
Episode 20900 | mean return   -151.0 | success rate  45.0%
Episode 21000 | mean return   -357.5 | success rate  35.0%
phase=train, time=morning
steps=101
trajectory=[(1, 1), (2, 1), (2, 2), (3, 2), (4, 2), (5, 2), (5, 1), (6, 1), (5, 1), (5, 2), (5, 3), (5, 4), (5, 3), (5, 4), (5, 3), (5, 4), (5, 3), (5, 4), (5, 3), (5, 4), (5, 3), (5, 4), (5, 3), (5, 4), (5, 3), (5, 4), (5, 3), (5, 4), (5, 3), (5, 4), (5, 3), (5, 4), (5, 3), (5, 4), (5, 3), (5, 4), (5, 3), (5, 4), (5, 3), (5, 4), (5, 3), (5, 4), (5, 3), (5, 4), (5, 3), (5, 4), (5, 3), (5, 4), (5, 3), (5, 4), (5, 3), (5, 4), (5, 3), (5, 4), (5, 3), (5, 4), (5, 3), (5, 4), (5, 3), (5, 4), (5, 3), (5, 4), (5, 3), (5, 4), (5, 3), (5, 4), (5, 3), (5, 4), (5, 3), (5, 4), (5, 3), (5, 4), (5, 3), (5, 4), (5, 3), (5, 4), (5, 3), (5, 4), (5, 3), (5, 4), (5, 3), (5, 4), (5, 3), (5, 4), (5, 3), (5, 4), (5, 3), (5, 4), (5, 3), (5, 4), (5, 3), (5, 4), (5, 3), (5, 4), (5, 3), (5, 4), (5, 3), (5, 4), (5, 3), (5, 4), (5, 3), (5, 4)]
success=False

phase=train, time=evening
steps=101
trajectory=[(1, 1), (2, 1), (2, 2), (3, 2), (4, 2), (5, 2), (5, 3), (6, 3), (6, 4), (6, 5), (6, 6), (6, 6), (6, 6), (6, 6), (6, 6), (6, 6), (6, 6), (6, 6), (6, 6), (6, 6), (6, 6), (6, 6), (6, 6), (6, 6), (6, 6), (6, 6), (6, 6), (6, 6), (6, 6), (6, 6), (6, 6), (6, 6), (6, 6), (6, 6), (6, 6), (6, 6), (6, 6), (6, 6), (6, 6), (6, 6), (6, 6), (6, 6), (6, 6), (6, 6), (6, 6), (6, 6), (6, 6), (6, 6), (6, 6), (6, 6), (6, 6), (6, 6), (6, 6), (6, 6), (6, 6), (6, 6), (6, 6), (6, 6), (6, 6), (6, 6), (6, 6), (6, 6), (6, 6), (6, 6), (6, 6), (6, 6), (6, 6), (6, 6), (6, 6), (6, 6), (6, 6), (6, 6), (6, 6), (6, 6), (6, 6), (6, 6), (6, 6), (6, 6), (6, 6), (6, 6), (6, 6), (6, 6), (6, 6), (6, 6), (6, 6), (6, 6), (6, 6), (6, 6), (6, 6), (6, 6), (6, 6), (6, 6), (6, 6), (6, 6), (6, 6), (6, 6), (6, 6), (6, 6), (6, 6), (6, 6), (6, 6), (6, 6)]
success=False

phase=test, time=morning
steps=101
trajectory=[(1, 1), (2, 1), (1, 1), (2, 1), (1, 1), (2, 1), (1, 1), (2, 1), (1, 1), (2, 1), (1, 1), (2, 1), (1, 1), (2, 1), (1, 1), (2, 1), (1, 1), (2, 1), (1, 1), (2, 1), (1, 1), (2, 1), (1, 1), (2, 1), (1, 1), (2, 1), (1, 1), (2, 1), (1, 1), (2, 1), (1, 1), (2, 1), (1, 1), (2, 1), (1, 1), (2, 1), (1, 1), (2, 1), (1, 1), (2, 1), (1, 1), (2, 1), (1, 1), (2, 1), (1, 1), (2, 1), (1, 1), (2, 1), (1, 1), (2, 1), (1, 1), (2, 1), (1, 1), (2, 1), (1, 1), (2, 1), (1, 1), (2, 1), (1, 1), (2, 1), (1, 1), (2, 1), (1, 1), (2, 1), (1, 1), (2, 1), (1, 1), (2, 1), (1, 1), (2, 1), (1, 1), (2, 1), (1, 1), (2, 1), (1, 1), (2, 1), (1, 1), (2, 1), (1, 1), (2, 1), (1, 1), (2, 1), (1, 1), (2, 1), (1, 1), (2, 1), (1, 1), (2, 1), (1, 1), (2, 1), (1, 1), (2, 1), (1, 1), (2, 1), (1, 1), (2, 1), (1, 1), (2, 1), (1, 1), (2, 1), (1, 1), (2, 1)]
success=False

phase=test, time=evening
steps=101
trajectory=[(1, 1), (2, 1), (2, 2), (2, 3), (3, 3), (4, 3), (5, 3), (5, 4), (6, 4), (6, 5), (6, 6), (6, 6), (6, 6), (6, 6), (6, 6), (6, 6), (6, 6), (6, 6), (6, 6), (6, 6), (6, 6), (6, 6), (6, 6), (6, 6), (6, 6), (6, 6), (6, 6), (6, 6), (6, 6), (6, 6), (6, 6), (6, 6), (6, 6), (6, 6), (6, 6), (6, 6), (6, 6), (6, 6), (6, 6), (6, 6), (6, 6), (6, 6), (6, 6), (6, 6), (6, 6), (6, 6), (6, 6), (6, 6), (6, 6), (6, 6), (6, 6), (6, 6), (6, 6), (6, 6), (6, 6), (6, 6), (6, 6), (6, 6), (6, 6), (6, 6), (6, 6), (6, 6), (6, 6), (6, 6), (6, 6), (6, 6), (6, 6), (6, 6), (6, 6), (6, 6), (6, 6), (6, 6), (6, 6), (6, 6), (6, 6), (6, 6), (6, 6), (6, 6), (6, 6), (6, 6), (6, 6), (6, 6), (6, 6), (6, 6), (6, 6), (6, 6), (6, 6), (6, 6), (6, 6), (6, 6), (6, 6), (6, 6), (6, 6), (6, 6), (6, 6), (6, 6), (6, 6), (6, 6), (6, 6), (6, 6), (6, 6), (6, 6)]
success=False

Episode 21100 | mean return    -82.5 | success rate  48.0%
Episode 21200 | mean return   -149.9 | success rate  45.0%
Episode 21300 | mean return   -453.4 | success rate  30.0%
Episode 21400 | mean return   -264.2 | success rate  40.0%
Episode 21500 | mean return   -387.8 | success rate  33.0%
Episode 21600 | mean return   -186.6 | success rate  43.0%
Episode 21700 | mean return   -239.0 | success rate  41.0%
Episode 21800 | mean return   -336.6 | success rate  36.0%
Episode 21900 | mean return   -433.7 | success rate  31.0%
Episode 22000 | mean return   -125.0 | success rate  46.0%
phase=train, time=morning
steps=101
trajectory=[(1, 1), (2, 1), (2, 2), (3, 2), (4, 2), (5, 2), (5, 1), (5, 2), (5, 1), (5, 2), (5, 1), (5, 2), (5, 1), (5, 2), (5, 1), (5, 2), (5, 1), (5, 2), (5, 1), (5, 2), (5, 1), (5, 2), (5, 1), (5, 2), (5, 1), (5, 2), (5, 1), (5, 2), (5, 1), (5, 2), (5, 1), (5, 2), (5, 1), (5, 2), (5, 1), (5, 2), (5, 1), (5, 2), (5, 1), (5, 2), (5, 1), (5, 2), (5, 1), (5, 2), (5, 1), (5, 2), (5, 1), (5, 2), (5, 1), (5, 2), (5, 1), (5, 2), (5, 1), (5, 2), (5, 1), (5, 2), (5, 1), (5, 2), (5, 1), (5, 2), (5, 1), (5, 2), (5, 1), (5, 2), (5, 1), (5, 2), (5, 1), (5, 2), (5, 1), (5, 2), (5, 1), (5, 2), (5, 1), (5, 2), (5, 1), (5, 2), (5, 1), (5, 2), (5, 1), (5, 2), (5, 1), (5, 2), (5, 1), (5, 2), (5, 1), (5, 2), (5, 1), (5, 2), (5, 1), (5, 2), (5, 1), (5, 2), (5, 1), (5, 2), (5, 1), (5, 2), (5, 1), (5, 2), (5, 1), (5, 2), (5, 1), (5, 2)]
success=False

phase=train, time=evening
steps=21
trajectory=[(1, 1), (2, 1), (2, 2), (3, 2), (4, 2), (5, 2), (5, 3), (5, 4), (6, 4), (6, 5), (6, 6), (5, 6), (5, 5), (5, 4), (5, 3), (4, 3), (3, 3), (2, 3), (1, 3), (1, 4), (1, 5), (1, 6)]
success=True

phase=test, time=morning
steps=101
trajectory=[(1, 1), (2, 1), (1, 1), (2, 1), (1, 1), (2, 1), (1, 1), (2, 1), (1, 1), (2, 1), (1, 1), (2, 1), (1, 1), (2, 1), (1, 1), (2, 1), (1, 1), (2, 1), (1, 1), (2, 1), (1, 1), (2, 1), (1, 1), (2, 1), (1, 1), (2, 1), (1, 1), (2, 1), (1, 1), (2, 1), (1, 1), (2, 1), (1, 1), (2, 1), (1, 1), (2, 1), (1, 1), (2, 1), (1, 1), (2, 1), (1, 1), (2, 1), (1, 1), (2, 1), (1, 1), (2, 1), (1, 1), (2, 1), (1, 1), (2, 1), (1, 1), (2, 1), (1, 1), (2, 1), (1, 1), (2, 1), (1, 1), (2, 1), (1, 1), (2, 1), (1, 1), (2, 1), (1, 1), (2, 1), (1, 1), (2, 1), (1, 1), (2, 1), (1, 1), (2, 1), (1, 1), (2, 1), (1, 1), (2, 1), (1, 1), (2, 1), (1, 1), (2, 1), (1, 1), (2, 1), (1, 1), (2, 1), (1, 1), (2, 1), (1, 1), (2, 1), (1, 1), (2, 1), (1, 1), (2, 1), (1, 1), (2, 1), (1, 1), (2, 1), (1, 1), (2, 1), (1, 1), (2, 1), (1, 1), (2, 1), (1, 1), (2, 1)]
success=False

phase=test, time=evening
steps=19
trajectory=[(1, 1), (2, 1), (2, 2), (2, 3), (3, 3), (4, 3), (5, 3), (5, 4), (5, 5), (6, 5), (6, 6), (5, 6), (5, 5), (5, 4), (4, 4), (3, 4), (2, 4), (1, 4), (1, 5), (1, 6)]
success=True

Episode 22100 | mean return   -318.6 | success rate  37.0%
Episode 22200 | mean return    -40.0 | success rate  51.0%
Episode 22300 | mean return   -233.2 | success rate  41.0%
Episode 22400 | mean return   -248.7 | success rate  41.0%
Episode 22500 | mean return   -193.2 | success rate  43.0%
Episode 22600 | mean return   -354.2 | success rate  35.0%
Episode 22700 | mean return    -29.5 | success rate  51.0%
Episode 22800 | mean return   -125.3 | success rate  46.0%
Episode 22900 | mean return     22.6 | success rate  53.0%
Episode 23000 | mean return   -226.2 | success rate  41.0%
phase=train, time=morning
steps=17
trajectory=[(1, 1), (2, 1), (2, 2), (3, 2), (4, 2), (5, 2), (5, 1), (6, 1), (6, 2), (5, 2), (5, 3), (4, 3), (3, 3), (2, 3), (1, 3), (1, 4), (1, 5), (1, 6)]
success=True

phase=train, time=evening
steps=101
trajectory=[(1, 1), (2, 1), (2, 2), (3, 2), (4, 2), (5, 2), (5, 3), (6, 3), (6, 4), (6, 5), (6, 6), (6, 6), (6, 6), (6, 6), (6, 6), (6, 6), (6, 6), (6, 6), (6, 6), (6, 6), (6, 6), (6, 6), (6, 6), (6, 6), (6, 6), (6, 6), (6, 6), (6, 6), (6, 6), (6, 6), (6, 6), (6, 6), (6, 6), (6, 6), (6, 6), (6, 6), (6, 6), (6, 6), (6, 6), (6, 6), (6, 6), (6, 6), (6, 6), (6, 6), (6, 6), (6, 6), (6, 6), (6, 6), (6, 6), (6, 6), (6, 6), (6, 6), (6, 6), (6, 6), (6, 6), (6, 6), (6, 6), (6, 6), (6, 6), (6, 6), (6, 6), (6, 6), (6, 6), (6, 6), (6, 6), (6, 6), (6, 6), (6, 6), (6, 6), (6, 6), (6, 6), (6, 6), (6, 6), (6, 6), (6, 6), (6, 6), (6, 6), (6, 6), (6, 6), (6, 6), (6, 6), (6, 6), (6, 6), (6, 6), (6, 6), (6, 6), (6, 6), (6, 6), (6, 6), (6, 6), (6, 6), (6, 6), (6, 6), (6, 6), (6, 6), (6, 6), (6, 6), (6, 6), (6, 6), (6, 6), (6, 6), (6, 6)]
success=False

phase=test, time=morning
steps=101
trajectory=[(1, 1), (2, 1), (1, 1), (2, 1), (1, 1), (2, 1), (1, 1), (2, 1), (1, 1), (2, 1), (1, 1), (2, 1), (1, 1), (2, 1), (1, 1), (2, 1), (1, 1), (2, 1), (1, 1), (2, 1), (1, 1), (2, 1), (1, 1), (2, 1), (1, 1), (2, 1), (1, 1), (2, 1), (1, 1), (2, 1), (1, 1), (2, 1), (1, 1), (2, 1), (1, 1), (2, 1), (1, 1), (2, 1), (1, 1), (2, 1), (1, 1), (2, 1), (1, 1), (2, 1), (1, 1), (2, 1), (1, 1), (2, 1), (1, 1), (2, 1), (1, 1), (2, 1), (1, 1), (2, 1), (1, 1), (2, 1), (1, 1), (2, 1), (1, 1), (2, 1), (1, 1), (2, 1), (1, 1), (2, 1), (1, 1), (2, 1), (1, 1), (2, 1), (1, 1), (2, 1), (1, 1), (2, 1), (1, 1), (2, 1), (1, 1), (2, 1), (1, 1), (2, 1), (1, 1), (2, 1), (1, 1), (2, 1), (1, 1), (2, 1), (1, 1), (2, 1), (1, 1), (2, 1), (1, 1), (2, 1), (1, 1), (2, 1), (1, 1), (2, 1), (1, 1), (2, 1), (1, 1), (2, 1), (1, 1), (2, 1), (1, 1), (2, 1)]
success=False

phase=test, time=evening
steps=101
trajectory=[(1, 1), (2, 1), (2, 2), (2, 3), (3, 3), (4, 3), (5, 3), (5, 4), (6, 4), (6, 5), (6, 6), (6, 6), (6, 6), (6, 6), (6, 6), (6, 6), (6, 6), (6, 6), (6, 6), (6, 6), (6, 6), (6, 6), (6, 6), (6, 6), (6, 6), (6, 6), (6, 6), (6, 6), (6, 6), (6, 6), (6, 6), (6, 6), (6, 6), (6, 6), (6, 6), (6, 6), (6, 6), (6, 6), (6, 6), (6, 6), (6, 6), (6, 6), (6, 6), (6, 6), (6, 6), (6, 6), (6, 6), (6, 6), (6, 6), (6, 6), (6, 6), (6, 6), (6, 6), (6, 6), (6, 6), (6, 6), (6, 6), (6, 6), (6, 6), (6, 6), (6, 6), (6, 6), (6, 6), (6, 6), (6, 6), (6, 6), (6, 6), (6, 6), (6, 6), (6, 6), (6, 6), (6, 6), (6, 6), (6, 6), (6, 6), (6, 6), (6, 6), (6, 6), (6, 6), (6, 6), (6, 6), (6, 6), (6, 6), (6, 6), (6, 6), (6, 6), (6, 6), (6, 6), (6, 6), (6, 6), (6, 6), (6, 6), (6, 6), (6, 6), (6, 6), (6, 6), (6, 6), (6, 6), (6, 6), (6, 6), (6, 6), (6, 6)]
success=False

Episode 23100 | mean return   -100.6 | success rate  48.0%
Episode 23200 | mean return    -46.0 | success rate  51.0%
Episode 23300 | mean return   -420.9 | success rate  32.0%
Episode 23400 | mean return   -150.7 | success rate  45.0%
Episode 23500 | mean return   -141.5 | success rate  45.0%
Episode 23600 | mean return   -227.3 | success rate  41.0%
Episode 23700 | mean return   -124.6 | success rate  47.0%
Episode 23800 | mean return   -288.0 | success rate  38.0%
Episode 23900 | mean return   -206.3 | success rate  42.0%
Episode 24000 | mean return    -63.3 | success rate  49.0%
phase=train, time=morning
steps=101
trajectory=[(1, 1), (2, 1), (2, 2), (3, 2), (4, 2), (5, 2), (5, 1), (6, 1), (5, 1), (5, 2), (5, 3), (5, 4), (5, 3), (5, 4), (5, 3), (5, 4), (5, 3), (5, 4), (5, 3), (5, 4), (5, 3), (5, 4), (5, 3), (5, 4), (5, 3), (5, 4), (5, 3), (5, 4), (5, 3), (5, 4), (5, 3), (5, 4), (5, 3), (5, 4), (5, 3), (5, 4), (5, 3), (5, 4), (5, 3), (5, 4), (5, 3), (5, 4), (5, 3), (5, 4), (5, 3), (5, 4), (5, 3), (5, 4), (5, 3), (5, 4), (5, 3), (5, 4), (5, 3), (5, 4), (5, 3), (5, 4), (5, 3), (5, 4), (5, 3), (5, 4), (5, 3), (5, 4), (5, 3), (5, 4), (5, 3), (5, 4), (5, 3), (5, 4), (5, 3), (5, 4), (5, 3), (5, 4), (5, 3), (5, 4), (5, 3), (5, 4), (5, 3), (5, 4), (5, 3), (5, 4), (5, 3), (5, 4), (5, 3), (5, 4), (5, 3), (5, 4), (5, 3), (5, 4), (5, 3), (5, 4), (5, 3), (5, 4), (5, 3), (5, 4), (5, 3), (5, 4), (5, 3), (5, 4), (5, 3), (5, 4), (5, 3), (5, 4)]
success=False

phase=train, time=evening
steps=101
trajectory=[(1, 1), (2, 1), (2, 2), (3, 2), (4, 2), (5, 2), (5, 3), (5, 4), (6, 4), (6, 5), (6, 6), (6, 6), (6, 6), (6, 6), (6, 6), (6, 6), (6, 6), (6, 6), (6, 6), (6, 6), (6, 6), (6, 6), (6, 6), (6, 6), (6, 6), (6, 6), (6, 6), (6, 6), (6, 6), (6, 6), (6, 6), (6, 6), (6, 6), (6, 6), (6, 6), (6, 6), (6, 6), (6, 6), (6, 6), (6, 6), (6, 6), (6, 6), (6, 6), (6, 6), (6, 6), (6, 6), (6, 6), (6, 6), (6, 6), (6, 6), (6, 6), (6, 6), (6, 6), (6, 6), (6, 6), (6, 6), (6, 6), (6, 6), (6, 6), (6, 6), (6, 6), (6, 6), (6, 6), (6, 6), (6, 6), (6, 6), (6, 6), (6, 6), (6, 6), (6, 6), (6, 6), (6, 6), (6, 6), (6, 6), (6, 6), (6, 6), (6, 6), (6, 6), (6, 6), (6, 6), (6, 6), (6, 6), (6, 6), (6, 6), (6, 6), (6, 6), (6, 6), (6, 6), (6, 6), (6, 6), (6, 6), (6, 6), (6, 6), (6, 6), (6, 6), (6, 6), (6, 6), (6, 6), (6, 6), (6, 6), (6, 6), (6, 6)]
success=False

phase=test, time=morning
steps=101
trajectory=[(1, 1), (2, 1), (1, 1), (2, 1), (1, 1), (2, 1), (1, 1), (2, 1), (1, 1), (2, 1), (1, 1), (2, 1), (1, 1), (2, 1), (1, 1), (2, 1), (1, 1), (2, 1), (1, 1), (2, 1), (1, 1), (2, 1), (1, 1), (2, 1), (1, 1), (2, 1), (1, 1), (2, 1), (1, 1), (2, 1), (1, 1), (2, 1), (1, 1), (2, 1), (1, 1), (2, 1), (1, 1), (2, 1), (1, 1), (2, 1), (1, 1), (2, 1), (1, 1), (2, 1), (1, 1), (2, 1), (1, 1), (2, 1), (1, 1), (2, 1), (1, 1), (2, 1), (1, 1), (2, 1), (1, 1), (2, 1), (1, 1), (2, 1), (1, 1), (2, 1), (1, 1), (2, 1), (1, 1), (2, 1), (1, 1), (2, 1), (1, 1), (2, 1), (1, 1), (2, 1), (1, 1), (2, 1), (1, 1), (2, 1), (1, 1), (2, 1), (1, 1), (2, 1), (1, 1), (2, 1), (1, 1), (2, 1), (1, 1), (2, 1), (1, 1), (2, 1), (1, 1), (2, 1), (1, 1), (2, 1), (1, 1), (2, 1), (1, 1), (2, 1), (1, 1), (2, 1), (1, 1), (2, 1), (1, 1), (2, 1), (1, 1), (2, 1)]
success=False

phase=test, time=evening
steps=101
trajectory=[(1, 1), (2, 1), (2, 2), (2, 3), (3, 3), (4, 3), (5, 3), (5, 4), (5, 5), (6, 5), (6, 6), (6, 6), (6, 6), (6, 6), (6, 6), (6, 6), (6, 6), (6, 6), (6, 6), (6, 6), (6, 6), (6, 6), (6, 6), (6, 6), (6, 6), (6, 6), (6, 6), (6, 6), (6, 6), (6, 6), (6, 6), (6, 6), (6, 6), (6, 6), (6, 6), (6, 6), (6, 6), (6, 6), (6, 6), (6, 6), (6, 6), (6, 6), (6, 6), (6, 6), (6, 6), (6, 6), (6, 6), (6, 6), (6, 6), (6, 6), (6, 6), (6, 6), (6, 6), (6, 6), (6, 6), (6, 6), (6, 6), (6, 6), (6, 6), (6, 6), (6, 6), (6, 6), (6, 6), (6, 6), (6, 6), (6, 6), (6, 6), (6, 6), (6, 6), (6, 6), (6, 6), (6, 6), (6, 6), (6, 6), (6, 6), (6, 6), (6, 6), (6, 6), (6, 6), (6, 6), (6, 6), (6, 6), (6, 6), (6, 6), (6, 6), (6, 6), (6, 6), (6, 6), (6, 6), (6, 6), (6, 6), (6, 6), (6, 6), (6, 6), (6, 6), (6, 6), (6, 6), (6, 6), (6, 6), (6, 6), (6, 6), (6, 6)]
success=False

Episode 24100 | mean return   -146.6 | success rate  45.0%
Episode 24200 | mean return     -2.6 | success rate  52.0%
Episode 24300 | mean return     45.4 | success rate  54.0%
Episode 24400 | mean return      8.2 | success rate  52.0%
Episode 24500 | mean return    102.2 | success rate  57.0%
Episode 24600 | mean return     16.7 | success rate  53.0%
Episode 24700 | mean return     65.8 | success rate  55.0%
Episode 24800 | mean return   -205.8 | success rate  42.0%
Episode 24900 | mean return     25.6 | success rate  53.0%
Episode 25000 | mean return     54.3 | success rate  55.0%
phase=train, time=morning
steps=101
trajectory=[(1, 1), (2, 1), (2, 2), (3, 2), (4, 2), (5, 2), (5, 1), (6, 1), (6, 1), (6, 1), (6, 1), (6, 1), (6, 1), (6, 1), (6, 1), (6, 1), (6, 1), (6, 1), (6, 1), (6, 1), (6, 1), (6, 1), (6, 1), (6, 1), (6, 1), (6, 1), (6, 1), (6, 1), (6, 1), (6, 1), (6, 1), (6, 1), (6, 1), (6, 1), (6, 1), (6, 1), (6, 1), (6, 1), (6, 1), (6, 1), (6, 1), (6, 1), (6, 1), (6, 1), (6, 1), (6, 1), (6, 1), (6, 1), (6, 1), (6, 1), (6, 1), (6, 1), (6, 1), (6, 1), (6, 1), (6, 1), (6, 1), (6, 1), (6, 1), (6, 1), (6, 1), (6, 1), (6, 1), (6, 1), (6, 1), (6, 1), (6, 1), (6, 1), (6, 1), (6, 1), (6, 1), (6, 1), (6, 1), (6, 1), (6, 1), (6, 1), (6, 1), (6, 1), (6, 1), (6, 1), (6, 1), (6, 1), (6, 1), (6, 1), (6, 1), (6, 1), (6, 1), (6, 1), (6, 1), (6, 1), (6, 1), (6, 1), (6, 1), (6, 1), (6, 1), (6, 1), (6, 1), (6, 1), (6, 1), (6, 1), (6, 1), (6, 1)]
success=False

phase=train, time=evening
steps=101
trajectory=[(1, 1), (2, 1), (2, 2), (3, 2), (4, 2), (5, 2), (5, 1), (6, 1), (6, 1), (6, 1), (6, 1), (6, 1), (6, 1), (6, 1), (6, 1), (6, 1), (6, 1), (6, 1), (6, 1), (6, 1), (6, 1), (6, 1), (6, 1), (6, 1), (6, 1), (6, 1), (6, 1), (6, 1), (6, 1), (6, 1), (6, 1), (6, 1), (6, 1), (6, 1), (6, 1), (6, 1), (6, 1), (6, 1), (6, 1), (6, 1), (6, 1), (6, 1), (6, 1), (6, 1), (6, 1), (6, 1), (6, 1), (6, 1), (6, 1), (6, 1), (6, 1), (6, 1), (6, 1), (6, 1), (6, 1), (6, 1), (6, 1), (6, 1), (6, 1), (6, 1), (6, 1), (6, 1), (6, 1), (6, 1), (6, 1), (6, 1), (6, 1), (6, 1), (6, 1), (6, 1), (6, 1), (6, 1), (6, 1), (6, 1), (6, 1), (6, 1), (6, 1), (6, 1), (6, 1), (6, 1), (6, 1), (6, 1), (6, 1), (6, 1), (6, 1), (6, 1), (6, 1), (6, 1), (6, 1), (6, 1), (6, 1), (6, 1), (6, 1), (6, 1), (6, 1), (6, 1), (6, 1), (6, 1), (6, 1), (6, 1), (6, 1), (6, 1)]
success=False

phase=test, time=morning
steps=101
trajectory=[(1, 1), (2, 1), (1, 1), (2, 1), (1, 1), (2, 1), (1, 1), (2, 1), (1, 1), (2, 1), (1, 1), (2, 1), (1, 1), (2, 1), (1, 1), (2, 1), (1, 1), (2, 1), (1, 1), (2, 1), (1, 1), (2, 1), (1, 1), (2, 1), (1, 1), (2, 1), (1, 1), (2, 1), (1, 1), (2, 1), (1, 1), (2, 1), (1, 1), (2, 1), (1, 1), (2, 1), (1, 1), (2, 1), (1, 1), (2, 1), (1, 1), (2, 1), (1, 1), (2, 1), (1, 1), (2, 1), (1, 1), (2, 1), (1, 1), (2, 1), (1, 1), (2, 1), (1, 1), (2, 1), (1, 1), (2, 1), (1, 1), (2, 1), (1, 1), (2, 1), (1, 1), (2, 1), (1, 1), (2, 1), (1, 1), (2, 1), (1, 1), (2, 1), (1, 1), (2, 1), (1, 1), (2, 1), (1, 1), (2, 1), (1, 1), (2, 1), (1, 1), (2, 1), (1, 1), (2, 1), (1, 1), (2, 1), (1, 1), (2, 1), (1, 1), (2, 1), (1, 1), (2, 1), (1, 1), (2, 1), (1, 1), (2, 1), (1, 1), (2, 1), (1, 1), (2, 1), (1, 1), (2, 1), (1, 1), (2, 1), (1, 1), (2, 1)]
success=False

phase=test, time=evening
steps=101
trajectory=[(1, 1), (2, 1), (2, 2), (2, 3), (3, 3), (4, 3), (5, 3), (5, 2), (5, 1), (6, 1), (6, 1), (6, 1), (6, 1), (6, 1), (6, 1), (6, 1), (6, 1), (6, 1), (6, 1), (6, 1), (6, 1), (6, 1), (6, 1), (6, 1), (6, 1), (6, 1), (6, 1), (6, 1), (6, 1), (6, 1), (6, 1), (6, 1), (6, 1), (6, 1), (6, 1), (6, 1), (6, 1), (6, 1), (6, 1), (6, 1), (6, 1), (6, 1), (6, 1), (6, 1), (6, 1), (6, 1), (6, 1), (6, 1), (6, 1), (6, 1), (6, 1), (6, 1), (6, 1), (6, 1), (6, 1), (6, 1), (6, 1), (6, 1), (6, 1), (6, 1), (6, 1), (6, 1), (6, 1), (6, 1), (6, 1), (6, 1), (6, 1), (6, 1), (6, 1), (6, 1), (6, 1), (6, 1), (6, 1), (6, 1), (6, 1), (6, 1), (6, 1), (6, 1), (6, 1), (6, 1), (6, 1), (6, 1), (6, 1), (6, 1), (6, 1), (6, 1), (6, 1), (6, 1), (6, 1), (6, 1), (6, 1), (6, 1), (6, 1), (6, 1), (6, 1), (6, 1), (6, 1), (6, 1), (6, 1), (6, 1), (6, 1), (6, 1)]
success=False

Episode 25100 | mean return   -475.6 | success rate  30.0%
Episode 25200 | mean return   -220.9 | success rate  41.0%
Episode 25300 | mean return   -308.2 | success rate  37.0%
Episode 25400 | mean return   -437.2 | success rate  31.0%
Episode 25500 | mean return   -127.2 | success rate  46.0%
Episode 25600 | mean return   -283.9 | success rate  39.0%
Episode 25700 | mean return   -332.4 | success rate  36.0%
Episode 25800 | mean return    128.3 | success rate  58.0%
Episode 25900 | mean return   -222.1 | success rate  41.0%
Episode 26000 | mean return      0.2 | success rate  52.0%
phase=train, time=morning
steps=17
trajectory=[(1, 1), (2, 1), (2, 2), (3, 2), (4, 2), (5, 2), (5, 1), (6, 1), (5, 1), (5, 2), (5, 3), (4, 3), (3, 3), (2, 3), (1, 3), (1, 4), (1, 5), (1, 6)]
success=True

phase=train, time=evening
steps=21
trajectory=[(1, 1), (2, 1), (2, 2), (3, 2), (4, 2), (5, 2), (5, 3), (6, 3), (6, 4), (6, 5), (6, 6), (5, 6), (5, 5), (5, 4), (5, 3), (4, 3), (3, 3), (2, 3), (1, 3), (1, 4), (1, 5), (1, 6)]
success=True

phase=test, time=morning
steps=101
trajectory=[(1, 1), (2, 1), (1, 1), (2, 1), (1, 1), (2, 1), (1, 1), (2, 1), (1, 1), (2, 1), (1, 1), (2, 1), (1, 1), (2, 1), (1, 1), (2, 1), (1, 1), (2, 1), (1, 1), (2, 1), (1, 1), (2, 1), (1, 1), (2, 1), (1, 1), (2, 1), (1, 1), (2, 1), (1, 1), (2, 1), (1, 1), (2, 1), (1, 1), (2, 1), (1, 1), (2, 1), (1, 1), (2, 1), (1, 1), (2, 1), (1, 1), (2, 1), (1, 1), (2, 1), (1, 1), (2, 1), (1, 1), (2, 1), (1, 1), (2, 1), (1, 1), (2, 1), (1, 1), (2, 1), (1, 1), (2, 1), (1, 1), (2, 1), (1, 1), (2, 1), (1, 1), (2, 1), (1, 1), (2, 1), (1, 1), (2, 1), (1, 1), (2, 1), (1, 1), (2, 1), (1, 1), (2, 1), (1, 1), (2, 1), (1, 1), (2, 1), (1, 1), (2, 1), (1, 1), (2, 1), (1, 1), (2, 1), (1, 1), (2, 1), (1, 1), (2, 1), (1, 1), (2, 1), (1, 1), (2, 1), (1, 1), (2, 1), (1, 1), (2, 1), (1, 1), (2, 1), (1, 1), (2, 1), (1, 1), (2, 1), (1, 1), (2, 1)]
success=False

phase=test, time=evening
steps=19
trajectory=[(1, 1), (2, 1), (2, 2), (2, 3), (3, 3), (4, 3), (5, 3), (5, 4), (6, 4), (6, 5), (6, 6), (5, 6), (5, 5), (5, 4), (4, 4), (3, 4), (2, 4), (1, 4), (1, 5), (1, 6)]
success=True

Episode 26100 | mean return   -161.7 | success rate  44.0%
Episode 26200 | mean return   -114.1 | success rate  46.0%
Episode 26300 | mean return   -133.1 | success rate  46.0%
Episode 26400 | mean return   -228.0 | success rate  41.0%
Episode 26500 | mean return    -35.0 | success rate  50.0%
Episode 26600 | mean return   -103.3 | success rate  47.0%
Episode 26700 | mean return   -237.9 | success rate  41.0%
Episode 26800 | mean return   -203.2 | success rate  42.0%
Episode 26900 | mean return   -131.3 | success rate  46.0%
Episode 27000 | mean return   -396.7 | success rate  33.0%
phase=train, time=morning
steps=101
trajectory=[(1, 1), (2, 1), (2, 2), (3, 2), (4, 2), (5, 2), (5, 1), (6, 1), (6, 2), (6, 3), (6, 4), (6, 5), (6, 6), (6, 6), (6, 6), (6, 6), (6, 6), (6, 6), (6, 6), (6, 6), (6, 6), (6, 6), (6, 6), (6, 6), (6, 6), (6, 6), (6, 6), (6, 6), (6, 6), (6, 6), (6, 6), (6, 6), (6, 6), (6, 6), (6, 6), (6, 6), (6, 6), (6, 6), (6, 6), (6, 6), (6, 6), (6, 6), (6, 6), (6, 6), (6, 6), (6, 6), (6, 6), (6, 6), (6, 6), (6, 6), (6, 6), (6, 6), (6, 6), (6, 6), (6, 6), (6, 6), (6, 6), (6, 6), (6, 6), (6, 6), (6, 6), (6, 6), (6, 6), (6, 6), (6, 6), (6, 6), (6, 6), (6, 6), (6, 6), (6, 6), (6, 6), (6, 6), (6, 6), (6, 6), (6, 6), (6, 6), (6, 6), (6, 6), (6, 6), (6, 6), (6, 6), (6, 6), (6, 6), (6, 6), (6, 6), (6, 6), (6, 6), (6, 6), (6, 6), (6, 6), (6, 6), (6, 6), (6, 6), (6, 6), (6, 6), (6, 6), (6, 6), (6, 6), (6, 6), (6, 6), (6, 6), (6, 6)]
success=False

phase=train, time=evening
steps=101
trajectory=[(1, 1), (2, 1), (2, 2), (3, 2), (4, 2), (5, 2), (5, 3), (5, 4), (6, 4), (6, 5), (6, 6), (6, 6), (6, 6), (6, 6), (6, 6), (6, 6), (6, 6), (6, 6), (6, 6), (6, 6), (6, 6), (6, 6), (6, 6), (6, 6), (6, 6), (6, 6), (6, 6), (6, 6), (6, 6), (6, 6), (6, 6), (6, 6), (6, 6), (6, 6), (6, 6), (6, 6), (6, 6), (6, 6), (6, 6), (6, 6), (6, 6), (6, 6), (6, 6), (6, 6), (6, 6), (6, 6), (6, 6), (6, 6), (6, 6), (6, 6), (6, 6), (6, 6), (6, 6), (6, 6), (6, 6), (6, 6), (6, 6), (6, 6), (6, 6), (6, 6), (6, 6), (6, 6), (6, 6), (6, 6), (6, 6), (6, 6), (6, 6), (6, 6), (6, 6), (6, 6), (6, 6), (6, 6), (6, 6), (6, 6), (6, 6), (6, 6), (6, 6), (6, 6), (6, 6), (6, 6), (6, 6), (6, 6), (6, 6), (6, 6), (6, 6), (6, 6), (6, 6), (6, 6), (6, 6), (6, 6), (6, 6), (6, 6), (6, 6), (6, 6), (6, 6), (6, 6), (6, 6), (6, 6), (6, 6), (6, 6), (6, 6), (6, 6)]
success=False

phase=test, time=morning
steps=101
trajectory=[(1, 1), (2, 1), (1, 1), (2, 1), (1, 1), (2, 1), (1, 1), (2, 1), (1, 1), (2, 1), (1, 1), (2, 1), (1, 1), (2, 1), (1, 1), (2, 1), (1, 1), (2, 1), (1, 1), (2, 1), (1, 1), (2, 1), (1, 1), (2, 1), (1, 1), (2, 1), (1, 1), (2, 1), (1, 1), (2, 1), (1, 1), (2, 1), (1, 1), (2, 1), (1, 1), (2, 1), (1, 1), (2, 1), (1, 1), (2, 1), (1, 1), (2, 1), (1, 1), (2, 1), (1, 1), (2, 1), (1, 1), (2, 1), (1, 1), (2, 1), (1, 1), (2, 1), (1, 1), (2, 1), (1, 1), (2, 1), (1, 1), (2, 1), (1, 1), (2, 1), (1, 1), (2, 1), (1, 1), (2, 1), (1, 1), (2, 1), (1, 1), (2, 1), (1, 1), (2, 1), (1, 1), (2, 1), (1, 1), (2, 1), (1, 1), (2, 1), (1, 1), (2, 1), (1, 1), (2, 1), (1, 1), (2, 1), (1, 1), (2, 1), (1, 1), (2, 1), (1, 1), (2, 1), (1, 1), (2, 1), (1, 1), (2, 1), (1, 1), (2, 1), (1, 1), (2, 1), (1, 1), (2, 1), (1, 1), (2, 1), (1, 1), (2, 1)]
success=False

phase=test, time=evening
steps=101
trajectory=[(1, 1), (2, 1), (2, 2), (2, 3), (3, 3), (4, 3), (5, 3), (5, 4), (5, 5), (5, 4), (5, 5), (5, 4), (5, 5), (5, 4), (5, 5), (5, 4), (5, 5), (5, 4), (5, 5), (5, 4), (5, 5), (5, 4), (5, 5), (5, 4), (5, 5), (5, 4), (5, 5), (5, 4), (5, 5), (5, 4), (5, 5), (5, 4), (5, 5), (5, 4), (5, 5), (5, 4), (5, 5), (5, 4), (5, 5), (5, 4), (5, 5), (5, 4), (5, 5), (5, 4), (5, 5), (5, 4), (5, 5), (5, 4), (5, 5), (5, 4), (5, 5), (5, 4), (5, 5), (5, 4), (5, 5), (5, 4), (5, 5), (5, 4), (5, 5), (5, 4), (5, 5), (5, 4), (5, 5), (5, 4), (5, 5), (5, 4), (5, 5), (5, 4), (5, 5), (5, 4), (5, 5), (5, 4), (5, 5), (5, 4), (5, 5), (5, 4), (5, 5), (5, 4), (5, 5), (5, 4), (5, 5), (5, 4), (5, 5), (5, 4), (5, 5), (5, 4), (5, 5), (5, 4), (5, 5), (5, 4), (5, 5), (5, 4), (5, 5), (5, 4), (5, 5), (5, 4), (5, 5), (5, 4), (5, 5), (5, 4), (5, 5), (5, 4)]
success=False

Episode 27100 | mean return   -126.1 | success rate  46.0%
Episode 27200 | mean return   -266.0 | success rate  39.0%
Episode 27300 | mean return   -268.4 | success rate  39.0%
Episode 27400 | mean return   -499.8 | success rate  28.0%
Episode 27500 | mean return    -82.6 | success rate  48.0%
Episode 27600 | mean return   -122.5 | success rate  46.0%
Episode 27700 | mean return     77.4 | success rate  57.0%
Episode 27800 | mean return     -4.4 | success rate  52.0%
Episode 27900 | mean return    -88.0 | success rate  48.0%
Episode 28000 | mean return    -10.1 | success rate  52.0%
phase=train, time=morning
steps=17
trajectory=[(1, 1), (2, 1), (2, 2), (3, 2), (4, 2), (5, 2), (5, 1), (6, 1), (5, 1), (5, 2), (5, 3), (4, 3), (3, 3), (2, 3), (1, 3), (1, 4), (1, 5), (1, 6)]
success=True

phase=train, time=evening
steps=101
trajectory=[(1, 1), (2, 1), (2, 2), (2, 3), (3, 3), (4, 3), (5, 3), (5, 2), (5, 3), (5, 2), (5, 3), (5, 2), (5, 3), (5, 2), (5, 3), (5, 2), (5, 3), (5, 2), (5, 3), (5, 2), (5, 3), (5, 2), (5, 3), (5, 2), (5, 3), (5, 2), (5, 3), (5, 2), (5, 3), (5, 2), (5, 3), (5, 2), (5, 3), (5, 2), (5, 3), (5, 2), (5, 3), (5, 2), (5, 3), (5, 2), (5, 3), (5, 2), (5, 3), (5, 2), (5, 3), (5, 2), (5, 3), (5, 2), (5, 3), (5, 2), (5, 3), (5, 2), (5, 3), (5, 2), (5, 3), (5, 2), (5, 3), (5, 2), (5, 3), (5, 2), (5, 3), (5, 2), (5, 3), (5, 2), (5, 3), (5, 2), (5, 3), (5, 2), (5, 3), (5, 2), (5, 3), (5, 2), (5, 3), (5, 2), (5, 3), (5, 2), (5, 3), (5, 2), (5, 3), (5, 2), (5, 3), (5, 2), (5, 3), (5, 2), (5, 3), (5, 2), (5, 3), (5, 2), (5, 3), (5, 2), (5, 3), (5, 2), (5, 3), (5, 2), (5, 3), (5, 2), (5, 3), (5, 2), (5, 3), (5, 2), (5, 3), (5, 2)]
success=False

phase=test, time=morning
steps=101
trajectory=[(1, 1), (2, 1), (1, 1), (2, 1), (1, 1), (2, 1), (1, 1), (2, 1), (1, 1), (2, 1), (1, 1), (2, 1), (1, 1), (2, 1), (1, 1), (2, 1), (1, 1), (2, 1), (1, 1), (2, 1), (1, 1), (2, 1), (1, 1), (2, 1), (1, 1), (2, 1), (1, 1), (2, 1), (1, 1), (2, 1), (1, 1), (2, 1), (1, 1), (2, 1), (1, 1), (2, 1), (1, 1), (2, 1), (1, 1), (2, 1), (1, 1), (2, 1), (1, 1), (2, 1), (1, 1), (2, 1), (1, 1), (2, 1), (1, 1), (2, 1), (1, 1), (2, 1), (1, 1), (2, 1), (1, 1), (2, 1), (1, 1), (2, 1), (1, 1), (2, 1), (1, 1), (2, 1), (1, 1), (2, 1), (1, 1), (2, 1), (1, 1), (2, 1), (1, 1), (2, 1), (1, 1), (2, 1), (1, 1), (2, 1), (1, 1), (2, 1), (1, 1), (2, 1), (1, 1), (2, 1), (1, 1), (2, 1), (1, 1), (2, 1), (1, 1), (2, 1), (1, 1), (2, 1), (1, 1), (2, 1), (1, 1), (2, 1), (1, 1), (2, 1), (1, 1), (2, 1), (1, 1), (2, 1), (1, 1), (2, 1), (1, 1), (2, 1)]
success=False

phase=test, time=evening
steps=101
trajectory=[(1, 1), (2, 1), (2, 2), (2, 3), (2, 4), (3, 4), (4, 4), (5, 4), (5, 3), (5, 4), (5, 3), (5, 4), (5, 3), (5, 4), (5, 3), (5, 4), (5, 3), (5, 4), (5, 3), (5, 4), (5, 3), (5, 4), (5, 3), (5, 4), (5, 3), (5, 4), (5, 3), (5, 4), (5, 3), (5, 4), (5, 3), (5, 4), (5, 3), (5, 4), (5, 3), (5, 4), (5, 3), (5, 4), (5, 3), (5, 4), (5, 3), (5, 4), (5, 3), (5, 4), (5, 3), (5, 4), (5, 3), (5, 4), (5, 3), (5, 4), (5, 3), (5, 4), (5, 3), (5, 4), (5, 3), (5, 4), (5, 3), (5, 4), (5, 3), (5, 4), (5, 3), (5, 4), (5, 3), (5, 4), (5, 3), (5, 4), (5, 3), (5, 4), (5, 3), (5, 4), (5, 3), (5, 4), (5, 3), (5, 4), (5, 3), (5, 4), (5, 3), (5, 4), (5, 3), (5, 4), (5, 3), (5, 4), (5, 3), (5, 4), (5, 3), (5, 4), (5, 3), (5, 4), (5, 3), (5, 4), (5, 3), (5, 4), (5, 3), (5, 4), (5, 3), (5, 4), (5, 3), (5, 4), (5, 3), (5, 4), (5, 3), (5, 4)]
success=False

Episode 28100 | mean return   -395.2 | success rate  33.0%
Episode 28200 | mean return   -104.9 | success rate  47.0%
Episode 28300 | mean return     78.7 | success rate  56.0%
Episode 28400 | mean return   -299.9 | success rate  38.0%
Episode 28500 | mean return    -30.2 | success rate  51.0%
Episode 28600 | mean return   -373.4 | success rate  34.0%
Episode 28700 | mean return   -215.7 | success rate  43.0%
Episode 28800 | mean return    -47.6 | success rate  50.0%
Episode 28900 | mean return   -109.5 | success rate  47.0%
Episode 29000 | mean return   -201.1 | success rate  42.0%
phase=train, time=morning
steps=17
trajectory=[(1, 1), (2, 1), (2, 2), (3, 2), (4, 2), (5, 2), (5, 1), (6, 1), (5, 1), (5, 2), (5, 3), (4, 3), (3, 3), (2, 3), (1, 3), (1, 4), (1, 5), (1, 6)]
success=True

phase=train, time=evening
steps=101
trajectory=[(1, 1), (2, 1), (2, 2), (3, 2), (4, 2), (5, 2), (5, 1), (5, 1), (5, 1), (5, 1), (5, 1), (5, 1), (5, 1), (5, 1), (5, 1), (5, 1), (5, 1), (5, 1), (5, 1), (5, 1), (5, 1), (5, 1), (5, 1), (5, 1), (5, 1), (5, 1), (5, 1), (5, 1), (5, 1), (5, 1), (5, 1), (5, 1), (5, 1), (5, 1), (5, 1), (5, 1), (5, 1), (5, 1), (5, 1), (5, 1), (5, 1), (5, 1), (5, 1), (5, 1), (5, 1), (5, 1), (5, 1), (5, 1), (5, 1), (5, 1), (5, 1), (5, 1), (5, 1), (5, 1), (5, 1), (5, 1), (5, 1), (5, 1), (5, 1), (5, 1), (5, 1), (5, 1), (5, 1), (5, 1), (5, 1), (5, 1), (5, 1), (5, 1), (5, 1), (5, 1), (5, 1), (5, 1), (5, 1), (5, 1), (5, 1), (5, 1), (5, 1), (5, 1), (5, 1), (5, 1), (5, 1), (5, 1), (5, 1), (5, 1), (5, 1), (5, 1), (5, 1), (5, 1), (5, 1), (5, 1), (5, 1), (5, 1), (5, 1), (5, 1), (5, 1), (5, 1), (5, 1), (5, 1), (5, 1), (5, 1), (5, 1), (5, 1)]
success=False

phase=test, time=morning
steps=101
trajectory=[(1, 1), (2, 1), (1, 1), (2, 1), (1, 1), (2, 1), (1, 1), (2, 1), (1, 1), (2, 1), (1, 1), (2, 1), (1, 1), (2, 1), (1, 1), (2, 1), (1, 1), (2, 1), (1, 1), (2, 1), (1, 1), (2, 1), (1, 1), (2, 1), (1, 1), (2, 1), (1, 1), (2, 1), (1, 1), (2, 1), (1, 1), (2, 1), (1, 1), (2, 1), (1, 1), (2, 1), (1, 1), (2, 1), (1, 1), (2, 1), (1, 1), (2, 1), (1, 1), (2, 1), (1, 1), (2, 1), (1, 1), (2, 1), (1, 1), (2, 1), (1, 1), (2, 1), (1, 1), (2, 1), (1, 1), (2, 1), (1, 1), (2, 1), (1, 1), (2, 1), (1, 1), (2, 1), (1, 1), (2, 1), (1, 1), (2, 1), (1, 1), (2, 1), (1, 1), (2, 1), (1, 1), (2, 1), (1, 1), (2, 1), (1, 1), (2, 1), (1, 1), (2, 1), (1, 1), (2, 1), (1, 1), (2, 1), (1, 1), (2, 1), (1, 1), (2, 1), (1, 1), (2, 1), (1, 1), (2, 1), (1, 1), (2, 1), (1, 1), (2, 1), (1, 1), (2, 1), (1, 1), (2, 1), (1, 1), (2, 1), (1, 1), (2, 1)]
success=False

phase=test, time=evening
steps=101
trajectory=[(1, 1), (2, 1), (2, 2), (2, 3), (3, 3), (4, 3), (5, 3), (5, 2), (5, 1), (5, 1), (5, 1), (5, 1), (5, 1), (5, 1), (5, 1), (5, 1), (5, 1), (5, 1), (5, 1), (5, 1), (5, 1), (5, 1), (5, 1), (5, 1), (5, 1), (5, 1), (5, 1), (5, 1), (5, 1), (5, 1), (5, 1), (5, 1), (5, 1), (5, 1), (5, 1), (5, 1), (5, 1), (5, 1), (5, 1), (5, 1), (5, 1), (5, 1), (5, 1), (5, 1), (5, 1), (5, 1), (5, 1), (5, 1), (5, 1), (5, 1), (5, 1), (5, 1), (5, 1), (5, 1), (5, 1), (5, 1), (5, 1), (5, 1), (5, 1), (5, 1), (5, 1), (5, 1), (5, 1), (5, 1), (5, 1), (5, 1), (5, 1), (5, 1), (5, 1), (5, 1), (5, 1), (5, 1), (5, 1), (5, 1), (5, 1), (5, 1), (5, 1), (5, 1), (5, 1), (5, 1), (5, 1), (5, 1), (5, 1), (5, 1), (5, 1), (5, 1), (5, 1), (5, 1), (5, 1), (5, 1), (5, 1), (5, 1), (5, 1), (5, 1), (5, 1), (5, 1), (5, 1), (5, 1), (5, 1), (5, 1), (5, 1), (5, 1)]
success=False

Episode 29100 | mean return     66.2 | success rate  56.0%
Episode 29200 | mean return   -127.9 | success rate  46.0%
Episode 29300 | mean return   -234.4 | success rate  41.0%
Episode 29400 | mean return   -335.1 | success rate  36.0%
Episode 29500 | mean return   -226.9 | success rate  41.0%
Episode 29600 | mean return   -154.1 | success rate  45.0%
Episode 29700 | mean return   -211.6 | success rate  42.0%
Episode 29800 | mean return   -182.7 | success rate  43.0%
Episode 29900 | mean return     31.2 | success rate  54.0%
Episode 30000 | mean return   -266.8 | success rate  39.0%
phase=train, time=morning
steps=101
trajectory=[(1, 1), (2, 1), (2, 2), (3, 2), (4, 2), (5, 2), (5, 1), (6, 1), (5, 1), (5, 2), (5, 3), (5, 4), (5, 3), (5, 4), (5, 3), (5, 4), (5, 3), (5, 4), (5, 3), (5, 4), (5, 3), (5, 4), (5, 3), (5, 4), (5, 3), (5, 4), (5, 3), (5, 4), (5, 3), (5, 4), (5, 3), (5, 4), (5, 3), (5, 4), (5, 3), (5, 4), (5, 3), (5, 4), (5, 3), (5, 4), (5, 3), (5, 4), (5, 3), (5, 4), (5, 3), (5, 4), (5, 3), (5, 4), (5, 3), (5, 4), (5, 3), (5, 4), (5, 3), (5, 4), (5, 3), (5, 4), (5, 3), (5, 4), (5, 3), (5, 4), (5, 3), (5, 4), (5, 3), (5, 4), (5, 3), (5, 4), (5, 3), (5, 4), (5, 3), (5, 4), (5, 3), (5, 4), (5, 3), (5, 4), (5, 3), (5, 4), (5, 3), (5, 4), (5, 3), (5, 4), (5, 3), (5, 4), (5, 3), (5, 4), (5, 3), (5, 4), (5, 3), (5, 4), (5, 3), (5, 4), (5, 3), (5, 4), (5, 3), (5, 4), (5, 3), (5, 4), (5, 3), (5, 4), (5, 3), (5, 4), (5, 3), (5, 4)]
success=False

phase=train, time=evening
steps=101
trajectory=[(1, 1), (2, 1), (2, 2), (3, 2), (4, 2), (5, 2), (6, 2), (6, 3), (6, 4), (6, 5), (6, 6), (6, 6), (6, 6), (6, 6), (6, 6), (6, 6), (6, 6), (6, 6), (6, 6), (6, 6), (6, 6), (6, 6), (6, 6), (6, 6), (6, 6), (6, 6), (6, 6), (6, 6), (6, 6), (6, 6), (6, 6), (6, 6), (6, 6), (6, 6), (6, 6), (6, 6), (6, 6), (6, 6), (6, 6), (6, 6), (6, 6), (6, 6), (6, 6), (6, 6), (6, 6), (6, 6), (6, 6), (6, 6), (6, 6), (6, 6), (6, 6), (6, 6), (6, 6), (6, 6), (6, 6), (6, 6), (6, 6), (6, 6), (6, 6), (6, 6), (6, 6), (6, 6), (6, 6), (6, 6), (6, 6), (6, 6), (6, 6), (6, 6), (6, 6), (6, 6), (6, 6), (6, 6), (6, 6), (6, 6), (6, 6), (6, 6), (6, 6), (6, 6), (6, 6), (6, 6), (6, 6), (6, 6), (6, 6), (6, 6), (6, 6), (6, 6), (6, 6), (6, 6), (6, 6), (6, 6), (6, 6), (6, 6), (6, 6), (6, 6), (6, 6), (6, 6), (6, 6), (6, 6), (6, 6), (6, 6), (6, 6), (6, 6)]
success=False

phase=test, time=morning
steps=101
trajectory=[(1, 1), (2, 1), (1, 1), (2, 1), (1, 1), (2, 1), (1, 1), (2, 1), (1, 1), (2, 1), (1, 1), (2, 1), (1, 1), (2, 1), (1, 1), (2, 1), (1, 1), (2, 1), (1, 1), (2, 1), (1, 1), (2, 1), (1, 1), (2, 1), (1, 1), (2, 1), (1, 1), (2, 1), (1, 1), (2, 1), (1, 1), (2, 1), (1, 1), (2, 1), (1, 1), (2, 1), (1, 1), (2, 1), (1, 1), (2, 1), (1, 1), (2, 1), (1, 1), (2, 1), (1, 1), (2, 1), (1, 1), (2, 1), (1, 1), (2, 1), (1, 1), (2, 1), (1, 1), (2, 1), (1, 1), (2, 1), (1, 1), (2, 1), (1, 1), (2, 1), (1, 1), (2, 1), (1, 1), (2, 1), (1, 1), (2, 1), (1, 1), (2, 1), (1, 1), (2, 1), (1, 1), (2, 1), (1, 1), (2, 1), (1, 1), (2, 1), (1, 1), (2, 1), (1, 1), (2, 1), (1, 1), (2, 1), (1, 1), (2, 1), (1, 1), (2, 1), (1, 1), (2, 1), (1, 1), (2, 1), (1, 1), (2, 1), (1, 1), (2, 1), (1, 1), (2, 1), (1, 1), (2, 1), (1, 1), (2, 1), (1, 1), (2, 1)]
success=False

phase=test, time=evening
steps=101
trajectory=[(1, 1), (2, 1), (2, 2), (2, 3), (3, 3), (4, 3), (5, 3), (6, 3), (6, 4), (6, 5), (6, 6), (6, 6), (6, 6), (6, 6), (6, 6), (6, 6), (6, 6), (6, 6), (6, 6), (6, 6), (6, 6), (6, 6), (6, 6), (6, 6), (6, 6), (6, 6), (6, 6), (6, 6), (6, 6), (6, 6), (6, 6), (6, 6), (6, 6), (6, 6), (6, 6), (6, 6), (6, 6), (6, 6), (6, 6), (6, 6), (6, 6), (6, 6), (6, 6), (6, 6), (6, 6), (6, 6), (6, 6), (6, 6), (6, 6), (6, 6), (6, 6), (6, 6), (6, 6), (6, 6), (6, 6), (6, 6), (6, 6), (6, 6), (6, 6), (6, 6), (6, 6), (6, 6), (6, 6), (6, 6), (6, 6), (6, 6), (6, 6), (6, 6), (6, 6), (6, 6), (6, 6), (6, 6), (6, 6), (6, 6), (6, 6), (6, 6), (6, 6), (6, 6), (6, 6), (6, 6), (6, 6), (6, 6), (6, 6), (6, 6), (6, 6), (6, 6), (6, 6), (6, 6), (6, 6), (6, 6), (6, 6), (6, 6), (6, 6), (6, 6), (6, 6), (6, 6), (6, 6), (6, 6), (6, 6), (6, 6), (6, 6), (6, 6)]
success=False

Episode 30100 | mean return   -376.2 | success rate  34.0%
Episode 30200 | mean return   -123.0 | success rate  46.0%
Episode 30300 | mean return   -111.3 | success rate  48.0%
Episode 30400 | mean return   -245.6 | success rate  40.0%
Episode 30500 | mean return    -22.9 | success rate  51.0%
Episode 30600 | mean return   -204.4 | success rate  42.0%
Episode 30700 | mean return    -83.1 | success rate  48.0%
Episode 30800 | mean return   -126.8 | success rate  46.0%
Episode 30900 | mean return     -7.3 | success rate  52.0%
Episode 31000 | mean return   -110.6 | success rate  47.0%
phase=train, time=morning
steps=17
trajectory=[(1, 1), (2, 1), (2, 2), (3, 2), (4, 2), (5, 2), (5, 1), (6, 1), (6, 2), (5, 2), (5, 3), (4, 3), (3, 3), (2, 3), (1, 3), (1, 4), (1, 5), (1, 6)]
success=True

phase=train, time=evening
steps=101
trajectory=[(1, 1), (2, 1), (2, 2), (3, 2), (4, 2), (5, 2), (5, 1), (6, 1), (6, 2), (6, 3), (6, 4), (6, 5), (6, 6), (6, 6), (6, 6), (6, 6), (6, 6), (6, 6), (6, 6), (6, 6), (6, 6), (6, 6), (6, 6), (6, 6), (6, 6), (6, 6), (6, 6), (6, 6), (6, 6), (6, 6), (6, 6), (6, 6), (6, 6), (6, 6), (6, 6), (6, 6), (6, 6), (6, 6), (6, 6), (6, 6), (6, 6), (6, 6), (6, 6), (6, 6), (6, 6), (6, 6), (6, 6), (6, 6), (6, 6), (6, 6), (6, 6), (6, 6), (6, 6), (6, 6), (6, 6), (6, 6), (6, 6), (6, 6), (6, 6), (6, 6), (6, 6), (6, 6), (6, 6), (6, 6), (6, 6), (6, 6), (6, 6), (6, 6), (6, 6), (6, 6), (6, 6), (6, 6), (6, 6), (6, 6), (6, 6), (6, 6), (6, 6), (6, 6), (6, 6), (6, 6), (6, 6), (6, 6), (6, 6), (6, 6), (6, 6), (6, 6), (6, 6), (6, 6), (6, 6), (6, 6), (6, 6), (6, 6), (6, 6), (6, 6), (6, 6), (6, 6), (6, 6), (6, 6), (6, 6), (6, 6), (6, 6), (6, 6)]
success=False

phase=test, time=morning
steps=101
trajectory=[(1, 1), (2, 1), (1, 1), (2, 1), (1, 1), (2, 1), (1, 1), (2, 1), (1, 1), (2, 1), (1, 1), (2, 1), (1, 1), (2, 1), (1, 1), (2, 1), (1, 1), (2, 1), (1, 1), (2, 1), (1, 1), (2, 1), (1, 1), (2, 1), (1, 1), (2, 1), (1, 1), (2, 1), (1, 1), (2, 1), (1, 1), (2, 1), (1, 1), (2, 1), (1, 1), (2, 1), (1, 1), (2, 1), (1, 1), (2, 1), (1, 1), (2, 1), (1, 1), (2, 1), (1, 1), (2, 1), (1, 1), (2, 1), (1, 1), (2, 1), (1, 1), (2, 1), (1, 1), (2, 1), (1, 1), (2, 1), (1, 1), (2, 1), (1, 1), (2, 1), (1, 1), (2, 1), (1, 1), (2, 1), (1, 1), (2, 1), (1, 1), (2, 1), (1, 1), (2, 1), (1, 1), (2, 1), (1, 1), (2, 1), (1, 1), (2, 1), (1, 1), (2, 1), (1, 1), (2, 1), (1, 1), (2, 1), (1, 1), (2, 1), (1, 1), (2, 1), (1, 1), (2, 1), (1, 1), (2, 1), (1, 1), (2, 1), (1, 1), (2, 1), (1, 1), (2, 1), (1, 1), (2, 1), (1, 1), (2, 1), (1, 1), (2, 1)]
success=False

phase=test, time=evening
steps=101
trajectory=[(1, 1), (2, 1), (2, 2), (2, 3), (3, 3), (4, 3), (5, 3), (5, 2), (5, 1), (6, 1), (6, 2), (6, 3), (6, 4), (6, 5), (6, 6), (6, 6), (6, 6), (6, 6), (6, 6), (6, 6), (6, 6), (6, 6), (6, 6), (6, 6), (6, 6), (6, 6), (6, 6), (6, 6), (6, 6), (6, 6), (6, 6), (6, 6), (6, 6), (6, 6), (6, 6), (6, 6), (6, 6), (6, 6), (6, 6), (6, 6), (6, 6), (6, 6), (6, 6), (6, 6), (6, 6), (6, 6), (6, 6), (6, 6), (6, 6), (6, 6), (6, 6), (6, 6), (6, 6), (6, 6), (6, 6), (6, 6), (6, 6), (6, 6), (6, 6), (6, 6), (6, 6), (6, 6), (6, 6), (6, 6), (6, 6), (6, 6), (6, 6), (6, 6), (6, 6), (6, 6), (6, 6), (6, 6), (6, 6), (6, 6), (6, 6), (6, 6), (6, 6), (6, 6), (6, 6), (6, 6), (6, 6), (6, 6), (6, 6), (6, 6), (6, 6), (6, 6), (6, 6), (6, 6), (6, 6), (6, 6), (6, 6), (6, 6), (6, 6), (6, 6), (6, 6), (6, 6), (6, 6), (6, 6), (6, 6), (6, 6), (6, 6), (6, 6)]
success=False

Episode 31100 | mean return     51.0 | success rate  55.0%
Episode 31200 | mean return    -84.5 | success rate  48.0%
Episode 31300 | mean return   -379.7 | success rate  34.0%
Episode 31400 | mean return   -332.9 | success rate  36.0%
Episode 31500 | mean return   -130.6 | success rate  46.0%
Episode 31600 | mean return    -40.3 | success rate  51.0%
Episode 31700 | mean return   -140.3 | success rate  45.0%
Episode 31800 | mean return   -219.8 | success rate  42.0%
Episode 31900 | mean return    -11.3 | success rate  52.0%
Episode 32000 | mean return   -335.8 | success rate  36.0%
phase=train, time=morning
steps=101
trajectory=[(1, 1), (2, 1), (2, 2), (3, 2), (4, 2), (5, 2), (5, 1), (6, 1), (6, 2), (5, 2), (5, 3), (5, 4), (5, 3), (5, 4), (5, 3), (5, 4), (5, 3), (5, 4), (5, 3), (5, 4), (5, 3), (5, 4), (5, 3), (5, 4), (5, 3), (5, 4), (5, 3), (5, 4), (5, 3), (5, 4), (5, 3), (5, 4), (5, 3), (5, 4), (5, 3), (5, 4), (5, 3), (5, 4), (5, 3), (5, 4), (5, 3), (5, 4), (5, 3), (5, 4), (5, 3), (5, 4), (5, 3), (5, 4), (5, 3), (5, 4), (5, 3), (5, 4), (5, 3), (5, 4), (5, 3), (5, 4), (5, 3), (5, 4), (5, 3), (5, 4), (5, 3), (5, 4), (5, 3), (5, 4), (5, 3), (5, 4), (5, 3), (5, 4), (5, 3), (5, 4), (5, 3), (5, 4), (5, 3), (5, 4), (5, 3), (5, 4), (5, 3), (5, 4), (5, 3), (5, 4), (5, 3), (5, 4), (5, 3), (5, 4), (5, 3), (5, 4), (5, 3), (5, 4), (5, 3), (5, 4), (5, 3), (5, 4), (5, 3), (5, 4), (5, 3), (5, 4), (5, 3), (5, 4), (5, 3), (5, 4), (5, 3), (5, 4)]
success=False

phase=train, time=evening
steps=101
trajectory=[(1, 1), (2, 1), (2, 2), (3, 2), (4, 2), (5, 2), (5, 3), (6, 3), (6, 4), (6, 5), (6, 6), (6, 6), (6, 6), (6, 6), (6, 6), (6, 6), (6, 6), (6, 6), (6, 6), (6, 6), (6, 6), (6, 6), (6, 6), (6, 6), (6, 6), (6, 6), (6, 6), (6, 6), (6, 6), (6, 6), (6, 6), (6, 6), (6, 6), (6, 6), (6, 6), (6, 6), (6, 6), (6, 6), (6, 6), (6, 6), (6, 6), (6, 6), (6, 6), (6, 6), (6, 6), (6, 6), (6, 6), (6, 6), (6, 6), (6, 6), (6, 6), (6, 6), (6, 6), (6, 6), (6, 6), (6, 6), (6, 6), (6, 6), (6, 6), (6, 6), (6, 6), (6, 6), (6, 6), (6, 6), (6, 6), (6, 6), (6, 6), (6, 6), (6, 6), (6, 6), (6, 6), (6, 6), (6, 6), (6, 6), (6, 6), (6, 6), (6, 6), (6, 6), (6, 6), (6, 6), (6, 6), (6, 6), (6, 6), (6, 6), (6, 6), (6, 6), (6, 6), (6, 6), (6, 6), (6, 6), (6, 6), (6, 6), (6, 6), (6, 6), (6, 6), (6, 6), (6, 6), (6, 6), (6, 6), (6, 6), (6, 6), (6, 6)]
success=False

phase=test, time=morning
steps=101
trajectory=[(1, 1), (2, 1), (1, 1), (2, 1), (1, 1), (2, 1), (1, 1), (2, 1), (1, 1), (2, 1), (1, 1), (2, 1), (1, 1), (2, 1), (1, 1), (2, 1), (1, 1), (2, 1), (1, 1), (2, 1), (1, 1), (2, 1), (1, 1), (2, 1), (1, 1), (2, 1), (1, 1), (2, 1), (1, 1), (2, 1), (1, 1), (2, 1), (1, 1), (2, 1), (1, 1), (2, 1), (1, 1), (2, 1), (1, 1), (2, 1), (1, 1), (2, 1), (1, 1), (2, 1), (1, 1), (2, 1), (1, 1), (2, 1), (1, 1), (2, 1), (1, 1), (2, 1), (1, 1), (2, 1), (1, 1), (2, 1), (1, 1), (2, 1), (1, 1), (2, 1), (1, 1), (2, 1), (1, 1), (2, 1), (1, 1), (2, 1), (1, 1), (2, 1), (1, 1), (2, 1), (1, 1), (2, 1), (1, 1), (2, 1), (1, 1), (2, 1), (1, 1), (2, 1), (1, 1), (2, 1), (1, 1), (2, 1), (1, 1), (2, 1), (1, 1), (2, 1), (1, 1), (2, 1), (1, 1), (2, 1), (1, 1), (2, 1), (1, 1), (2, 1), (1, 1), (2, 1), (1, 1), (2, 1), (1, 1), (2, 1), (1, 1), (2, 1)]
success=False

phase=test, time=evening
steps=101
trajectory=[(1, 1), (2, 1), (2, 2), (2, 3), (3, 3), (4, 3), (5, 3), (5, 4), (6, 4), (6, 5), (6, 6), (6, 6), (6, 6), (6, 6), (6, 6), (6, 6), (6, 6), (6, 6), (6, 6), (6, 6), (6, 6), (6, 6), (6, 6), (6, 6), (6, 6), (6, 6), (6, 6), (6, 6), (6, 6), (6, 6), (6, 6), (6, 6), (6, 6), (6, 6), (6, 6), (6, 6), (6, 6), (6, 6), (6, 6), (6, 6), (6, 6), (6, 6), (6, 6), (6, 6), (6, 6), (6, 6), (6, 6), (6, 6), (6, 6), (6, 6), (6, 6), (6, 6), (6, 6), (6, 6), (6, 6), (6, 6), (6, 6), (6, 6), (6, 6), (6, 6), (6, 6), (6, 6), (6, 6), (6, 6), (6, 6), (6, 6), (6, 6), (6, 6), (6, 6), (6, 6), (6, 6), (6, 6), (6, 6), (6, 6), (6, 6), (6, 6), (6, 6), (6, 6), (6, 6), (6, 6), (6, 6), (6, 6), (6, 6), (6, 6), (6, 6), (6, 6), (6, 6), (6, 6), (6, 6), (6, 6), (6, 6), (6, 6), (6, 6), (6, 6), (6, 6), (6, 6), (6, 6), (6, 6), (6, 6), (6, 6), (6, 6), (6, 6)]
success=False

Episode 32100 | mean return   -160.4 | success rate  44.0%
Episode 32200 | mean return     92.2 | success rate  57.0%
Episode 32300 | mean return   -263.9 | success rate  39.0%
Episode 32400 | mean return   -459.9 | success rate  31.0%
Episode 32500 | mean return   -161.7 | success rate  44.0%
Episode 32600 | mean return   -225.4 | success rate  41.0%
Episode 32700 | mean return   -246.7 | success rate  40.0%
Episode 32800 | mean return   -269.4 | success rate  39.0%
Episode 32900 | mean return     32.1 | success rate  54.0%
Episode 33000 | mean return   -186.9 | success rate  43.0%
phase=train, time=morning
steps=101
trajectory=[(1, 1), (2, 1), (2, 2), (3, 2), (4, 2), (5, 2), (5, 1), (6, 1), (6, 2), (5, 2), (5, 3), (5, 4), (6, 4), (5, 4), (6, 4), (5, 4), (6, 4), (5, 4), (6, 4), (5, 4), (6, 4), (5, 4), (6, 4), (5, 4), (6, 4), (5, 4), (6, 4), (5, 4), (6, 4), (5, 4), (6, 4), (5, 4), (6, 4), (5, 4), (6, 4), (5, 4), (6, 4), (5, 4), (6, 4), (5, 4), (6, 4), (5, 4), (6, 4), (5, 4), (6, 4), (5, 4), (6, 4), (5, 4), (6, 4), (5, 4), (6, 4), (5, 4), (6, 4), (5, 4), (6, 4), (5, 4), (6, 4), (5, 4), (6, 4), (5, 4), (6, 4), (5, 4), (6, 4), (5, 4), (6, 4), (5, 4), (6, 4), (5, 4), (6, 4), (5, 4), (6, 4), (5, 4), (6, 4), (5, 4), (6, 4), (5, 4), (6, 4), (5, 4), (6, 4), (5, 4), (6, 4), (5, 4), (6, 4), (5, 4), (6, 4), (5, 4), (6, 4), (5, 4), (6, 4), (5, 4), (6, 4), (5, 4), (6, 4), (5, 4), (6, 4), (5, 4), (6, 4), (5, 4), (6, 4), (5, 4), (6, 4), (5, 4)]
success=False

phase=train, time=evening
steps=101
trajectory=[(1, 1), (2, 1), (2, 2), (3, 2), (4, 2), (5, 2), (6, 2), (6, 3), (6, 4), (6, 5), (6, 6), (6, 6), (6, 6), (6, 6), (6, 6), (6, 6), (6, 6), (6, 6), (6, 6), (6, 6), (6, 6), (6, 6), (6, 6), (6, 6), (6, 6), (6, 6), (6, 6), (6, 6), (6, 6), (6, 6), (6, 6), (6, 6), (6, 6), (6, 6), (6, 6), (6, 6), (6, 6), (6, 6), (6, 6), (6, 6), (6, 6), (6, 6), (6, 6), (6, 6), (6, 6), (6, 6), (6, 6), (6, 6), (6, 6), (6, 6), (6, 6), (6, 6), (6, 6), (6, 6), (6, 6), (6, 6), (6, 6), (6, 6), (6, 6), (6, 6), (6, 6), (6, 6), (6, 6), (6, 6), (6, 6), (6, 6), (6, 6), (6, 6), (6, 6), (6, 6), (6, 6), (6, 6), (6, 6), (6, 6), (6, 6), (6, 6), (6, 6), (6, 6), (6, 6), (6, 6), (6, 6), (6, 6), (6, 6), (6, 6), (6, 6), (6, 6), (6, 6), (6, 6), (6, 6), (6, 6), (6, 6), (6, 6), (6, 6), (6, 6), (6, 6), (6, 6), (6, 6), (6, 6), (6, 6), (6, 6), (6, 6), (6, 6)]
success=False

phase=test, time=morning
steps=101
trajectory=[(1, 1), (2, 1), (1, 1), (2, 1), (1, 1), (2, 1), (1, 1), (2, 1), (1, 1), (2, 1), (1, 1), (2, 1), (1, 1), (2, 1), (1, 1), (2, 1), (1, 1), (2, 1), (1, 1), (2, 1), (1, 1), (2, 1), (1, 1), (2, 1), (1, 1), (2, 1), (1, 1), (2, 1), (1, 1), (2, 1), (1, 1), (2, 1), (1, 1), (2, 1), (1, 1), (2, 1), (1, 1), (2, 1), (1, 1), (2, 1), (1, 1), (2, 1), (1, 1), (2, 1), (1, 1), (2, 1), (1, 1), (2, 1), (1, 1), (2, 1), (1, 1), (2, 1), (1, 1), (2, 1), (1, 1), (2, 1), (1, 1), (2, 1), (1, 1), (2, 1), (1, 1), (2, 1), (1, 1), (2, 1), (1, 1), (2, 1), (1, 1), (2, 1), (1, 1), (2, 1), (1, 1), (2, 1), (1, 1), (2, 1), (1, 1), (2, 1), (1, 1), (2, 1), (1, 1), (2, 1), (1, 1), (2, 1), (1, 1), (2, 1), (1, 1), (2, 1), (1, 1), (2, 1), (1, 1), (2, 1), (1, 1), (2, 1), (1, 1), (2, 1), (1, 1), (2, 1), (1, 1), (2, 1), (1, 1), (2, 1), (1, 1), (2, 1)]
success=False

phase=test, time=evening
steps=101
trajectory=[(1, 1), (2, 1), (2, 2), (2, 3), (3, 3), (4, 3), (5, 3), (6, 3), (6, 4), (6, 5), (6, 6), (6, 6), (6, 6), (6, 6), (6, 6), (6, 6), (6, 6), (6, 6), (6, 6), (6, 6), (6, 6), (6, 6), (6, 6), (6, 6), (6, 6), (6, 6), (6, 6), (6, 6), (6, 6), (6, 6), (6, 6), (6, 6), (6, 6), (6, 6), (6, 6), (6, 6), (6, 6), (6, 6), (6, 6), (6, 6), (6, 6), (6, 6), (6, 6), (6, 6), (6, 6), (6, 6), (6, 6), (6, 6), (6, 6), (6, 6), (6, 6), (6, 6), (6, 6), (6, 6), (6, 6), (6, 6), (6, 6), (6, 6), (6, 6), (6, 6), (6, 6), (6, 6), (6, 6), (6, 6), (6, 6), (6, 6), (6, 6), (6, 6), (6, 6), (6, 6), (6, 6), (6, 6), (6, 6), (6, 6), (6, 6), (6, 6), (6, 6), (6, 6), (6, 6), (6, 6), (6, 6), (6, 6), (6, 6), (6, 6), (6, 6), (6, 6), (6, 6), (6, 6), (6, 6), (6, 6), (6, 6), (6, 6), (6, 6), (6, 6), (6, 6), (6, 6), (6, 6), (6, 6), (6, 6), (6, 6), (6, 6), (6, 6)]
success=False

Episode 33100 | mean return    -84.5 | success rate  48.0%
Episode 33200 | mean return    -17.4 | success rate  51.0%
Episode 33300 | mean return   -316.1 | success rate  37.0%
Episode 33400 | mean return   -126.8 | success rate  46.0%
Episode 33500 | mean return    -63.1 | success rate  50.0%
Episode 33600 | mean return   -208.9 | success rate  42.0%
Episode 33700 | mean return    -67.1 | success rate  49.0%
Episode 33800 | mean return   -231.3 | success rate  41.0%
Episode 33900 | mean return   -181.9 | success rate  43.0%
Episode 34000 | mean return     68.4 | success rate  55.0%
phase=train, time=morning
steps=101
trajectory=[(1, 1), (2, 1), (2, 2), (3, 2), (4, 2), (5, 2), (5, 1), (5, 2), (5, 1), (5, 2), (5, 1), (5, 2), (5, 1), (5, 2), (5, 1), (5, 2), (5, 1), (5, 2), (5, 1), (5, 2), (5, 1), (5, 2), (5, 1), (5, 2), (5, 1), (5, 2), (5, 1), (5, 2), (5, 1), (5, 2), (5, 1), (5, 2), (5, 1), (5, 2), (5, 1), (5, 2), (5, 1), (5, 2), (5, 1), (5, 2), (5, 1), (5, 2), (5, 1), (5, 2), (5, 1), (5, 2), (5, 1), (5, 2), (5, 1), (5, 2), (5, 1), (5, 2), (5, 1), (5, 2), (5, 1), (5, 2), (5, 1), (5, 2), (5, 1), (5, 2), (5, 1), (5, 2), (5, 1), (5, 2), (5, 1), (5, 2), (5, 1), (5, 2), (5, 1), (5, 2), (5, 1), (5, 2), (5, 1), (5, 2), (5, 1), (5, 2), (5, 1), (5, 2), (5, 1), (5, 2), (5, 1), (5, 2), (5, 1), (5, 2), (5, 1), (5, 2), (5, 1), (5, 2), (5, 1), (5, 2), (5, 1), (5, 2), (5, 1), (5, 2), (5, 1), (5, 2), (5, 1), (5, 2), (5, 1), (5, 2), (5, 1), (5, 2)]
success=False

phase=train, time=evening
steps=21
trajectory=[(1, 1), (2, 1), (2, 2), (3, 2), (4, 2), (5, 2), (5, 3), (5, 4), (6, 4), (6, 5), (6, 6), (5, 6), (5, 5), (5, 4), (5, 3), (4, 3), (3, 3), (2, 3), (1, 3), (1, 4), (1, 5), (1, 6)]
success=True

phase=test, time=morning
steps=101
trajectory=[(1, 1), (2, 1), (1, 1), (2, 1), (1, 1), (2, 1), (1, 1), (2, 1), (1, 1), (2, 1), (1, 1), (2, 1), (1, 1), (2, 1), (1, 1), (2, 1), (1, 1), (2, 1), (1, 1), (2, 1), (1, 1), (2, 1), (1, 1), (2, 1), (1, 1), (2, 1), (1, 1), (2, 1), (1, 1), (2, 1), (1, 1), (2, 1), (1, 1), (2, 1), (1, 1), (2, 1), (1, 1), (2, 1), (1, 1), (2, 1), (1, 1), (2, 1), (1, 1), (2, 1), (1, 1), (2, 1), (1, 1), (2, 1), (1, 1), (2, 1), (1, 1), (2, 1), (1, 1), (2, 1), (1, 1), (2, 1), (1, 1), (2, 1), (1, 1), (2, 1), (1, 1), (2, 1), (1, 1), (2, 1), (1, 1), (2, 1), (1, 1), (2, 1), (1, 1), (2, 1), (1, 1), (2, 1), (1, 1), (2, 1), (1, 1), (2, 1), (1, 1), (2, 1), (1, 1), (2, 1), (1, 1), (2, 1), (1, 1), (2, 1), (1, 1), (2, 1), (1, 1), (2, 1), (1, 1), (2, 1), (1, 1), (2, 1), (1, 1), (2, 1), (1, 1), (2, 1), (1, 1), (2, 1), (1, 1), (2, 1), (1, 1), (2, 1)]
success=False

phase=test, time=evening
steps=101
trajectory=[(1, 1), (2, 1), (2, 2), (2, 3), (3, 3), (4, 3), (5, 3), (5, 4), (5, 5), (5, 4), (5, 5), (5, 4), (5, 5), (5, 4), (5, 5), (5, 4), (5, 5), (5, 4), (5, 5), (5, 4), (5, 5), (5, 4), (5, 5), (5, 4), (5, 5), (5, 4), (5, 5), (5, 4), (5, 5), (5, 4), (5, 5), (5, 4), (5, 5), (5, 4), (5, 5), (5, 4), (5, 5), (5, 4), (5, 5), (5, 4), (5, 5), (5, 4), (5, 5), (5, 4), (5, 5), (5, 4), (5, 5), (5, 4), (5, 5), (5, 4), (5, 5), (5, 4), (5, 5), (5, 4), (5, 5), (5, 4), (5, 5), (5, 4), (5, 5), (5, 4), (5, 5), (5, 4), (5, 5), (5, 4), (5, 5), (5, 4), (5, 5), (5, 4), (5, 5), (5, 4), (5, 5), (5, 4), (5, 5), (5, 4), (5, 5), (5, 4), (5, 5), (5, 4), (5, 5), (5, 4), (5, 5), (5, 4), (5, 5), (5, 4), (5, 5), (5, 4), (5, 5), (5, 4), (5, 5), (5, 4), (5, 5), (5, 4), (5, 5), (5, 4), (5, 5), (5, 4), (5, 5), (5, 4), (5, 5), (5, 4), (5, 5), (5, 4)]
success=False

Episode 34100 | mean return   -245.8 | success rate  40.0%
Episode 34200 | mean return   -460.6 | success rate  30.0%
Episode 34300 | mean return   -275.5 | success rate  39.0%
Episode 34400 | mean return    -17.1 | success rate  51.0%
Episode 34500 | mean return   -138.5 | success rate  45.0%
Episode 34600 | mean return    -94.6 | success rate  47.0%
Episode 34700 | mean return     80.9 | success rate  56.0%
Episode 34800 | mean return    117.4 | success rate  58.0%
Episode 34900 | mean return     81.1 | success rate  56.0%
Episode 35000 | mean return   -147.3 | success rate  45.0%
phase=train, time=morning
steps=101
trajectory=[(1, 1), (2, 1), (2, 2), (2, 3), (2, 4), (1, 4), (1, 4), (1, 4), (1, 4), (1, 4), (1, 4), (1, 4), (1, 4), (1, 4), (1, 4), (1, 4), (1, 4), (1, 4), (1, 4), (1, 4), (1, 4), (1, 4), (1, 4), (1, 4), (1, 4), (1, 4), (1, 4), (1, 4), (1, 4), (1, 4), (1, 4), (1, 4), (1, 4), (1, 4), (1, 4), (1, 4), (1, 4), (1, 4), (1, 4), (1, 4), (1, 4), (1, 4), (1, 4), (1, 4), (1, 4), (1, 4), (1, 4), (1, 4), (1, 4), (1, 4), (1, 4), (1, 4), (1, 4), (1, 4), (1, 4), (1, 4), (1, 4), (1, 4), (1, 4), (1, 4), (1, 4), (1, 4), (1, 4), (1, 4), (1, 4), (1, 4), (1, 4), (1, 4), (1, 4), (1, 4), (1, 4), (1, 4), (1, 4), (1, 4), (1, 4), (1, 4), (1, 4), (1, 4), (1, 4), (1, 4), (1, 4), (1, 4), (1, 4), (1, 4), (1, 4), (1, 4), (1, 4), (1, 4), (1, 4), (1, 4), (1, 4), (1, 4), (1, 4), (1, 4), (1, 4), (1, 4), (1, 4), (1, 4), (1, 4), (1, 4), (1, 4), (1, 4)]
success=False

phase=train, time=evening
steps=101
trajectory=[(1, 1), (1, 1), (1, 1), (1, 1), (1, 1), (1, 1), (1, 1), (1, 1), (1, 1), (1, 1), (1, 1), (1, 1), (1, 1), (1, 1), (1, 1), (1, 1), (1, 1), (1, 1), (1, 1), (1, 1), (1, 1), (1, 1), (1, 1), (1, 1), (1, 1), (1, 1), (1, 1), (1, 1), (1, 1), (1, 1), (1, 1), (1, 1), (1, 1), (1, 1), (1, 1), (1, 1), (1, 1), (1, 1), (1, 1), (1, 1), (1, 1), (1, 1), (1, 1), (1, 1), (1, 1), (1, 1), (1, 1), (1, 1), (1, 1), (1, 1), (1, 1), (1, 1), (1, 1), (1, 1), (1, 1), (1, 1), (1, 1), (1, 1), (1, 1), (1, 1), (1, 1), (1, 1), (1, 1), (1, 1), (1, 1), (1, 1), (1, 1), (1, 1), (1, 1), (1, 1), (1, 1), (1, 1), (1, 1), (1, 1), (1, 1), (1, 1), (1, 1), (1, 1), (1, 1), (1, 1), (1, 1), (1, 1), (1, 1), (1, 1), (1, 1), (1, 1), (1, 1), (1, 1), (1, 1), (1, 1), (1, 1), (1, 1), (1, 1), (1, 1), (1, 1), (1, 1), (1, 1), (1, 1), (1, 1), (1, 1), (1, 1), (1, 1)]
success=False

phase=test, time=morning
steps=101
trajectory=[(1, 1), (2, 1), (1, 1), (2, 1), (1, 1), (2, 1), (1, 1), (2, 1), (1, 1), (2, 1), (1, 1), (2, 1), (1, 1), (2, 1), (1, 1), (2, 1), (1, 1), (2, 1), (1, 1), (2, 1), (1, 1), (2, 1), (1, 1), (2, 1), (1, 1), (2, 1), (1, 1), (2, 1), (1, 1), (2, 1), (1, 1), (2, 1), (1, 1), (2, 1), (1, 1), (2, 1), (1, 1), (2, 1), (1, 1), (2, 1), (1, 1), (2, 1), (1, 1), (2, 1), (1, 1), (2, 1), (1, 1), (2, 1), (1, 1), (2, 1), (1, 1), (2, 1), (1, 1), (2, 1), (1, 1), (2, 1), (1, 1), (2, 1), (1, 1), (2, 1), (1, 1), (2, 1), (1, 1), (2, 1), (1, 1), (2, 1), (1, 1), (2, 1), (1, 1), (2, 1), (1, 1), (2, 1), (1, 1), (2, 1), (1, 1), (2, 1), (1, 1), (2, 1), (1, 1), (2, 1), (1, 1), (2, 1), (1, 1), (2, 1), (1, 1), (2, 1), (1, 1), (2, 1), (1, 1), (2, 1), (1, 1), (2, 1), (1, 1), (2, 1), (1, 1), (2, 1), (1, 1), (2, 1), (1, 1), (2, 1), (1, 1), (2, 1)]
success=False

phase=test, time=evening
steps=101
trajectory=[(1, 1), (1, 1), (1, 1), (1, 1), (1, 1), (1, 1), (1, 1), (1, 1), (1, 1), (1, 1), (1, 1), (1, 1), (1, 1), (1, 1), (1, 1), (1, 1), (1, 1), (1, 1), (1, 1), (1, 1), (1, 1), (1, 1), (1, 1), (1, 1), (1, 1), (1, 1), (1, 1), (1, 1), (1, 1), (1, 1), (1, 1), (1, 1), (1, 1), (1, 1), (1, 1), (1, 1), (1, 1), (1, 1), (1, 1), (1, 1), (1, 1), (1, 1), (1, 1), (1, 1), (1, 1), (1, 1), (1, 1), (1, 1), (1, 1), (1, 1), (1, 1), (1, 1), (1, 1), (1, 1), (1, 1), (1, 1), (1, 1), (1, 1), (1, 1), (1, 1), (1, 1), (1, 1), (1, 1), (1, 1), (1, 1), (1, 1), (1, 1), (1, 1), (1, 1), (1, 1), (1, 1), (1, 1), (1, 1), (1, 1), (1, 1), (1, 1), (1, 1), (1, 1), (1, 1), (1, 1), (1, 1), (1, 1), (1, 1), (1, 1), (1, 1), (1, 1), (1, 1), (1, 1), (1, 1), (1, 1), (1, 1), (1, 1), (1, 1), (1, 1), (1, 1), (1, 1), (1, 1), (1, 1), (1, 1), (1, 1), (1, 1), (1, 1)]
success=False

Episode 35100 | mean return   -126.3 | success rate  46.0%
Episode 35200 | mean return    -22.7 | success rate  51.0%
Episode 35300 | mean return   -163.9 | success rate  44.0%
Episode 35400 | mean return     -6.7 | success rate  52.0%
Episode 35500 | mean return   -373.2 | success rate  35.0%
Episode 35600 | mean return    -46.9 | success rate  50.0%
Episode 35700 | mean return   -113.0 | success rate  47.0%
Episode 35800 | mean return   -253.8 | success rate  40.0%
Episode 35900 | mean return    -94.4 | success rate  48.0%
Episode 36000 | mean return    -74.5 | success rate  49.0%
phase=train, time=morning
steps=101
trajectory=[(1, 1), (2, 1), (2, 2), (3, 2), (4, 2), (5, 2), (6, 2), (6, 2), (6, 2), (6, 2), (6, 2), (6, 2), (6, 2), (6, 2), (6, 2), (6, 2), (6, 2), (6, 2), (6, 2), (6, 2), (6, 2), (6, 2), (6, 2), (6, 2), (6, 2), (6, 2), (6, 2), (6, 2), (6, 2), (6, 2), (6, 2), (6, 2), (6, 2), (6, 2), (6, 2), (6, 2), (6, 2), (6, 2), (6, 2), (6, 2), (6, 2), (6, 2), (6, 2), (6, 2), (6, 2), (6, 2), (6, 2), (6, 2), (6, 2), (6, 2), (6, 2), (6, 2), (6, 2), (6, 2), (6, 2), (6, 2), (6, 2), (6, 2), (6, 2), (6, 2), (6, 2), (6, 2), (6, 2), (6, 2), (6, 2), (6, 2), (6, 2), (6, 2), (6, 2), (6, 2), (6, 2), (6, 2), (6, 2), (6, 2), (6, 2), (6, 2), (6, 2), (6, 2), (6, 2), (6, 2), (6, 2), (6, 2), (6, 2), (6, 2), (6, 2), (6, 2), (6, 2), (6, 2), (6, 2), (6, 2), (6, 2), (6, 2), (6, 2), (6, 2), (6, 2), (6, 2), (6, 2), (6, 2), (6, 2), (6, 2), (6, 2), (6, 2)]
success=False

phase=train, time=evening
steps=101
trajectory=[(1, 1), (2, 1), (2, 2), (3, 2), (4, 2), (5, 2), (5, 3), (6, 3), (6, 4), (6, 5), (6, 6), (6, 6), (6, 6), (6, 6), (6, 6), (6, 6), (6, 6), (6, 6), (6, 6), (6, 6), (6, 6), (6, 6), (6, 6), (6, 6), (6, 6), (6, 6), (6, 6), (6, 6), (6, 6), (6, 6), (6, 6), (6, 6), (6, 6), (6, 6), (6, 6), (6, 6), (6, 6), (6, 6), (6, 6), (6, 6), (6, 6), (6, 6), (6, 6), (6, 6), (6, 6), (6, 6), (6, 6), (6, 6), (6, 6), (6, 6), (6, 6), (6, 6), (6, 6), (6, 6), (6, 6), (6, 6), (6, 6), (6, 6), (6, 6), (6, 6), (6, 6), (6, 6), (6, 6), (6, 6), (6, 6), (6, 6), (6, 6), (6, 6), (6, 6), (6, 6), (6, 6), (6, 6), (6, 6), (6, 6), (6, 6), (6, 6), (6, 6), (6, 6), (6, 6), (6, 6), (6, 6), (6, 6), (6, 6), (6, 6), (6, 6), (6, 6), (6, 6), (6, 6), (6, 6), (6, 6), (6, 6), (6, 6), (6, 6), (6, 6), (6, 6), (6, 6), (6, 6), (6, 6), (6, 6), (6, 6), (6, 6), (6, 6)]
success=False

phase=test, time=morning
steps=101
trajectory=[(1, 1), (2, 1), (1, 1), (2, 1), (1, 1), (2, 1), (1, 1), (2, 1), (1, 1), (2, 1), (1, 1), (2, 1), (1, 1), (2, 1), (1, 1), (2, 1), (1, 1), (2, 1), (1, 1), (2, 1), (1, 1), (2, 1), (1, 1), (2, 1), (1, 1), (2, 1), (1, 1), (2, 1), (1, 1), (2, 1), (1, 1), (2, 1), (1, 1), (2, 1), (1, 1), (2, 1), (1, 1), (2, 1), (1, 1), (2, 1), (1, 1), (2, 1), (1, 1), (2, 1), (1, 1), (2, 1), (1, 1), (2, 1), (1, 1), (2, 1), (1, 1), (2, 1), (1, 1), (2, 1), (1, 1), (2, 1), (1, 1), (2, 1), (1, 1), (2, 1), (1, 1), (2, 1), (1, 1), (2, 1), (1, 1), (2, 1), (1, 1), (2, 1), (1, 1), (2, 1), (1, 1), (2, 1), (1, 1), (2, 1), (1, 1), (2, 1), (1, 1), (2, 1), (1, 1), (2, 1), (1, 1), (2, 1), (1, 1), (2, 1), (1, 1), (2, 1), (1, 1), (2, 1), (1, 1), (2, 1), (1, 1), (2, 1), (1, 1), (2, 1), (1, 1), (2, 1), (1, 1), (2, 1), (1, 1), (2, 1), (1, 1), (2, 1)]
success=False

phase=test, time=evening
steps=101
trajectory=[(1, 1), (2, 1), (2, 2), (2, 3), (3, 3), (4, 3), (5, 3), (5, 4), (6, 4), (6, 5), (6, 6), (6, 6), (6, 6), (6, 6), (6, 6), (6, 6), (6, 6), (6, 6), (6, 6), (6, 6), (6, 6), (6, 6), (6, 6), (6, 6), (6, 6), (6, 6), (6, 6), (6, 6), (6, 6), (6, 6), (6, 6), (6, 6), (6, 6), (6, 6), (6, 6), (6, 6), (6, 6), (6, 6), (6, 6), (6, 6), (6, 6), (6, 6), (6, 6), (6, 6), (6, 6), (6, 6), (6, 6), (6, 6), (6, 6), (6, 6), (6, 6), (6, 6), (6, 6), (6, 6), (6, 6), (6, 6), (6, 6), (6, 6), (6, 6), (6, 6), (6, 6), (6, 6), (6, 6), (6, 6), (6, 6), (6, 6), (6, 6), (6, 6), (6, 6), (6, 6), (6, 6), (6, 6), (6, 6), (6, 6), (6, 6), (6, 6), (6, 6), (6, 6), (6, 6), (6, 6), (6, 6), (6, 6), (6, 6), (6, 6), (6, 6), (6, 6), (6, 6), (6, 6), (6, 6), (6, 6), (6, 6), (6, 6), (6, 6), (6, 6), (6, 6), (6, 6), (6, 6), (6, 6), (6, 6), (6, 6), (6, 6), (6, 6)]
success=False

Episode 36100 | mean return     -0.1 | success rate  52.0%
Episode 36200 | mean return   -124.9 | success rate  46.0%
Episode 36300 | mean return    -94.1 | success rate  48.0%
Episode 36400 | mean return   -316.2 | success rate  37.0%
Episode 36500 | mean return   -185.1 | success rate  43.0%
Episode 36600 | mean return     75.5 | success rate  56.0%
Episode 36700 | mean return   -246.8 | success rate  40.0%
Episode 36800 | mean return    -65.2 | success rate  49.0%
Episode 36900 | mean return   -211.5 | success rate  42.0%
Episode 37000 | mean return    -92.6 | success rate  48.0%
phase=train, time=morning
steps=17
trajectory=[(1, 1), (2, 1), (2, 2), (3, 2), (4, 2), (5, 2), (5, 1), (6, 1), (5, 1), (5, 2), (5, 3), (4, 3), (3, 3), (2, 3), (1, 3), (1, 4), (1, 5), (1, 6)]
success=True

phase=train, time=evening
steps=21
trajectory=[(1, 1), (2, 1), (2, 2), (3, 2), (4, 2), (5, 2), (5, 3), (6, 3), (6, 4), (6, 5), (6, 6), (6, 5), (5, 5), (5, 4), (5, 3), (4, 3), (3, 3), (2, 3), (1, 3), (1, 4), (1, 5), (1, 6)]
success=True

phase=test, time=morning
steps=101
trajectory=[(1, 1), (2, 1), (1, 1), (2, 1), (1, 1), (2, 1), (1, 1), (2, 1), (1, 1), (2, 1), (1, 1), (2, 1), (1, 1), (2, 1), (1, 1), (2, 1), (1, 1), (2, 1), (1, 1), (2, 1), (1, 1), (2, 1), (1, 1), (2, 1), (1, 1), (2, 1), (1, 1), (2, 1), (1, 1), (2, 1), (1, 1), (2, 1), (1, 1), (2, 1), (1, 1), (2, 1), (1, 1), (2, 1), (1, 1), (2, 1), (1, 1), (2, 1), (1, 1), (2, 1), (1, 1), (2, 1), (1, 1), (2, 1), (1, 1), (2, 1), (1, 1), (2, 1), (1, 1), (2, 1), (1, 1), (2, 1), (1, 1), (2, 1), (1, 1), (2, 1), (1, 1), (2, 1), (1, 1), (2, 1), (1, 1), (2, 1), (1, 1), (2, 1), (1, 1), (2, 1), (1, 1), (2, 1), (1, 1), (2, 1), (1, 1), (2, 1), (1, 1), (2, 1), (1, 1), (2, 1), (1, 1), (2, 1), (1, 1), (2, 1), (1, 1), (2, 1), (1, 1), (2, 1), (1, 1), (2, 1), (1, 1), (2, 1), (1, 1), (2, 1), (1, 1), (2, 1), (1, 1), (2, 1), (1, 1), (2, 1), (1, 1), (2, 1)]
success=False

phase=test, time=evening
steps=19
trajectory=[(1, 1), (2, 1), (2, 2), (2, 3), (3, 3), (4, 3), (5, 3), (5, 4), (6, 4), (6, 5), (6, 6), (6, 5), (5, 5), (5, 4), (4, 4), (3, 4), (2, 4), (1, 4), (1, 5), (1, 6)]
success=True

Episode 37100 | mean return     78.4 | success rate  56.0%
Episode 37200 | mean return   -170.0 | success rate  44.0%
Episode 37300 | mean return   -123.6 | success rate  46.0%
Episode 37400 | mean return   -152.0 | success rate  45.0%
Episode 37500 | mean return   -398.2 | success rate  33.0%
Episode 37600 | mean return   -249.5 | success rate  40.0%
Episode 37700 | mean return    -47.4 | success rate  50.0%
Episode 37800 | mean return   -345.1 | success rate  35.0%
Episode 37900 | mean return   -316.9 | success rate  37.0%
Episode 38000 | mean return   -284.4 | success rate  38.0%
phase=train, time=morning
steps=101
trajectory=[(1, 1), (2, 1), (2, 2), (3, 2), (4, 2), (5, 2), (5, 1), (6, 1), (6, 2), (5, 2), (5, 3), (5, 4), (5, 3), (5, 4), (5, 3), (5, 4), (5, 3), (5, 4), (5, 3), (5, 4), (5, 3), (5, 4), (5, 3), (5, 4), (5, 3), (5, 4), (5, 3), (5, 4), (5, 3), (5, 4), (5, 3), (5, 4), (5, 3), (5, 4), (5, 3), (5, 4), (5, 3), (5, 4), (5, 3), (5, 4), (5, 3), (5, 4), (5, 3), (5, 4), (5, 3), (5, 4), (5, 3), (5, 4), (5, 3), (5, 4), (5, 3), (5, 4), (5, 3), (5, 4), (5, 3), (5, 4), (5, 3), (5, 4), (5, 3), (5, 4), (5, 3), (5, 4), (5, 3), (5, 4), (5, 3), (5, 4), (5, 3), (5, 4), (5, 3), (5, 4), (5, 3), (5, 4), (5, 3), (5, 4), (5, 3), (5, 4), (5, 3), (5, 4), (5, 3), (5, 4), (5, 3), (5, 4), (5, 3), (5, 4), (5, 3), (5, 4), (5, 3), (5, 4), (5, 3), (5, 4), (5, 3), (5, 4), (5, 3), (5, 4), (5, 3), (5, 4), (5, 3), (5, 4), (5, 3), (5, 4), (5, 3), (5, 4)]
success=False

phase=train, time=evening
steps=101
trajectory=[(1, 1), (2, 1), (2, 2), (3, 2), (4, 2), (5, 2), (6, 2), (6, 3), (6, 4), (6, 5), (6, 6), (6, 6), (6, 6), (6, 6), (6, 6), (6, 6), (6, 6), (6, 6), (6, 6), (6, 6), (6, 6), (6, 6), (6, 6), (6, 6), (6, 6), (6, 6), (6, 6), (6, 6), (6, 6), (6, 6), (6, 6), (6, 6), (6, 6), (6, 6), (6, 6), (6, 6), (6, 6), (6, 6), (6, 6), (6, 6), (6, 6), (6, 6), (6, 6), (6, 6), (6, 6), (6, 6), (6, 6), (6, 6), (6, 6), (6, 6), (6, 6), (6, 6), (6, 6), (6, 6), (6, 6), (6, 6), (6, 6), (6, 6), (6, 6), (6, 6), (6, 6), (6, 6), (6, 6), (6, 6), (6, 6), (6, 6), (6, 6), (6, 6), (6, 6), (6, 6), (6, 6), (6, 6), (6, 6), (6, 6), (6, 6), (6, 6), (6, 6), (6, 6), (6, 6), (6, 6), (6, 6), (6, 6), (6, 6), (6, 6), (6, 6), (6, 6), (6, 6), (6, 6), (6, 6), (6, 6), (6, 6), (6, 6), (6, 6), (6, 6), (6, 6), (6, 6), (6, 6), (6, 6), (6, 6), (6, 6), (6, 6), (6, 6)]
success=False

phase=test, time=morning
steps=101
trajectory=[(1, 1), (2, 1), (1, 1), (2, 1), (1, 1), (2, 1), (1, 1), (2, 1), (1, 1), (2, 1), (1, 1), (2, 1), (1, 1), (2, 1), (1, 1), (2, 1), (1, 1), (2, 1), (1, 1), (2, 1), (1, 1), (2, 1), (1, 1), (2, 1), (1, 1), (2, 1), (1, 1), (2, 1), (1, 1), (2, 1), (1, 1), (2, 1), (1, 1), (2, 1), (1, 1), (2, 1), (1, 1), (2, 1), (1, 1), (2, 1), (1, 1), (2, 1), (1, 1), (2, 1), (1, 1), (2, 1), (1, 1), (2, 1), (1, 1), (2, 1), (1, 1), (2, 1), (1, 1), (2, 1), (1, 1), (2, 1), (1, 1), (2, 1), (1, 1), (2, 1), (1, 1), (2, 1), (1, 1), (2, 1), (1, 1), (2, 1), (1, 1), (2, 1), (1, 1), (2, 1), (1, 1), (2, 1), (1, 1), (2, 1), (1, 1), (2, 1), (1, 1), (2, 1), (1, 1), (2, 1), (1, 1), (2, 1), (1, 1), (2, 1), (1, 1), (2, 1), (1, 1), (2, 1), (1, 1), (2, 1), (1, 1), (2, 1), (1, 1), (2, 1), (1, 1), (2, 1), (1, 1), (2, 1), (1, 1), (2, 1), (1, 1), (2, 1)]
success=False

phase=test, time=evening
steps=101
trajectory=[(1, 1), (2, 1), (2, 2), (2, 3), (3, 3), (4, 3), (5, 3), (6, 3), (6, 4), (6, 5), (6, 6), (6, 6), (6, 6), (6, 6), (6, 6), (6, 6), (6, 6), (6, 6), (6, 6), (6, 6), (6, 6), (6, 6), (6, 6), (6, 6), (6, 6), (6, 6), (6, 6), (6, 6), (6, 6), (6, 6), (6, 6), (6, 6), (6, 6), (6, 6), (6, 6), (6, 6), (6, 6), (6, 6), (6, 6), (6, 6), (6, 6), (6, 6), (6, 6), (6, 6), (6, 6), (6, 6), (6, 6), (6, 6), (6, 6), (6, 6), (6, 6), (6, 6), (6, 6), (6, 6), (6, 6), (6, 6), (6, 6), (6, 6), (6, 6), (6, 6), (6, 6), (6, 6), (6, 6), (6, 6), (6, 6), (6, 6), (6, 6), (6, 6), (6, 6), (6, 6), (6, 6), (6, 6), (6, 6), (6, 6), (6, 6), (6, 6), (6, 6), (6, 6), (6, 6), (6, 6), (6, 6), (6, 6), (6, 6), (6, 6), (6, 6), (6, 6), (6, 6), (6, 6), (6, 6), (6, 6), (6, 6), (6, 6), (6, 6), (6, 6), (6, 6), (6, 6), (6, 6), (6, 6), (6, 6), (6, 6), (6, 6), (6, 6)]
success=False

Episode 38100 | mean return   -251.9 | success rate  40.0%
Episode 38200 | mean return   -168.8 | success rate  45.0%
Episode 38300 | mean return   -272.1 | success rate  39.0%
Episode 38400 | mean return     -9.6 | success rate  52.0%
Episode 38500 | mean return   -105.3 | success rate  47.0%
Episode 38600 | mean return    -21.7 | success rate  51.0%
Episode 38700 | mean return   -218.9 | success rate  43.0%
Episode 38800 | mean return   -214.5 | success rate  42.0%
Episode 38900 | mean return    -87.1 | success rate  48.0%
Episode 39000 | mean return   -357.4 | success rate  35.0%
phase=train, time=morning
steps=101
trajectory=[(1, 1), (2, 1), (2, 2), (3, 2), (4, 2), (5, 2), (6, 2), (6, 1), (6, 2), (5, 2), (5, 3), (5, 4), (5, 5), (6, 5), (5, 5), (6, 5), (5, 5), (6, 5), (5, 5), (6, 5), (5, 5), (6, 5), (5, 5), (6, 5), (5, 5), (6, 5), (5, 5), (6, 5), (5, 5), (6, 5), (5, 5), (6, 5), (5, 5), (6, 5), (5, 5), (6, 5), (5, 5), (6, 5), (5, 5), (6, 5), (5, 5), (6, 5), (5, 5), (6, 5), (5, 5), (6, 5), (5, 5), (6, 5), (5, 5), (6, 5), (5, 5), (6, 5), (5, 5), (6, 5), (5, 5), (6, 5), (5, 5), (6, 5), (5, 5), (6, 5), (5, 5), (6, 5), (5, 5), (6, 5), (5, 5), (6, 5), (5, 5), (6, 5), (5, 5), (6, 5), (5, 5), (6, 5), (5, 5), (6, 5), (5, 5), (6, 5), (5, 5), (6, 5), (5, 5), (6, 5), (5, 5), (6, 5), (5, 5), (6, 5), (5, 5), (6, 5), (5, 5), (6, 5), (5, 5), (6, 5), (5, 5), (6, 5), (5, 5), (6, 5), (5, 5), (6, 5), (5, 5), (6, 5), (5, 5), (6, 5), (5, 5), (6, 5)]
success=False

phase=train, time=evening
steps=101
trajectory=[(1, 1), (2, 1), (2, 2), (2, 3), (3, 3), (4, 3), (5, 3), (6, 3), (6, 4), (6, 5), (6, 6), (6, 6), (6, 6), (6, 6), (6, 6), (6, 6), (6, 6), (6, 6), (6, 6), (6, 6), (6, 6), (6, 6), (6, 6), (6, 6), (6, 6), (6, 6), (6, 6), (6, 6), (6, 6), (6, 6), (6, 6), (6, 6), (6, 6), (6, 6), (6, 6), (6, 6), (6, 6), (6, 6), (6, 6), (6, 6), (6, 6), (6, 6), (6, 6), (6, 6), (6, 6), (6, 6), (6, 6), (6, 6), (6, 6), (6, 6), (6, 6), (6, 6), (6, 6), (6, 6), (6, 6), (6, 6), (6, 6), (6, 6), (6, 6), (6, 6), (6, 6), (6, 6), (6, 6), (6, 6), (6, 6), (6, 6), (6, 6), (6, 6), (6, 6), (6, 6), (6, 6), (6, 6), (6, 6), (6, 6), (6, 6), (6, 6), (6, 6), (6, 6), (6, 6), (6, 6), (6, 6), (6, 6), (6, 6), (6, 6), (6, 6), (6, 6), (6, 6), (6, 6), (6, 6), (6, 6), (6, 6), (6, 6), (6, 6), (6, 6), (6, 6), (6, 6), (6, 6), (6, 6), (6, 6), (6, 6), (6, 6), (6, 6)]
success=False

phase=test, time=morning
steps=101
trajectory=[(1, 1), (2, 1), (1, 1), (2, 1), (1, 1), (2, 1), (1, 1), (2, 1), (1, 1), (2, 1), (1, 1), (2, 1), (1, 1), (2, 1), (1, 1), (2, 1), (1, 1), (2, 1), (1, 1), (2, 1), (1, 1), (2, 1), (1, 1), (2, 1), (1, 1), (2, 1), (1, 1), (2, 1), (1, 1), (2, 1), (1, 1), (2, 1), (1, 1), (2, 1), (1, 1), (2, 1), (1, 1), (2, 1), (1, 1), (2, 1), (1, 1), (2, 1), (1, 1), (2, 1), (1, 1), (2, 1), (1, 1), (2, 1), (1, 1), (2, 1), (1, 1), (2, 1), (1, 1), (2, 1), (1, 1), (2, 1), (1, 1), (2, 1), (1, 1), (2, 1), (1, 1), (2, 1), (1, 1), (2, 1), (1, 1), (2, 1), (1, 1), (2, 1), (1, 1), (2, 1), (1, 1), (2, 1), (1, 1), (2, 1), (1, 1), (2, 1), (1, 1), (2, 1), (1, 1), (2, 1), (1, 1), (2, 1), (1, 1), (2, 1), (1, 1), (2, 1), (1, 1), (2, 1), (1, 1), (2, 1), (1, 1), (2, 1), (1, 1), (2, 1), (1, 1), (2, 1), (1, 1), (2, 1), (1, 1), (2, 1), (1, 1), (2, 1)]
success=False

phase=test, time=evening
steps=101
trajectory=[(1, 1), (2, 1), (2, 2), (2, 3), (2, 4), (3, 4), (4, 4), (5, 4), (6, 4), (6, 5), (6, 6), (6, 6), (6, 6), (6, 6), (6, 6), (6, 6), (6, 6), (6, 6), (6, 6), (6, 6), (6, 6), (6, 6), (6, 6), (6, 6), (6, 6), (6, 6), (6, 6), (6, 6), (6, 6), (6, 6), (6, 6), (6, 6), (6, 6), (6, 6), (6, 6), (6, 6), (6, 6), (6, 6), (6, 6), (6, 6), (6, 6), (6, 6), (6, 6), (6, 6), (6, 6), (6, 6), (6, 6), (6, 6), (6, 6), (6, 6), (6, 6), (6, 6), (6, 6), (6, 6), (6, 6), (6, 6), (6, 6), (6, 6), (6, 6), (6, 6), (6, 6), (6, 6), (6, 6), (6, 6), (6, 6), (6, 6), (6, 6), (6, 6), (6, 6), (6, 6), (6, 6), (6, 6), (6, 6), (6, 6), (6, 6), (6, 6), (6, 6), (6, 6), (6, 6), (6, 6), (6, 6), (6, 6), (6, 6), (6, 6), (6, 6), (6, 6), (6, 6), (6, 6), (6, 6), (6, 6), (6, 6), (6, 6), (6, 6), (6, 6), (6, 6), (6, 6), (6, 6), (6, 6), (6, 6), (6, 6), (6, 6), (6, 6)]
success=False

Episode 39100 | mean return     10.9 | success rate  53.0%
Episode 39200 | mean return   -183.2 | success rate  43.0%
Episode 39300 | mean return     53.9 | success rate  55.0%
Episode 39400 | mean return    -14.1 | success rate  51.0%
Episode 39500 | mean return    -87.8 | success rate  48.0%
Episode 39600 | mean return    -30.5 | success rate  51.0%
Episode 39700 | mean return     93.0 | success rate  57.0%
Episode 39800 | mean return    163.7 | success rate  60.0%
Episode 39900 | mean return    -50.3 | success rate  50.0%
Episode 40000 | mean return     44.7 | success rate  55.0%
phase=train, time=morning
steps=17
trajectory=[(1, 1), (2, 1), (2, 2), (3, 2), (4, 2), (5, 2), (6, 2), (6, 1), (5, 1), (5, 2), (5, 3), (4, 3), (3, 3), (2, 3), (1, 3), (1, 4), (1, 5), (1, 6)]
success=True

phase=train, time=evening
steps=101
trajectory=[(1, 1), (2, 1), (2, 2), (3, 2), (4, 2), (5, 2), (5, 3), (6, 3), (6, 4), (6, 5), (6, 6), (6, 6), (6, 6), (6, 6), (6, 6), (6, 6), (6, 6), (6, 6), (6, 6), (6, 6), (6, 6), (6, 6), (6, 6), (6, 6), (6, 6), (6, 6), (6, 6), (6, 6), (6, 6), (6, 6), (6, 6), (6, 6), (6, 6), (6, 6), (6, 6), (6, 6), (6, 6), (6, 6), (6, 6), (6, 6), (6, 6), (6, 6), (6, 6), (6, 6), (6, 6), (6, 6), (6, 6), (6, 6), (6, 6), (6, 6), (6, 6), (6, 6), (6, 6), (6, 6), (6, 6), (6, 6), (6, 6), (6, 6), (6, 6), (6, 6), (6, 6), (6, 6), (6, 6), (6, 6), (6, 6), (6, 6), (6, 6), (6, 6), (6, 6), (6, 6), (6, 6), (6, 6), (6, 6), (6, 6), (6, 6), (6, 6), (6, 6), (6, 6), (6, 6), (6, 6), (6, 6), (6, 6), (6, 6), (6, 6), (6, 6), (6, 6), (6, 6), (6, 6), (6, 6), (6, 6), (6, 6), (6, 6), (6, 6), (6, 6), (6, 6), (6, 6), (6, 6), (6, 6), (6, 6), (6, 6), (6, 6), (6, 6)]
success=False

phase=test, time=morning
steps=101
trajectory=[(1, 1), (2, 1), (1, 1), (2, 1), (1, 1), (2, 1), (1, 1), (2, 1), (1, 1), (2, 1), (1, 1), (2, 1), (1, 1), (2, 1), (1, 1), (2, 1), (1, 1), (2, 1), (1, 1), (2, 1), (1, 1), (2, 1), (1, 1), (2, 1), (1, 1), (2, 1), (1, 1), (2, 1), (1, 1), (2, 1), (1, 1), (2, 1), (1, 1), (2, 1), (1, 1), (2, 1), (1, 1), (2, 1), (1, 1), (2, 1), (1, 1), (2, 1), (1, 1), (2, 1), (1, 1), (2, 1), (1, 1), (2, 1), (1, 1), (2, 1), (1, 1), (2, 1), (1, 1), (2, 1), (1, 1), (2, 1), (1, 1), (2, 1), (1, 1), (2, 1), (1, 1), (2, 1), (1, 1), (2, 1), (1, 1), (2, 1), (1, 1), (2, 1), (1, 1), (2, 1), (1, 1), (2, 1), (1, 1), (2, 1), (1, 1), (2, 1), (1, 1), (2, 1), (1, 1), (2, 1), (1, 1), (2, 1), (1, 1), (2, 1), (1, 1), (2, 1), (1, 1), (2, 1), (1, 1), (2, 1), (1, 1), (2, 1), (1, 1), (2, 1), (1, 1), (2, 1), (1, 1), (2, 1), (1, 1), (2, 1), (1, 1), (2, 1)]
success=False

phase=test, time=evening
steps=101
trajectory=[(1, 1), (2, 1), (2, 2), (2, 3), (3, 3), (4, 3), (5, 3), (5, 4), (6, 4), (6, 5), (6, 6), (6, 6), (6, 6), (6, 6), (6, 6), (6, 6), (6, 6), (6, 6), (6, 6), (6, 6), (6, 6), (6, 6), (6, 6), (6, 6), (6, 6), (6, 6), (6, 6), (6, 6), (6, 6), (6, 6), (6, 6), (6, 6), (6, 6), (6, 6), (6, 6), (6, 6), (6, 6), (6, 6), (6, 6), (6, 6), (6, 6), (6, 6), (6, 6), (6, 6), (6, 6), (6, 6), (6, 6), (6, 6), (6, 6), (6, 6), (6, 6), (6, 6), (6, 6), (6, 6), (6, 6), (6, 6), (6, 6), (6, 6), (6, 6), (6, 6), (6, 6), (6, 6), (6, 6), (6, 6), (6, 6), (6, 6), (6, 6), (6, 6), (6, 6), (6, 6), (6, 6), (6, 6), (6, 6), (6, 6), (6, 6), (6, 6), (6, 6), (6, 6), (6, 6), (6, 6), (6, 6), (6, 6), (6, 6), (6, 6), (6, 6), (6, 6), (6, 6), (6, 6), (6, 6), (6, 6), (6, 6), (6, 6), (6, 6), (6, 6), (6, 6), (6, 6), (6, 6), (6, 6), (6, 6), (6, 6), (6, 6), (6, 6)]
success=False

Episode 40100 | mean return   -189.2 | success rate  43.0%
Episode 40200 | mean return     91.6 | success rate  58.0%
Episode 40300 | mean return   -113.9 | success rate  47.0%
Episode 40400 | mean return     -1.7 | success rate  52.0%
Episode 40500 | mean return   -130.2 | success rate  46.0%
Episode 40600 | mean return     -6.5 | success rate  52.0%
Episode 40700 | mean return   -227.6 | success rate  41.0%
Episode 40800 | mean return    -28.8 | success rate  51.0%
Episode 40900 | mean return   -106.3 | success rate  47.0%
Episode 41000 | mean return     77.3 | success rate  56.0%
phase=train, time=morning
steps=17
trajectory=[(1, 1), (2, 1), (2, 2), (3, 2), (4, 2), (5, 2), (5, 1), (6, 1), (5, 1), (5, 2), (5, 3), (4, 3), (3, 3), (2, 3), (1, 3), (1, 4), (1, 5), (1, 6)]
success=True

phase=train, time=evening
steps=21
trajectory=[(1, 1), (2, 1), (2, 2), (3, 2), (4, 2), (5, 2), (5, 3), (6, 3), (6, 4), (6, 5), (6, 6), (5, 6), (5, 5), (5, 4), (5, 3), (4, 3), (3, 3), (2, 3), (1, 3), (1, 4), (1, 5), (1, 6)]
success=True

phase=test, time=morning
steps=101
trajectory=[(1, 1), (2, 1), (1, 1), (2, 1), (1, 1), (2, 1), (1, 1), (2, 1), (1, 1), (2, 1), (1, 1), (2, 1), (1, 1), (2, 1), (1, 1), (2, 1), (1, 1), (2, 1), (1, 1), (2, 1), (1, 1), (2, 1), (1, 1), (2, 1), (1, 1), (2, 1), (1, 1), (2, 1), (1, 1), (2, 1), (1, 1), (2, 1), (1, 1), (2, 1), (1, 1), (2, 1), (1, 1), (2, 1), (1, 1), (2, 1), (1, 1), (2, 1), (1, 1), (2, 1), (1, 1), (2, 1), (1, 1), (2, 1), (1, 1), (2, 1), (1, 1), (2, 1), (1, 1), (2, 1), (1, 1), (2, 1), (1, 1), (2, 1), (1, 1), (2, 1), (1, 1), (2, 1), (1, 1), (2, 1), (1, 1), (2, 1), (1, 1), (2, 1), (1, 1), (2, 1), (1, 1), (2, 1), (1, 1), (2, 1), (1, 1), (2, 1), (1, 1), (2, 1), (1, 1), (2, 1), (1, 1), (2, 1), (1, 1), (2, 1), (1, 1), (2, 1), (1, 1), (2, 1), (1, 1), (2, 1), (1, 1), (2, 1), (1, 1), (2, 1), (1, 1), (2, 1), (1, 1), (2, 1), (1, 1), (2, 1), (1, 1), (2, 1)]
success=False

phase=test, time=evening
steps=19
trajectory=[(1, 1), (2, 1), (2, 2), (2, 3), (3, 3), (4, 3), (5, 3), (5, 4), (6, 4), (6, 5), (6, 6), (5, 6), (5, 5), (5, 4), (4, 4), (3, 4), (2, 4), (1, 4), (1, 5), (1, 6)]
success=True

Episode 41100 | mean return     72.6 | success rate  56.0%
Episode 41200 | mean return    -66.8 | success rate  49.0%
Episode 41300 | mean return     54.2 | success rate  55.0%
Episode 41400 | mean return     14.0 | success rate  53.0%
Episode 41500 | mean return    -97.7 | success rate  48.0%
Episode 41600 | mean return   -270.9 | success rate  39.0%
Episode 41700 | mean return     79.0 | success rate  57.0%
Episode 41800 | mean return   -312.9 | success rate  37.0%
Episode 41900 | mean return    122.7 | success rate  58.0%
Episode 42000 | mean return   -257.2 | success rate  40.0%
phase=train, time=morning
steps=17
trajectory=[(1, 1), (2, 1), (2, 2), (3, 2), (4, 2), (5, 2), (6, 2), (6, 1), (5, 1), (5, 2), (5, 3), (4, 3), (3, 3), (2, 3), (1, 3), (1, 4), (1, 5), (1, 6)]
success=True

phase=train, time=evening
steps=21
trajectory=[(1, 1), (2, 1), (2, 2), (3, 2), (4, 2), (5, 2), (5, 3), (6, 3), (6, 4), (6, 5), (6, 6), (5, 6), (5, 5), (5, 4), (5, 3), (4, 3), (3, 3), (2, 3), (1, 3), (1, 4), (1, 5), (1, 6)]
success=True

phase=test, time=morning
steps=101
trajectory=[(1, 1), (2, 1), (1, 1), (2, 1), (1, 1), (2, 1), (1, 1), (2, 1), (1, 1), (2, 1), (1, 1), (2, 1), (1, 1), (2, 1), (1, 1), (2, 1), (1, 1), (2, 1), (1, 1), (2, 1), (1, 1), (2, 1), (1, 1), (2, 1), (1, 1), (2, 1), (1, 1), (2, 1), (1, 1), (2, 1), (1, 1), (2, 1), (1, 1), (2, 1), (1, 1), (2, 1), (1, 1), (2, 1), (1, 1), (2, 1), (1, 1), (2, 1), (1, 1), (2, 1), (1, 1), (2, 1), (1, 1), (2, 1), (1, 1), (2, 1), (1, 1), (2, 1), (1, 1), (2, 1), (1, 1), (2, 1), (1, 1), (2, 1), (1, 1), (2, 1), (1, 1), (2, 1), (1, 1), (2, 1), (1, 1), (2, 1), (1, 1), (2, 1), (1, 1), (2, 1), (1, 1), (2, 1), (1, 1), (2, 1), (1, 1), (2, 1), (1, 1), (2, 1), (1, 1), (2, 1), (1, 1), (2, 1), (1, 1), (2, 1), (1, 1), (2, 1), (1, 1), (2, 1), (1, 1), (2, 1), (1, 1), (2, 1), (1, 1), (2, 1), (1, 1), (2, 1), (1, 1), (2, 1), (1, 1), (2, 1), (1, 1), (2, 1)]
success=False

phase=test, time=evening
steps=19
trajectory=[(1, 1), (2, 1), (2, 2), (2, 3), (3, 3), (4, 3), (5, 3), (5, 4), (6, 4), (6, 5), (6, 6), (5, 6), (5, 5), (5, 4), (4, 4), (3, 4), (2, 4), (1, 4), (1, 5), (1, 6)]
success=True

Episode 42100 | mean return     74.3 | success rate  56.0%
Episode 42200 | mean return   -259.9 | success rate  40.0%
Episode 42300 | mean return    -31.5 | success rate  51.0%
Episode 42400 | mean return    -74.0 | success rate  50.0%
Episode 42500 | mean return   -270.5 | success rate  39.0%
Episode 42600 | mean return   -127.9 | success rate  46.0%
Episode 42700 | mean return    -46.4 | success rate  50.0%
Episode 42800 | mean return   -209.9 | success rate  42.0%
Episode 42900 | mean return   -154.5 | success rate  45.0%
Episode 43000 | mean return    -28.8 | success rate  51.0%
phase=train, time=morning
steps=17
trajectory=[(1, 1), (2, 1), (2, 2), (3, 2), (4, 2), (5, 2), (5, 1), (6, 1), (5, 1), (5, 2), (5, 3), (4, 3), (3, 3), (2, 3), (1, 3), (1, 4), (1, 5), (1, 6)]
success=True

phase=train, time=evening
steps=21
trajectory=[(1, 1), (2, 1), (2, 2), (3, 2), (4, 2), (5, 2), (5, 3), (6, 3), (6, 4), (6, 5), (6, 6), (5, 6), (5, 5), (5, 4), (5, 3), (4, 3), (3, 3), (2, 3), (1, 3), (1, 4), (1, 5), (1, 6)]
success=True

phase=test, time=morning
steps=101
trajectory=[(1, 1), (2, 1), (1, 1), (2, 1), (1, 1), (2, 1), (1, 1), (2, 1), (1, 1), (2, 1), (1, 1), (2, 1), (1, 1), (2, 1), (1, 1), (2, 1), (1, 1), (2, 1), (1, 1), (2, 1), (1, 1), (2, 1), (1, 1), (2, 1), (1, 1), (2, 1), (1, 1), (2, 1), (1, 1), (2, 1), (1, 1), (2, 1), (1, 1), (2, 1), (1, 1), (2, 1), (1, 1), (2, 1), (1, 1), (2, 1), (1, 1), (2, 1), (1, 1), (2, 1), (1, 1), (2, 1), (1, 1), (2, 1), (1, 1), (2, 1), (1, 1), (2, 1), (1, 1), (2, 1), (1, 1), (2, 1), (1, 1), (2, 1), (1, 1), (2, 1), (1, 1), (2, 1), (1, 1), (2, 1), (1, 1), (2, 1), (1, 1), (2, 1), (1, 1), (2, 1), (1, 1), (2, 1), (1, 1), (2, 1), (1, 1), (2, 1), (1, 1), (2, 1), (1, 1), (2, 1), (1, 1), (2, 1), (1, 1), (2, 1), (1, 1), (2, 1), (1, 1), (2, 1), (1, 1), (2, 1), (1, 1), (2, 1), (1, 1), (2, 1), (1, 1), (2, 1), (1, 1), (2, 1), (1, 1), (2, 1), (1, 1), (2, 1)]
success=False

phase=test, time=evening
steps=19
trajectory=[(1, 1), (2, 1), (2, 2), (2, 3), (3, 3), (4, 3), (5, 3), (5, 4), (6, 4), (6, 5), (6, 6), (5, 6), (5, 5), (5, 4), (4, 4), (3, 4), (2, 4), (1, 4), (1, 5), (1, 6)]
success=True

Episode 43100 | mean return   -293.0 | success rate  38.0%
Episode 43200 | mean return   -312.4 | success rate  37.0%
Episode 43300 | mean return   -169.5 | success rate  44.0%
Episode 43400 | mean return   -142.3 | success rate  45.0%
Episode 43500 | mean return     -3.5 | success rate  52.0%
Episode 43600 | mean return      8.0 | success rate  53.0%
Episode 43700 | mean return    -46.3 | success rate  50.0%
Episode 43800 | mean return     60.4 | success rate  55.0%
Episode 43900 | mean return   -208.8 | success rate  42.0%
Episode 44000 | mean return    -45.4 | success rate  50.0%
phase=train, time=morning
steps=17
trajectory=[(1, 1), (2, 1), (2, 2), (3, 2), (4, 2), (5, 2), (5, 1), (6, 1), (5, 1), (5, 2), (5, 3), (4, 3), (3, 3), (2, 3), (1, 3), (1, 4), (1, 5), (1, 6)]
success=True

phase=train, time=evening
steps=23
trajectory=[(1, 1), (2, 1), (2, 2), (3, 2), (4, 2), (5, 2), (5, 1), (6, 1), (6, 2), (6, 3), (6, 4), (6, 5), (6, 6), (5, 6), (5, 5), (5, 4), (5, 3), (4, 3), (3, 3), (2, 3), (1, 3), (1, 4), (1, 5), (1, 6)]
success=True

phase=test, time=morning
steps=101
trajectory=[(1, 1), (2, 1), (1, 1), (2, 1), (1, 1), (2, 1), (1, 1), (2, 1), (1, 1), (2, 1), (1, 1), (2, 1), (1, 1), (2, 1), (1, 1), (2, 1), (1, 1), (2, 1), (1, 1), (2, 1), (1, 1), (2, 1), (1, 1), (2, 1), (1, 1), (2, 1), (1, 1), (2, 1), (1, 1), (2, 1), (1, 1), (2, 1), (1, 1), (2, 1), (1, 1), (2, 1), (1, 1), (2, 1), (1, 1), (2, 1), (1, 1), (2, 1), (1, 1), (2, 1), (1, 1), (2, 1), (1, 1), (2, 1), (1, 1), (2, 1), (1, 1), (2, 1), (1, 1), (2, 1), (1, 1), (2, 1), (1, 1), (2, 1), (1, 1), (2, 1), (1, 1), (2, 1), (1, 1), (2, 1), (1, 1), (2, 1), (1, 1), (2, 1), (1, 1), (2, 1), (1, 1), (2, 1), (1, 1), (2, 1), (1, 1), (2, 1), (1, 1), (2, 1), (1, 1), (2, 1), (1, 1), (2, 1), (1, 1), (2, 1), (1, 1), (2, 1), (1, 1), (2, 1), (1, 1), (2, 1), (1, 1), (2, 1), (1, 1), (2, 1), (1, 1), (2, 1), (1, 1), (2, 1), (1, 1), (2, 1), (1, 1), (2, 1)]
success=False

phase=test, time=evening
steps=21
trajectory=[(1, 1), (2, 1), (2, 2), (2, 3), (3, 3), (4, 3), (5, 3), (5, 2), (6, 2), (6, 3), (6, 4), (6, 5), (6, 6), (5, 6), (5, 5), (5, 4), (4, 4), (3, 4), (2, 4), (1, 4), (1, 5), (1, 6)]
success=True

Episode 44100 | mean return   -144.2 | success rate  45.0%
Episode 44200 | mean return    -37.2 | success rate  50.0%
Episode 44300 | mean return   -131.0 | success rate  46.0%
Episode 44400 | mean return     17.3 | success rate  53.0%
Episode 44500 | mean return    -89.2 | success rate  48.0%
Episode 44600 | mean return     58.0 | success rate  55.0%
Episode 44700 | mean return    -98.4 | success rate  48.0%
Episode 44800 | mean return     40.7 | success rate  54.0%
Episode 44900 | mean return   -107.9 | success rate  47.0%
Episode 45000 | mean return   -262.0 | success rate  40.0%
phase=train, time=morning
steps=101
trajectory=[(1, 1), (2, 1), (2, 2), (3, 2), (4, 2), (5, 2), (5, 1), (6, 1), (6, 2), (5, 2), (5, 3), (5, 4), (5, 3), (5, 4), (5, 3), (5, 4), (5, 3), (5, 4), (5, 3), (5, 4), (5, 3), (5, 4), (5, 3), (5, 4), (5, 3), (5, 4), (5, 3), (5, 4), (5, 3), (5, 4), (5, 3), (5, 4), (5, 3), (5, 4), (5, 3), (5, 4), (5, 3), (5, 4), (5, 3), (5, 4), (5, 3), (5, 4), (5, 3), (5, 4), (5, 3), (5, 4), (5, 3), (5, 4), (5, 3), (5, 4), (5, 3), (5, 4), (5, 3), (5, 4), (5, 3), (5, 4), (5, 3), (5, 4), (5, 3), (5, 4), (5, 3), (5, 4), (5, 3), (5, 4), (5, 3), (5, 4), (5, 3), (5, 4), (5, 3), (5, 4), (5, 3), (5, 4), (5, 3), (5, 4), (5, 3), (5, 4), (5, 3), (5, 4), (5, 3), (5, 4), (5, 3), (5, 4), (5, 3), (5, 4), (5, 3), (5, 4), (5, 3), (5, 4), (5, 3), (5, 4), (5, 3), (5, 4), (5, 3), (5, 4), (5, 3), (5, 4), (5, 3), (5, 4), (5, 3), (5, 4), (5, 3), (5, 4)]
success=False

phase=train, time=evening
steps=101
trajectory=[(1, 1), (2, 1), (2, 2), (2, 3), (3, 3), (4, 3), (5, 3), (6, 3), (6, 4), (6, 5), (6, 6), (6, 5), (6, 4), (6, 3), (6, 2), (6, 1), (6, 2), (6, 1), (6, 2), (6, 1), (6, 2), (6, 1), (6, 2), (6, 1), (6, 2), (6, 1), (6, 2), (6, 1), (6, 2), (6, 1), (6, 2), (6, 1), (6, 2), (6, 1), (6, 2), (6, 1), (6, 2), (6, 1), (6, 2), (6, 1), (6, 2), (6, 1), (6, 2), (6, 1), (6, 2), (6, 1), (6, 2), (6, 1), (6, 2), (6, 1), (6, 2), (6, 1), (6, 2), (6, 1), (6, 2), (6, 1), (6, 2), (6, 1), (6, 2), (6, 1), (6, 2), (6, 1), (6, 2), (6, 1), (6, 2), (6, 1), (6, 2), (6, 1), (6, 2), (6, 1), (6, 2), (6, 1), (6, 2), (6, 1), (6, 2), (6, 1), (6, 2), (6, 1), (6, 2), (6, 1), (6, 2), (6, 1), (6, 2), (6, 1), (6, 2), (6, 1), (6, 2), (6, 1), (6, 2), (6, 1), (6, 2), (6, 1), (6, 2), (6, 1), (6, 2), (6, 1), (6, 2), (6, 1), (6, 2), (6, 1), (6, 2), (6, 1)]
success=False

phase=test, time=morning
steps=101
trajectory=[(1, 1), (2, 1), (1, 1), (2, 1), (1, 1), (2, 1), (1, 1), (2, 1), (1, 1), (2, 1), (1, 1), (2, 1), (1, 1), (2, 1), (1, 1), (2, 1), (1, 1), (2, 1), (1, 1), (2, 1), (1, 1), (2, 1), (1, 1), (2, 1), (1, 1), (2, 1), (1, 1), (2, 1), (1, 1), (2, 1), (1, 1), (2, 1), (1, 1), (2, 1), (1, 1), (2, 1), (1, 1), (2, 1), (1, 1), (2, 1), (1, 1), (2, 1), (1, 1), (2, 1), (1, 1), (2, 1), (1, 1), (2, 1), (1, 1), (2, 1), (1, 1), (2, 1), (1, 1), (2, 1), (1, 1), (2, 1), (1, 1), (2, 1), (1, 1), (2, 1), (1, 1), (2, 1), (1, 1), (2, 1), (1, 1), (2, 1), (1, 1), (2, 1), (1, 1), (2, 1), (1, 1), (2, 1), (1, 1), (2, 1), (1, 1), (2, 1), (1, 1), (2, 1), (1, 1), (2, 1), (1, 1), (2, 1), (1, 1), (2, 1), (1, 1), (2, 1), (1, 1), (2, 1), (1, 1), (2, 1), (1, 1), (2, 1), (1, 1), (2, 1), (1, 1), (2, 1), (1, 1), (2, 1), (1, 1), (2, 1), (1, 1), (2, 1)]
success=False

phase=test, time=evening
steps=101
trajectory=[(1, 1), (2, 1), (2, 2), (2, 3), (2, 4), (3, 4), (4, 4), (5, 4), (6, 4), (6, 5), (6, 6), (6, 5), (6, 4), (6, 3), (6, 2), (6, 1), (6, 2), (6, 1), (6, 2), (6, 1), (6, 2), (6, 1), (6, 2), (6, 1), (6, 2), (6, 1), (6, 2), (6, 1), (6, 2), (6, 1), (6, 2), (6, 1), (6, 2), (6, 1), (6, 2), (6, 1), (6, 2), (6, 1), (6, 2), (6, 1), (6, 2), (6, 1), (6, 2), (6, 1), (6, 2), (6, 1), (6, 2), (6, 1), (6, 2), (6, 1), (6, 2), (6, 1), (6, 2), (6, 1), (6, 2), (6, 1), (6, 2), (6, 1), (6, 2), (6, 1), (6, 2), (6, 1), (6, 2), (6, 1), (6, 2), (6, 1), (6, 2), (6, 1), (6, 2), (6, 1), (6, 2), (6, 1), (6, 2), (6, 1), (6, 2), (6, 1), (6, 2), (6, 1), (6, 2), (6, 1), (6, 2), (6, 1), (6, 2), (6, 1), (6, 2), (6, 1), (6, 2), (6, 1), (6, 2), (6, 1), (6, 2), (6, 1), (6, 2), (6, 1), (6, 2), (6, 1), (6, 2), (6, 1), (6, 2), (6, 1), (6, 2), (6, 1)]
success=False

Episode 45100 | mean return   -351.1 | success rate  35.0%
Episode 45200 | mean return    124.5 | success rate  58.0%
Episode 45300 | mean return   -272.3 | success rate  39.0%
Episode 45400 | mean return    -47.4 | success rate  50.0%
Episode 45500 | mean return    -50.7 | success rate  50.0%
Episode 45600 | mean return    -49.0 | success rate  50.0%
Episode 45700 | mean return     41.5 | success rate  54.0%
Episode 45800 | mean return   -276.9 | success rate  39.0%
Episode 45900 | mean return   -472.5 | success rate  29.0%
Episode 46000 | mean return    -32.2 | success rate  50.0%
phase=train, time=morning
steps=17
trajectory=[(1, 1), (2, 1), (2, 2), (3, 2), (4, 2), (5, 2), (5, 1), (6, 1), (5, 1), (5, 2), (5, 3), (4, 3), (3, 3), (2, 3), (1, 3), (1, 4), (1, 5), (1, 6)]
success=True

phase=train, time=evening
steps=21
trajectory=[(1, 1), (2, 1), (2, 2), (3, 2), (4, 2), (5, 2), (6, 2), (6, 3), (6, 4), (6, 5), (6, 6), (5, 6), (5, 5), (5, 4), (5, 3), (4, 3), (3, 3), (2, 3), (1, 3), (1, 4), (1, 5), (1, 6)]
success=True

phase=test, time=morning
steps=101
trajectory=[(1, 1), (2, 1), (1, 1), (2, 1), (1, 1), (2, 1), (1, 1), (2, 1), (1, 1), (2, 1), (1, 1), (2, 1), (1, 1), (2, 1), (1, 1), (2, 1), (1, 1), (2, 1), (1, 1), (2, 1), (1, 1), (2, 1), (1, 1), (2, 1), (1, 1), (2, 1), (1, 1), (2, 1), (1, 1), (2, 1), (1, 1), (2, 1), (1, 1), (2, 1), (1, 1), (2, 1), (1, 1), (2, 1), (1, 1), (2, 1), (1, 1), (2, 1), (1, 1), (2, 1), (1, 1), (2, 1), (1, 1), (2, 1), (1, 1), (2, 1), (1, 1), (2, 1), (1, 1), (2, 1), (1, 1), (2, 1), (1, 1), (2, 1), (1, 1), (2, 1), (1, 1), (2, 1), (1, 1), (2, 1), (1, 1), (2, 1), (1, 1), (2, 1), (1, 1), (2, 1), (1, 1), (2, 1), (1, 1), (2, 1), (1, 1), (2, 1), (1, 1), (2, 1), (1, 1), (2, 1), (1, 1), (2, 1), (1, 1), (2, 1), (1, 1), (2, 1), (1, 1), (2, 1), (1, 1), (2, 1), (1, 1), (2, 1), (1, 1), (2, 1), (1, 1), (2, 1), (1, 1), (2, 1), (1, 1), (2, 1), (1, 1), (2, 1)]
success=False

phase=test, time=evening
steps=19
trajectory=[(1, 1), (2, 1), (2, 2), (2, 3), (3, 3), (4, 3), (5, 3), (6, 3), (6, 4), (6, 5), (6, 6), (5, 6), (5, 5), (5, 4), (4, 4), (3, 4), (2, 4), (1, 4), (1, 5), (1, 6)]
success=True

Episode 46100 | mean return    -85.0 | success rate  48.0%
Episode 46200 | mean return    -27.1 | success rate  51.0%
Episode 46300 | mean return   -113.9 | success rate  47.0%
Episode 46400 | mean return   -181.9 | success rate  43.0%
Episode 46500 | mean return   -164.7 | success rate  44.0%
Episode 46600 | mean return   -145.1 | success rate  45.0%
Episode 46700 | mean return   -144.9 | success rate  45.0%
Episode 46800 | mean return   -178.7 | success rate  45.0%
Episode 46900 | mean return   -103.8 | success rate  47.0%
Episode 47000 | mean return    -82.9 | success rate  48.0%
phase=train, time=morning
steps=101
trajectory=[(1, 1), (2, 1), (2, 2), (3, 2), (4, 2), (5, 2), (5, 1), (6, 1), (6, 1), (6, 1), (6, 1), (6, 1), (6, 1), (6, 1), (6, 1), (6, 1), (6, 1), (6, 1), (6, 1), (6, 1), (6, 1), (6, 1), (6, 1), (6, 1), (6, 1), (6, 1), (6, 1), (6, 1), (6, 1), (6, 1), (6, 1), (6, 1), (6, 1), (6, 1), (6, 1), (6, 1), (6, 1), (6, 1), (6, 1), (6, 1), (6, 1), (6, 1), (6, 1), (6, 1), (6, 1), (6, 1), (6, 1), (6, 1), (6, 1), (6, 1), (6, 1), (6, 1), (6, 1), (6, 1), (6, 1), (6, 1), (6, 1), (6, 1), (6, 1), (6, 1), (6, 1), (6, 1), (6, 1), (6, 1), (6, 1), (6, 1), (6, 1), (6, 1), (6, 1), (6, 1), (6, 1), (6, 1), (6, 1), (6, 1), (6, 1), (6, 1), (6, 1), (6, 1), (6, 1), (6, 1), (6, 1), (6, 1), (6, 1), (6, 1), (6, 1), (6, 1), (6, 1), (6, 1), (6, 1), (6, 1), (6, 1), (6, 1), (6, 1), (6, 1), (6, 1), (6, 1), (6, 1), (6, 1), (6, 1), (6, 1), (6, 1), (6, 1)]
success=False

phase=train, time=evening
steps=27
trajectory=[(1, 1), (2, 1), (2, 2), (3, 2), (4, 2), (5, 2), (5, 1), (6, 1), (6, 2), (6, 3), (6, 4), (6, 5), (6, 6), (6, 5), (6, 4), (6, 3), (6, 2), (6, 1), (5, 1), (5, 2), (5, 3), (4, 3), (3, 3), (2, 3), (1, 3), (1, 4), (1, 5), (1, 6)]
success=True

phase=test, time=morning
steps=101
trajectory=[(1, 1), (2, 1), (1, 1), (2, 1), (1, 1), (2, 1), (1, 1), (2, 1), (1, 1), (2, 1), (1, 1), (2, 1), (1, 1), (2, 1), (1, 1), (2, 1), (1, 1), (2, 1), (1, 1), (2, 1), (1, 1), (2, 1), (1, 1), (2, 1), (1, 1), (2, 1), (1, 1), (2, 1), (1, 1), (2, 1), (1, 1), (2, 1), (1, 1), (2, 1), (1, 1), (2, 1), (1, 1), (2, 1), (1, 1), (2, 1), (1, 1), (2, 1), (1, 1), (2, 1), (1, 1), (2, 1), (1, 1), (2, 1), (1, 1), (2, 1), (1, 1), (2, 1), (1, 1), (2, 1), (1, 1), (2, 1), (1, 1), (2, 1), (1, 1), (2, 1), (1, 1), (2, 1), (1, 1), (2, 1), (1, 1), (2, 1), (1, 1), (2, 1), (1, 1), (2, 1), (1, 1), (2, 1), (1, 1), (2, 1), (1, 1), (2, 1), (1, 1), (2, 1), (1, 1), (2, 1), (1, 1), (2, 1), (1, 1), (2, 1), (1, 1), (2, 1), (1, 1), (2, 1), (1, 1), (2, 1), (1, 1), (2, 1), (1, 1), (2, 1), (1, 1), (2, 1), (1, 1), (2, 1), (1, 1), (2, 1), (1, 1), (2, 1)]
success=False

phase=test, time=evening
steps=101
trajectory=[(1, 1), (2, 1), (2, 2), (2, 3), (3, 3), (4, 3), (5, 3), (5, 2), (5, 1), (6, 1), (6, 2), (6, 3), (6, 4), (6, 5), (6, 6), (6, 5), (6, 4), (6, 3), (6, 2), (6, 1), (5, 1), (5, 2), (5, 1), (5, 2), (5, 1), (5, 2), (5, 1), (5, 2), (5, 1), (5, 2), (5, 1), (5, 2), (5, 1), (5, 2), (5, 1), (5, 2), (5, 1), (5, 2), (5, 1), (5, 2), (5, 1), (5, 2), (5, 1), (5, 2), (5, 1), (5, 2), (5, 1), (5, 2), (5, 1), (5, 2), (5, 1), (5, 2), (5, 1), (5, 2), (5, 1), (5, 2), (5, 1), (5, 2), (5, 1), (5, 2), (5, 1), (5, 2), (5, 1), (5, 2), (5, 1), (5, 2), (5, 1), (5, 2), (5, 1), (5, 2), (5, 1), (5, 2), (5, 1), (5, 2), (5, 1), (5, 2), (5, 1), (5, 2), (5, 1), (5, 2), (5, 1), (5, 2), (5, 1), (5, 2), (5, 1), (5, 2), (5, 1), (5, 2), (5, 1), (5, 2), (5, 1), (5, 2), (5, 1), (5, 2), (5, 1), (5, 2), (5, 1), (5, 2), (5, 1), (5, 2), (5, 1), (5, 2)]
success=False

Episode 47100 | mean return   -178.5 | success rate  43.0%
Episode 47200 | mean return   -411.0 | success rate  33.0%
Episode 47300 | mean return   -434.8 | success rate  31.0%
Episode 47400 | mean return     39.3 | success rate  54.0%
Episode 47500 | mean return   -205.8 | success rate  42.0%
Episode 47600 | mean return     82.4 | success rate  56.0%
Episode 47700 | mean return    -44.7 | success rate  50.0%
Episode 47800 | mean return     -0.3 | success rate  52.0%
Episode 47900 | mean return   -233.0 | success rate  41.0%
Episode 48000 | mean return   -126.6 | success rate  46.0%
phase=train, time=morning
steps=101
trajectory=[(1, 1), (2, 1), (2, 2), (3, 2), (4, 2), (5, 2), (6, 2), (6, 1), (5, 1), (5, 2), (5, 3), (5, 4), (5, 5), (5, 6), (5, 6), (5, 6), (5, 6), (5, 6), (5, 6), (5, 6), (5, 6), (5, 6), (5, 6), (5, 6), (5, 6), (5, 6), (5, 6), (5, 6), (5, 6), (5, 6), (5, 6), (5, 6), (5, 6), (5, 6), (5, 6), (5, 6), (5, 6), (5, 6), (5, 6), (5, 6), (5, 6), (5, 6), (5, 6), (5, 6), (5, 6), (5, 6), (5, 6), (5, 6), (5, 6), (5, 6), (5, 6), (5, 6), (5, 6), (5, 6), (5, 6), (5, 6), (5, 6), (5, 6), (5, 6), (5, 6), (5, 6), (5, 6), (5, 6), (5, 6), (5, 6), (5, 6), (5, 6), (5, 6), (5, 6), (5, 6), (5, 6), (5, 6), (5, 6), (5, 6), (5, 6), (5, 6), (5, 6), (5, 6), (5, 6), (5, 6), (5, 6), (5, 6), (5, 6), (5, 6), (5, 6), (5, 6), (5, 6), (5, 6), (5, 6), (5, 6), (5, 6), (5, 6), (5, 6), (5, 6), (5, 6), (5, 6), (5, 6), (5, 6), (5, 6), (5, 6), (5, 6), (5, 6)]
success=False

phase=train, time=evening
steps=101
trajectory=[(1, 1), (2, 1), (2, 2), (2, 3), (3, 3), (4, 3), (5, 3), (6, 3), (6, 4), (6, 5), (6, 6), (6, 5), (5, 5), (5, 4), (5, 3), (5, 2), (4, 2), (3, 2), (2, 2), (2, 3), (2, 4), (2, 5), (2, 4), (2, 5), (2, 4), (2, 5), (2, 4), (2, 5), (2, 4), (2, 5), (2, 4), (2, 5), (2, 4), (2, 5), (2, 4), (2, 5), (2, 4), (2, 5), (2, 4), (2, 5), (2, 4), (2, 5), (2, 4), (2, 5), (2, 4), (2, 5), (2, 4), (2, 5), (2, 4), (2, 5), (2, 4), (2, 5), (2, 4), (2, 5), (2, 4), (2, 5), (2, 4), (2, 5), (2, 4), (2, 5), (2, 4), (2, 5), (2, 4), (2, 5), (2, 4), (2, 5), (2, 4), (2, 5), (2, 4), (2, 5), (2, 4), (2, 5), (2, 4), (2, 5), (2, 4), (2, 5), (2, 4), (2, 5), (2, 4), (2, 5), (2, 4), (2, 5), (2, 4), (2, 5), (2, 4), (2, 5), (2, 4), (2, 5), (2, 4), (2, 5), (2, 4), (2, 5), (2, 4), (2, 5), (2, 4), (2, 5), (2, 4), (2, 5), (2, 4), (2, 5), (2, 4), (2, 5)]
success=False

phase=test, time=morning
steps=101
trajectory=[(1, 1), (2, 1), (1, 1), (2, 1), (1, 1), (2, 1), (1, 1), (2, 1), (1, 1), (2, 1), (1, 1), (2, 1), (1, 1), (2, 1), (1, 1), (2, 1), (1, 1), (2, 1), (1, 1), (2, 1), (1, 1), (2, 1), (1, 1), (2, 1), (1, 1), (2, 1), (1, 1), (2, 1), (1, 1), (2, 1), (1, 1), (2, 1), (1, 1), (2, 1), (1, 1), (2, 1), (1, 1), (2, 1), (1, 1), (2, 1), (1, 1), (2, 1), (1, 1), (2, 1), (1, 1), (2, 1), (1, 1), (2, 1), (1, 1), (2, 1), (1, 1), (2, 1), (1, 1), (2, 1), (1, 1), (2, 1), (1, 1), (2, 1), (1, 1), (2, 1), (1, 1), (2, 1), (1, 1), (2, 1), (1, 1), (2, 1), (1, 1), (2, 1), (1, 1), (2, 1), (1, 1), (2, 1), (1, 1), (2, 1), (1, 1), (2, 1), (1, 1), (2, 1), (1, 1), (2, 1), (1, 1), (2, 1), (1, 1), (2, 1), (1, 1), (2, 1), (1, 1), (2, 1), (1, 1), (2, 1), (1, 1), (2, 1), (1, 1), (2, 1), (1, 1), (2, 1), (1, 1), (2, 1), (1, 1), (2, 1), (1, 1), (2, 1)]
success=False

phase=test, time=evening
steps=101
trajectory=[(1, 1), (2, 1), (2, 2), (2, 3), (2, 4), (3, 4), (4, 4), (5, 4), (6, 4), (6, 5), (6, 6), (6, 5), (5, 5), (5, 4), (5, 3), (4, 3), (3, 3), (2, 3), (2, 4), (2, 5), (2, 4), (2, 5), (2, 4), (2, 5), (2, 4), (2, 5), (2, 4), (2, 5), (2, 4), (2, 5), (2, 4), (2, 5), (2, 4), (2, 5), (2, 4), (2, 5), (2, 4), (2, 5), (2, 4), (2, 5), (2, 4), (2, 5), (2, 4), (2, 5), (2, 4), (2, 5), (2, 4), (2, 5), (2, 4), (2, 5), (2, 4), (2, 5), (2, 4), (2, 5), (2, 4), (2, 5), (2, 4), (2, 5), (2, 4), (2, 5), (2, 4), (2, 5), (2, 4), (2, 5), (2, 4), (2, 5), (2, 4), (2, 5), (2, 4), (2, 5), (2, 4), (2, 5), (2, 4), (2, 5), (2, 4), (2, 5), (2, 4), (2, 5), (2, 4), (2, 5), (2, 4), (2, 5), (2, 4), (2, 5), (2, 4), (2, 5), (2, 4), (2, 5), (2, 4), (2, 5), (2, 4), (2, 5), (2, 4), (2, 5), (2, 4), (2, 5), (2, 4), (2, 5), (2, 4), (2, 5), (2, 4), (2, 5)]
success=False

Episode 48100 | mean return    -59.9 | success rate  49.0%
Episode 48200 | mean return   -478.3 | success rate  29.0%
Episode 48300 | mean return     21.4 | success rate  53.0%
Episode 48400 | mean return    -82.9 | success rate  48.0%
Episode 48500 | mean return    -79.0 | success rate  48.0%
Episode 48600 | mean return    -82.7 | success rate  48.0%
Episode 48700 | mean return    -61.1 | success rate  49.0%
Episode 48800 | mean return    -65.3 | success rate  49.0%
Episode 48900 | mean return   -210.1 | success rate  42.0%
Episode 49000 | mean return   -374.2 | success rate  34.0%
phase=train, time=morning
steps=101
trajectory=[(1, 1), (2, 1), (2, 2), (3, 2), (4, 2), (5, 2), (6, 2), (5, 2), (6, 2), (5, 2), (6, 2), (5, 2), (6, 2), (5, 2), (6, 2), (5, 2), (6, 2), (5, 2), (6, 2), (5, 2), (6, 2), (5, 2), (6, 2), (5, 2), (6, 2), (5, 2), (6, 2), (5, 2), (6, 2), (5, 2), (6, 2), (5, 2), (6, 2), (5, 2), (6, 2), (5, 2), (6, 2), (5, 2), (6, 2), (5, 2), (6, 2), (5, 2), (6, 2), (5, 2), (6, 2), (5, 2), (6, 2), (5, 2), (6, 2), (5, 2), (6, 2), (5, 2), (6, 2), (5, 2), (6, 2), (5, 2), (6, 2), (5, 2), (6, 2), (5, 2), (6, 2), (5, 2), (6, 2), (5, 2), (6, 2), (5, 2), (6, 2), (5, 2), (6, 2), (5, 2), (6, 2), (5, 2), (6, 2), (5, 2), (6, 2), (5, 2), (6, 2), (5, 2), (6, 2), (5, 2), (6, 2), (5, 2), (6, 2), (5, 2), (6, 2), (5, 2), (6, 2), (5, 2), (6, 2), (5, 2), (6, 2), (5, 2), (6, 2), (5, 2), (6, 2), (5, 2), (6, 2), (5, 2), (6, 2), (5, 2), (6, 2), (5, 2)]
success=False

phase=train, time=evening
steps=21
trajectory=[(1, 1), (2, 1), (2, 2), (3, 2), (4, 2), (5, 2), (6, 2), (6, 3), (6, 4), (6, 5), (6, 6), (5, 6), (5, 5), (5, 4), (5, 3), (4, 3), (3, 3), (2, 3), (1, 3), (1, 4), (1, 5), (1, 6)]
success=True

phase=test, time=morning
steps=101
trajectory=[(1, 1), (2, 1), (1, 1), (2, 1), (1, 1), (2, 1), (1, 1), (2, 1), (1, 1), (2, 1), (1, 1), (2, 1), (1, 1), (2, 1), (1, 1), (2, 1), (1, 1), (2, 1), (1, 1), (2, 1), (1, 1), (2, 1), (1, 1), (2, 1), (1, 1), (2, 1), (1, 1), (2, 1), (1, 1), (2, 1), (1, 1), (2, 1), (1, 1), (2, 1), (1, 1), (2, 1), (1, 1), (2, 1), (1, 1), (2, 1), (1, 1), (2, 1), (1, 1), (2, 1), (1, 1), (2, 1), (1, 1), (2, 1), (1, 1), (2, 1), (1, 1), (2, 1), (1, 1), (2, 1), (1, 1), (2, 1), (1, 1), (2, 1), (1, 1), (2, 1), (1, 1), (2, 1), (1, 1), (2, 1), (1, 1), (2, 1), (1, 1), (2, 1), (1, 1), (2, 1), (1, 1), (2, 1), (1, 1), (2, 1), (1, 1), (2, 1), (1, 1), (2, 1), (1, 1), (2, 1), (1, 1), (2, 1), (1, 1), (2, 1), (1, 1), (2, 1), (1, 1), (2, 1), (1, 1), (2, 1), (1, 1), (2, 1), (1, 1), (2, 1), (1, 1), (2, 1), (1, 1), (2, 1), (1, 1), (2, 1), (1, 1), (2, 1)]
success=False

phase=test, time=evening
steps=19
trajectory=[(1, 1), (2, 1), (2, 2), (2, 3), (3, 3), (4, 3), (5, 3), (6, 3), (6, 4), (6, 5), (6, 6), (5, 6), (5, 5), (5, 4), (4, 4), (3, 4), (2, 4), (1, 4), (1, 5), (1, 6)]
success=True

Episode 49100 | mean return    -85.3 | success rate  48.0%
Episode 49200 | mean return    -60.2 | success rate  49.0%
Episode 49300 | mean return    -19.4 | success rate  51.0%
Episode 49400 | mean return   -102.7 | success rate  47.0%
Episode 49500 | mean return    -42.4 | success rate  50.0%
Episode 49600 | mean return     33.3 | success rate  54.0%
Episode 49700 | mean return     32.0 | success rate  54.0%
Episode 49800 | mean return   -370.9 | success rate  34.0%
Episode 49900 | mean return   -102.7 | success rate  47.0%
Episode 50000 | mean return     39.2 | success rate  54.0%
phase=train, time=morning
steps=17
trajectory=[(1, 1), (2, 1), (2, 2), (3, 2), (4, 2), (5, 2), (5, 1), (6, 1), (6, 2), (5, 2), (5, 3), (4, 3), (3, 3), (2, 3), (1, 3), (1, 4), (1, 5), (1, 6)]
success=True

phase=train, time=evening
steps=21
trajectory=[(1, 1), (2, 1), (2, 2), (3, 2), (4, 2), (5, 2), (6, 2), (6, 3), (6, 4), (6, 5), (6, 6), (5, 6), (5, 5), (5, 4), (5, 3), (4, 3), (3, 3), (2, 3), (1, 3), (1, 4), (1, 5), (1, 6)]
success=True

phase=test, time=morning
steps=101
trajectory=[(1, 1), (2, 1), (1, 1), (2, 1), (1, 1), (2, 1), (1, 1), (2, 1), (1, 1), (2, 1), (1, 1), (2, 1), (1, 1), (2, 1), (1, 1), (2, 1), (1, 1), (2, 1), (1, 1), (2, 1), (1, 1), (2, 1), (1, 1), (2, 1), (1, 1), (2, 1), (1, 1), (2, 1), (1, 1), (2, 1), (1, 1), (2, 1), (1, 1), (2, 1), (1, 1), (2, 1), (1, 1), (2, 1), (1, 1), (2, 1), (1, 1), (2, 1), (1, 1), (2, 1), (1, 1), (2, 1), (1, 1), (2, 1), (1, 1), (2, 1), (1, 1), (2, 1), (1, 1), (2, 1), (1, 1), (2, 1), (1, 1), (2, 1), (1, 1), (2, 1), (1, 1), (2, 1), (1, 1), (2, 1), (1, 1), (2, 1), (1, 1), (2, 1), (1, 1), (2, 1), (1, 1), (2, 1), (1, 1), (2, 1), (1, 1), (2, 1), (1, 1), (2, 1), (1, 1), (2, 1), (1, 1), (2, 1), (1, 1), (2, 1), (1, 1), (2, 1), (1, 1), (2, 1), (1, 1), (2, 1), (1, 1), (2, 1), (1, 1), (2, 1), (1, 1), (2, 1), (1, 1), (2, 1), (1, 1), (2, 1), (1, 1), (2, 1)]
success=False

phase=test, time=evening
steps=101
trajectory=[(1, 1), (2, 1), (2, 2), (2, 1), (2, 2), (2, 1), (2, 2), (2, 1), (2, 2), (2, 1), (2, 2), (2, 1), (2, 2), (2, 1), (2, 2), (2, 1), (2, 2), (2, 1), (2, 2), (2, 1), (2, 2), (2, 1), (2, 2), (2, 1), (2, 2), (2, 1), (2, 2), (2, 1), (2, 2), (2, 1), (2, 2), (2, 1), (2, 2), (2, 1), (2, 2), (2, 1), (2, 2), (2, 1), (2, 2), (2, 1), (2, 2), (2, 1), (2, 2), (2, 1), (2, 2), (2, 1), (2, 2), (2, 1), (2, 2), (2, 1), (2, 2), (2, 1), (2, 2), (2, 1), (2, 2), (2, 1), (2, 2), (2, 1), (2, 2), (2, 1), (2, 2), (2, 1), (2, 2), (2, 1), (2, 2), (2, 1), (2, 2), (2, 1), (2, 2), (2, 1), (2, 2), (2, 1), (2, 2), (2, 1), (2, 2), (2, 1), (2, 2), (2, 1), (2, 2), (2, 1), (2, 2), (2, 1), (2, 2), (2, 1), (2, 2), (2, 1), (2, 2), (2, 1), (2, 2), (2, 1), (2, 2), (2, 1), (2, 2), (2, 1), (2, 2), (2, 1), (2, 2), (2, 1), (2, 2), (2, 1), (2, 2), (2, 1)]
success=False

Episode 50100 | mean return    348.7 | success rate  69.0%
Episode 50200 | mean return   -337.4 | success rate  36.0%
Episode 50300 | mean return   -183.7 | success rate  43.0%
Episode 50400 | mean return     25.9 | success rate  53.0%
Episode 50500 | mean return   -262.8 | success rate  39.0%
Episode 50600 | mean return    152.6 | success rate  59.0%
Episode 50700 | mean return     46.5 | success rate  54.0%
Episode 50800 | mean return    -15.4 | success rate  51.0%
Episode 50900 | mean return     66.3 | success rate  55.0%
Episode 51000 | mean return   -344.7 | success rate  36.0%
phase=train, time=morning
steps=101
trajectory=[(1, 1), (2, 1), (2, 2), (3, 2), (4, 2), (5, 2), (5, 1), (6, 1), (6, 2), (5, 2), (5, 3), (5, 4), (5, 5), (6, 5), (5, 5), (6, 5), (5, 5), (6, 5), (5, 5), (6, 5), (5, 5), (6, 5), (5, 5), (6, 5), (5, 5), (6, 5), (5, 5), (6, 5), (5, 5), (6, 5), (5, 5), (6, 5), (5, 5), (6, 5), (5, 5), (6, 5), (5, 5), (6, 5), (5, 5), (6, 5), (5, 5), (6, 5), (5, 5), (6, 5), (5, 5), (6, 5), (5, 5), (6, 5), (5, 5), (6, 5), (5, 5), (6, 5), (5, 5), (6, 5), (5, 5), (6, 5), (5, 5), (6, 5), (5, 5), (6, 5), (5, 5), (6, 5), (5, 5), (6, 5), (5, 5), (6, 5), (5, 5), (6, 5), (5, 5), (6, 5), (5, 5), (6, 5), (5, 5), (6, 5), (5, 5), (6, 5), (5, 5), (6, 5), (5, 5), (6, 5), (5, 5), (6, 5), (5, 5), (6, 5), (5, 5), (6, 5), (5, 5), (6, 5), (5, 5), (6, 5), (5, 5), (6, 5), (5, 5), (6, 5), (5, 5), (6, 5), (5, 5), (6, 5), (5, 5), (6, 5), (5, 5), (6, 5)]
success=False

phase=train, time=evening
steps=101
trajectory=[(1, 1), (2, 1), (2, 2), (3, 2), (4, 2), (5, 2), (5, 3), (5, 4), (6, 4), (6, 5), (6, 6), (6, 6), (6, 6), (6, 6), (6, 6), (6, 6), (6, 6), (6, 6), (6, 6), (6, 6), (6, 6), (6, 6), (6, 6), (6, 6), (6, 6), (6, 6), (6, 6), (6, 6), (6, 6), (6, 6), (6, 6), (6, 6), (6, 6), (6, 6), (6, 6), (6, 6), (6, 6), (6, 6), (6, 6), (6, 6), (6, 6), (6, 6), (6, 6), (6, 6), (6, 6), (6, 6), (6, 6), (6, 6), (6, 6), (6, 6), (6, 6), (6, 6), (6, 6), (6, 6), (6, 6), (6, 6), (6, 6), (6, 6), (6, 6), (6, 6), (6, 6), (6, 6), (6, 6), (6, 6), (6, 6), (6, 6), (6, 6), (6, 6), (6, 6), (6, 6), (6, 6), (6, 6), (6, 6), (6, 6), (6, 6), (6, 6), (6, 6), (6, 6), (6, 6), (6, 6), (6, 6), (6, 6), (6, 6), (6, 6), (6, 6), (6, 6), (6, 6), (6, 6), (6, 6), (6, 6), (6, 6), (6, 6), (6, 6), (6, 6), (6, 6), (6, 6), (6, 6), (6, 6), (6, 6), (6, 6), (6, 6), (6, 6)]
success=False

phase=test, time=morning
steps=101
trajectory=[(1, 1), (2, 1), (1, 1), (2, 1), (1, 1), (2, 1), (1, 1), (2, 1), (1, 1), (2, 1), (1, 1), (2, 1), (1, 1), (2, 1), (1, 1), (2, 1), (1, 1), (2, 1), (1, 1), (2, 1), (1, 1), (2, 1), (1, 1), (2, 1), (1, 1), (2, 1), (1, 1), (2, 1), (1, 1), (2, 1), (1, 1), (2, 1), (1, 1), (2, 1), (1, 1), (2, 1), (1, 1), (2, 1), (1, 1), (2, 1), (1, 1), (2, 1), (1, 1), (2, 1), (1, 1), (2, 1), (1, 1), (2, 1), (1, 1), (2, 1), (1, 1), (2, 1), (1, 1), (2, 1), (1, 1), (2, 1), (1, 1), (2, 1), (1, 1), (2, 1), (1, 1), (2, 1), (1, 1), (2, 1), (1, 1), (2, 1), (1, 1), (2, 1), (1, 1), (2, 1), (1, 1), (2, 1), (1, 1), (2, 1), (1, 1), (2, 1), (1, 1), (2, 1), (1, 1), (2, 1), (1, 1), (2, 1), (1, 1), (2, 1), (1, 1), (2, 1), (1, 1), (2, 1), (1, 1), (2, 1), (1, 1), (2, 1), (1, 1), (2, 1), (1, 1), (2, 1), (1, 1), (2, 1), (1, 1), (2, 1), (1, 1), (2, 1)]
success=False

phase=test, time=evening
steps=101
trajectory=[(1, 1), (2, 1), (2, 2), (2, 3), (3, 3), (4, 3), (5, 3), (5, 4), (5, 5), (5, 4), (5, 5), (5, 4), (5, 5), (5, 4), (5, 5), (5, 4), (5, 5), (5, 4), (5, 5), (5, 4), (5, 5), (5, 4), (5, 5), (5, 4), (5, 5), (5, 4), (5, 5), (5, 4), (5, 5), (5, 4), (5, 5), (5, 4), (5, 5), (5, 4), (5, 5), (5, 4), (5, 5), (5, 4), (5, 5), (5, 4), (5, 5), (5, 4), (5, 5), (5, 4), (5, 5), (5, 4), (5, 5), (5, 4), (5, 5), (5, 4), (5, 5), (5, 4), (5, 5), (5, 4), (5, 5), (5, 4), (5, 5), (5, 4), (5, 5), (5, 4), (5, 5), (5, 4), (5, 5), (5, 4), (5, 5), (5, 4), (5, 5), (5, 4), (5, 5), (5, 4), (5, 5), (5, 4), (5, 5), (5, 4), (5, 5), (5, 4), (5, 5), (5, 4), (5, 5), (5, 4), (5, 5), (5, 4), (5, 5), (5, 4), (5, 5), (5, 4), (5, 5), (5, 4), (5, 5), (5, 4), (5, 5), (5, 4), (5, 5), (5, 4), (5, 5), (5, 4), (5, 5), (5, 4), (5, 5), (5, 4), (5, 5), (5, 4)]
success=False

Episode 51100 | mean return    108.3 | success rate  57.0%
Episode 51200 | mean return   -246.4 | success rate  40.0%
Episode 51300 | mean return   -145.4 | success rate  45.0%
Episode 51400 | mean return   -313.5 | success rate  37.0%
Episode 51500 | mean return   -131.3 | success rate  46.0%
Episode 51600 | mean return    166.4 | success rate  60.0%
Episode 51700 | mean return   -247.7 | success rate  40.0%
Episode 51800 | mean return   -266.0 | success rate  39.0%
Episode 51900 | mean return   -123.3 | success rate  46.0%
Episode 52000 | mean return   -159.5 | success rate  44.0%
phase=train, time=morning
steps=17
trajectory=[(1, 1), (2, 1), (2, 2), (3, 2), (4, 2), (5, 2), (5, 1), (6, 1), (5, 1), (5, 2), (5, 3), (4, 3), (3, 3), (2, 3), (1, 3), (1, 4), (1, 5), (1, 6)]
success=True

phase=train, time=evening
steps=23
trajectory=[(1, 1), (2, 1), (2, 2), (3, 2), (4, 2), (5, 2), (5, 1), (6, 1), (6, 2), (6, 3), (6, 4), (6, 5), (6, 6), (5, 6), (5, 5), (5, 4), (5, 3), (4, 3), (3, 3), (2, 3), (1, 3), (1, 4), (1, 5), (1, 6)]
success=True

phase=test, time=morning
steps=101
trajectory=[(1, 1), (2, 1), (1, 1), (2, 1), (1, 1), (2, 1), (1, 1), (2, 1), (1, 1), (2, 1), (1, 1), (2, 1), (1, 1), (2, 1), (1, 1), (2, 1), (1, 1), (2, 1), (1, 1), (2, 1), (1, 1), (2, 1), (1, 1), (2, 1), (1, 1), (2, 1), (1, 1), (2, 1), (1, 1), (2, 1), (1, 1), (2, 1), (1, 1), (2, 1), (1, 1), (2, 1), (1, 1), (2, 1), (1, 1), (2, 1), (1, 1), (2, 1), (1, 1), (2, 1), (1, 1), (2, 1), (1, 1), (2, 1), (1, 1), (2, 1), (1, 1), (2, 1), (1, 1), (2, 1), (1, 1), (2, 1), (1, 1), (2, 1), (1, 1), (2, 1), (1, 1), (2, 1), (1, 1), (2, 1), (1, 1), (2, 1), (1, 1), (2, 1), (1, 1), (2, 1), (1, 1), (2, 1), (1, 1), (2, 1), (1, 1), (2, 1), (1, 1), (2, 1), (1, 1), (2, 1), (1, 1), (2, 1), (1, 1), (2, 1), (1, 1), (2, 1), (1, 1), (2, 1), (1, 1), (2, 1), (1, 1), (2, 1), (1, 1), (2, 1), (1, 1), (2, 1), (1, 1), (2, 1), (1, 1), (2, 1), (1, 1), (2, 1)]
success=False

phase=test, time=evening
steps=101
trajectory=[(1, 1), (2, 1), (2, 2), (1, 2), (1, 3), (1, 4), (1, 5), (1, 6), (1, 6), (1, 6), (1, 6), (1, 6), (1, 6), (1, 6), (1, 6), (1, 6), (1, 6), (1, 6), (1, 6), (1, 6), (1, 6), (1, 6), (1, 6), (1, 6), (1, 6), (1, 6), (1, 6), (1, 6), (1, 6), (1, 6), (1, 6), (1, 6), (1, 6), (1, 6), (1, 6), (1, 6), (1, 6), (1, 6), (1, 6), (1, 6), (1, 6), (1, 6), (1, 6), (1, 6), (1, 6), (1, 6), (1, 6), (1, 6), (1, 6), (1, 6), (1, 6), (1, 6), (1, 6), (1, 6), (1, 6), (1, 6), (1, 6), (1, 6), (1, 6), (1, 6), (1, 6), (1, 6), (1, 6), (1, 6), (1, 6), (1, 6), (1, 6), (1, 6), (1, 6), (1, 6), (1, 6), (1, 6), (1, 6), (1, 6), (1, 6), (1, 6), (1, 6), (1, 6), (1, 6), (1, 6), (1, 6), (1, 6), (1, 6), (1, 6), (1, 6), (1, 6), (1, 6), (1, 6), (1, 6), (1, 6), (1, 6), (1, 6), (1, 6), (1, 6), (1, 6), (1, 6), (1, 6), (1, 6), (1, 6), (1, 6), (1, 6), (1, 6)]
success=False

Episode 52100 | mean return     44.3 | success rate  54.0%
Episode 52200 | mean return   -138.9 | success rate  45.0%
Episode 52300 | mean return   -230.5 | success rate  41.0%
Episode 52400 | mean return   -183.5 | success rate  43.0%
Episode 52500 | mean return   -116.8 | success rate  46.0%
Episode 52600 | mean return    -64.7 | success rate  49.0%
Episode 52700 | mean return     19.5 | success rate  53.0%
Episode 52800 | mean return   -233.6 | success rate  41.0%
Episode 52900 | mean return     65.9 | success rate  55.0%
Episode 53000 | mean return   -101.0 | success rate  47.0%
phase=train, time=morning
steps=101
trajectory=[(1, 1), (2, 1), (2, 2), (3, 2), (4, 2), (5, 2), (5, 1), (6, 1), (5, 1), (5, 2), (5, 3), (5, 4), (5, 3), (5, 4), (5, 3), (5, 4), (5, 3), (5, 4), (5, 3), (5, 4), (5, 3), (5, 4), (5, 3), (5, 4), (5, 3), (5, 4), (5, 3), (5, 4), (5, 3), (5, 4), (5, 3), (5, 4), (5, 3), (5, 4), (5, 3), (5, 4), (5, 3), (5, 4), (5, 3), (5, 4), (5, 3), (5, 4), (5, 3), (5, 4), (5, 3), (5, 4), (5, 3), (5, 4), (5, 3), (5, 4), (5, 3), (5, 4), (5, 3), (5, 4), (5, 3), (5, 4), (5, 3), (5, 4), (5, 3), (5, 4), (5, 3), (5, 4), (5, 3), (5, 4), (5, 3), (5, 4), (5, 3), (5, 4), (5, 3), (5, 4), (5, 3), (5, 4), (5, 3), (5, 4), (5, 3), (5, 4), (5, 3), (5, 4), (5, 3), (5, 4), (5, 3), (5, 4), (5, 3), (5, 4), (5, 3), (5, 4), (5, 3), (5, 4), (5, 3), (5, 4), (5, 3), (5, 4), (5, 3), (5, 4), (5, 3), (5, 4), (5, 3), (5, 4), (5, 3), (5, 4), (5, 3), (5, 4)]
success=False

phase=train, time=evening
steps=101
trajectory=[(1, 1), (2, 1), (2, 2), (2, 3), (3, 3), (4, 3), (5, 3), (5, 2), (5, 3), (5, 2), (5, 3), (5, 2), (5, 3), (5, 2), (5, 3), (5, 2), (5, 3), (5, 2), (5, 3), (5, 2), (5, 3), (5, 2), (5, 3), (5, 2), (5, 3), (5, 2), (5, 3), (5, 2), (5, 3), (5, 2), (5, 3), (5, 2), (5, 3), (5, 2), (5, 3), (5, 2), (5, 3), (5, 2), (5, 3), (5, 2), (5, 3), (5, 2), (5, 3), (5, 2), (5, 3), (5, 2), (5, 3), (5, 2), (5, 3), (5, 2), (5, 3), (5, 2), (5, 3), (5, 2), (5, 3), (5, 2), (5, 3), (5, 2), (5, 3), (5, 2), (5, 3), (5, 2), (5, 3), (5, 2), (5, 3), (5, 2), (5, 3), (5, 2), (5, 3), (5, 2), (5, 3), (5, 2), (5, 3), (5, 2), (5, 3), (5, 2), (5, 3), (5, 2), (5, 3), (5, 2), (5, 3), (5, 2), (5, 3), (5, 2), (5, 3), (5, 2), (5, 3), (5, 2), (5, 3), (5, 2), (5, 3), (5, 2), (5, 3), (5, 2), (5, 3), (5, 2), (5, 3), (5, 2), (5, 3), (5, 2), (5, 3), (5, 2)]
success=False

phase=test, time=morning
steps=101
trajectory=[(1, 1), (2, 1), (1, 1), (2, 1), (1, 1), (2, 1), (1, 1), (2, 1), (1, 1), (2, 1), (1, 1), (2, 1), (1, 1), (2, 1), (1, 1), (2, 1), (1, 1), (2, 1), (1, 1), (2, 1), (1, 1), (2, 1), (1, 1), (2, 1), (1, 1), (2, 1), (1, 1), (2, 1), (1, 1), (2, 1), (1, 1), (2, 1), (1, 1), (2, 1), (1, 1), (2, 1), (1, 1), (2, 1), (1, 1), (2, 1), (1, 1), (2, 1), (1, 1), (2, 1), (1, 1), (2, 1), (1, 1), (2, 1), (1, 1), (2, 1), (1, 1), (2, 1), (1, 1), (2, 1), (1, 1), (2, 1), (1, 1), (2, 1), (1, 1), (2, 1), (1, 1), (2, 1), (1, 1), (2, 1), (1, 1), (2, 1), (1, 1), (2, 1), (1, 1), (2, 1), (1, 1), (2, 1), (1, 1), (2, 1), (1, 1), (2, 1), (1, 1), (2, 1), (1, 1), (2, 1), (1, 1), (2, 1), (1, 1), (2, 1), (1, 1), (2, 1), (1, 1), (2, 1), (1, 1), (2, 1), (1, 1), (2, 1), (1, 1), (2, 1), (1, 1), (2, 1), (1, 1), (2, 1), (1, 1), (2, 1), (1, 1), (2, 1)]
success=False

phase=test, time=evening
steps=101
trajectory=[(1, 1), (2, 1), (2, 2), (2, 3), (2, 4), (3, 4), (4, 4), (5, 4), (5, 3), (5, 4), (5, 3), (5, 4), (5, 3), (5, 4), (5, 3), (5, 4), (5, 3), (5, 4), (5, 3), (5, 4), (5, 3), (5, 4), (5, 3), (5, 4), (5, 3), (5, 4), (5, 3), (5, 4), (5, 3), (5, 4), (5, 3), (5, 4), (5, 3), (5, 4), (5, 3), (5, 4), (5, 3), (5, 4), (5, 3), (5, 4), (5, 3), (5, 4), (5, 3), (5, 4), (5, 3), (5, 4), (5, 3), (5, 4), (5, 3), (5, 4), (5, 3), (5, 4), (5, 3), (5, 4), (5, 3), (5, 4), (5, 3), (5, 4), (5, 3), (5, 4), (5, 3), (5, 4), (5, 3), (5, 4), (5, 3), (5, 4), (5, 3), (5, 4), (5, 3), (5, 4), (5, 3), (5, 4), (5, 3), (5, 4), (5, 3), (5, 4), (5, 3), (5, 4), (5, 3), (5, 4), (5, 3), (5, 4), (5, 3), (5, 4), (5, 3), (5, 4), (5, 3), (5, 4), (5, 3), (5, 4), (5, 3), (5, 4), (5, 3), (5, 4), (5, 3), (5, 4), (5, 3), (5, 4), (5, 3), (5, 4), (5, 3), (5, 4)]
success=False

Episode 53100 | mean return   -165.6 | success rate  44.0%
Episode 53200 | mean return   -101.8 | success rate  47.0%
Episode 53300 | mean return   -117.1 | success rate  46.0%
Episode 53400 | mean return    -57.8 | success rate  49.0%
Episode 53500 | mean return   -225.1 | success rate  42.0%
Episode 53600 | mean return     42.1 | success rate  54.0%
Episode 53700 | mean return   -142.6 | success rate  45.0%
Episode 53800 | mean return     47.6 | success rate  54.0%
Episode 53900 | mean return   -185.9 | success rate  43.0%
Episode 54000 | mean return   -223.0 | success rate  41.0%
phase=train, time=morning
steps=101
trajectory=[(1, 1), (2, 1), (2, 2), (3, 2), (4, 2), (5, 2), (5, 1), (6, 1), (6, 2), (6, 3), (6, 4), (6, 5), (6, 6), (6, 6), (6, 6), (6, 6), (6, 6), (6, 6), (6, 6), (6, 6), (6, 6), (6, 6), (6, 6), (6, 6), (6, 6), (6, 6), (6, 6), (6, 6), (6, 6), (6, 6), (6, 6), (6, 6), (6, 6), (6, 6), (6, 6), (6, 6), (6, 6), (6, 6), (6, 6), (6, 6), (6, 6), (6, 6), (6, 6), (6, 6), (6, 6), (6, 6), (6, 6), (6, 6), (6, 6), (6, 6), (6, 6), (6, 6), (6, 6), (6, 6), (6, 6), (6, 6), (6, 6), (6, 6), (6, 6), (6, 6), (6, 6), (6, 6), (6, 6), (6, 6), (6, 6), (6, 6), (6, 6), (6, 6), (6, 6), (6, 6), (6, 6), (6, 6), (6, 6), (6, 6), (6, 6), (6, 6), (6, 6), (6, 6), (6, 6), (6, 6), (6, 6), (6, 6), (6, 6), (6, 6), (6, 6), (6, 6), (6, 6), (6, 6), (6, 6), (6, 6), (6, 6), (6, 6), (6, 6), (6, 6), (6, 6), (6, 6), (6, 6), (6, 6), (6, 6), (6, 6), (6, 6), (6, 6)]
success=False

phase=train, time=evening
steps=101
trajectory=[(1, 1), (2, 1), (2, 2), (3, 2), (4, 2), (5, 2), (6, 2), (6, 3), (6, 4), (6, 5), (6, 6), (6, 6), (6, 6), (6, 6), (6, 6), (6, 6), (6, 6), (6, 6), (6, 6), (6, 6), (6, 6), (6, 6), (6, 6), (6, 6), (6, 6), (6, 6), (6, 6), (6, 6), (6, 6), (6, 6), (6, 6), (6, 6), (6, 6), (6, 6), (6, 6), (6, 6), (6, 6), (6, 6), (6, 6), (6, 6), (6, 6), (6, 6), (6, 6), (6, 6), (6, 6), (6, 6), (6, 6), (6, 6), (6, 6), (6, 6), (6, 6), (6, 6), (6, 6), (6, 6), (6, 6), (6, 6), (6, 6), (6, 6), (6, 6), (6, 6), (6, 6), (6, 6), (6, 6), (6, 6), (6, 6), (6, 6), (6, 6), (6, 6), (6, 6), (6, 6), (6, 6), (6, 6), (6, 6), (6, 6), (6, 6), (6, 6), (6, 6), (6, 6), (6, 6), (6, 6), (6, 6), (6, 6), (6, 6), (6, 6), (6, 6), (6, 6), (6, 6), (6, 6), (6, 6), (6, 6), (6, 6), (6, 6), (6, 6), (6, 6), (6, 6), (6, 6), (6, 6), (6, 6), (6, 6), (6, 6), (6, 6), (6, 6)]
success=False

phase=test, time=morning
steps=101
trajectory=[(1, 1), (2, 1), (1, 1), (2, 1), (1, 1), (2, 1), (1, 1), (2, 1), (1, 1), (2, 1), (1, 1), (2, 1), (1, 1), (2, 1), (1, 1), (2, 1), (1, 1), (2, 1), (1, 1), (2, 1), (1, 1), (2, 1), (1, 1), (2, 1), (1, 1), (2, 1), (1, 1), (2, 1), (1, 1), (2, 1), (1, 1), (2, 1), (1, 1), (2, 1), (1, 1), (2, 1), (1, 1), (2, 1), (1, 1), (2, 1), (1, 1), (2, 1), (1, 1), (2, 1), (1, 1), (2, 1), (1, 1), (2, 1), (1, 1), (2, 1), (1, 1), (2, 1), (1, 1), (2, 1), (1, 1), (2, 1), (1, 1), (2, 1), (1, 1), (2, 1), (1, 1), (2, 1), (1, 1), (2, 1), (1, 1), (2, 1), (1, 1), (2, 1), (1, 1), (2, 1), (1, 1), (2, 1), (1, 1), (2, 1), (1, 1), (2, 1), (1, 1), (2, 1), (1, 1), (2, 1), (1, 1), (2, 1), (1, 1), (2, 1), (1, 1), (2, 1), (1, 1), (2, 1), (1, 1), (2, 1), (1, 1), (2, 1), (1, 1), (2, 1), (1, 1), (2, 1), (1, 1), (2, 1), (1, 1), (2, 1), (1, 1), (2, 1)]
success=False

phase=test, time=evening
steps=101
trajectory=[(1, 1), (2, 1), (2, 2), (2, 3), (3, 3), (4, 3), (5, 3), (6, 3), (6, 4), (6, 5), (6, 6), (6, 6), (6, 6), (6, 6), (6, 6), (6, 6), (6, 6), (6, 6), (6, 6), (6, 6), (6, 6), (6, 6), (6, 6), (6, 6), (6, 6), (6, 6), (6, 6), (6, 6), (6, 6), (6, 6), (6, 6), (6, 6), (6, 6), (6, 6), (6, 6), (6, 6), (6, 6), (6, 6), (6, 6), (6, 6), (6, 6), (6, 6), (6, 6), (6, 6), (6, 6), (6, 6), (6, 6), (6, 6), (6, 6), (6, 6), (6, 6), (6, 6), (6, 6), (6, 6), (6, 6), (6, 6), (6, 6), (6, 6), (6, 6), (6, 6), (6, 6), (6, 6), (6, 6), (6, 6), (6, 6), (6, 6), (6, 6), (6, 6), (6, 6), (6, 6), (6, 6), (6, 6), (6, 6), (6, 6), (6, 6), (6, 6), (6, 6), (6, 6), (6, 6), (6, 6), (6, 6), (6, 6), (6, 6), (6, 6), (6, 6), (6, 6), (6, 6), (6, 6), (6, 6), (6, 6), (6, 6), (6, 6), (6, 6), (6, 6), (6, 6), (6, 6), (6, 6), (6, 6), (6, 6), (6, 6), (6, 6), (6, 6)]
success=False

Episode 54100 | mean return   -174.6 | success rate  44.0%
Episode 54200 | mean return   -162.6 | success rate  44.0%
Episode 54300 | mean return   -124.0 | success rate  46.0%
Episode 54400 | mean return     79.9 | success rate  56.0%
Episode 54500 | mean return     22.3 | success rate  53.0%
Episode 54600 | mean return   -289.4 | success rate  38.0%
Episode 54700 | mean return   -193.3 | success rate  43.0%
Episode 54800 | mean return     15.6 | success rate  53.0%
Episode 54900 | mean return   -135.0 | success rate  45.0%
Episode 55000 | mean return   -241.8 | success rate  40.0%
phase=train, time=morning
steps=17
trajectory=[(1, 1), (2, 1), (2, 2), (3, 2), (4, 2), (5, 2), (5, 1), (6, 1), (5, 1), (5, 2), (5, 3), (4, 3), (3, 3), (2, 3), (1, 3), (1, 4), (1, 5), (1, 6)]
success=True

phase=train, time=evening
steps=21
trajectory=[(1, 1), (2, 1), (2, 2), (3, 2), (4, 2), (5, 2), (6, 2), (6, 3), (6, 4), (6, 5), (6, 6), (6, 5), (5, 5), (5, 4), (5, 3), (4, 3), (3, 3), (2, 3), (1, 3), (1, 4), (1, 5), (1, 6)]
success=True

phase=test, time=morning
steps=101
trajectory=[(1, 1), (2, 1), (1, 1), (2, 1), (1, 1), (2, 1), (1, 1), (2, 1), (1, 1), (2, 1), (1, 1), (2, 1), (1, 1), (2, 1), (1, 1), (2, 1), (1, 1), (2, 1), (1, 1), (2, 1), (1, 1), (2, 1), (1, 1), (2, 1), (1, 1), (2, 1), (1, 1), (2, 1), (1, 1), (2, 1), (1, 1), (2, 1), (1, 1), (2, 1), (1, 1), (2, 1), (1, 1), (2, 1), (1, 1), (2, 1), (1, 1), (2, 1), (1, 1), (2, 1), (1, 1), (2, 1), (1, 1), (2, 1), (1, 1), (2, 1), (1, 1), (2, 1), (1, 1), (2, 1), (1, 1), (2, 1), (1, 1), (2, 1), (1, 1), (2, 1), (1, 1), (2, 1), (1, 1), (2, 1), (1, 1), (2, 1), (1, 1), (2, 1), (1, 1), (2, 1), (1, 1), (2, 1), (1, 1), (2, 1), (1, 1), (2, 1), (1, 1), (2, 1), (1, 1), (2, 1), (1, 1), (2, 1), (1, 1), (2, 1), (1, 1), (2, 1), (1, 1), (2, 1), (1, 1), (2, 1), (1, 1), (2, 1), (1, 1), (2, 1), (1, 1), (2, 1), (1, 1), (2, 1), (1, 1), (2, 1), (1, 1), (2, 1)]
success=False

phase=test, time=evening
steps=19
trajectory=[(1, 1), (2, 1), (2, 2), (2, 3), (3, 3), (4, 3), (5, 3), (6, 3), (6, 4), (6, 5), (6, 6), (6, 5), (5, 5), (5, 4), (4, 4), (3, 4), (2, 4), (1, 4), (1, 5), (1, 6)]
success=True

Episode 55100 | mean return   -268.2 | success rate  39.0%
Episode 55200 | mean return    100.8 | success rate  57.0%
Episode 55300 | mean return     60.7 | success rate  55.0%
Episode 55400 | mean return    141.1 | success rate  59.0%
Episode 55500 | mean return   -129.8 | success rate  46.0%
Episode 55600 | mean return   -146.5 | success rate  45.0%
Episode 55700 | mean return    -86.5 | success rate  48.0%
Episode 55800 | mean return     43.1 | success rate  54.0%
Episode 55900 | mean return     -0.3 | success rate  53.0%
Episode 56000 | mean return     81.5 | success rate  56.0%
phase=train, time=morning
steps=101
trajectory=[(1, 1), (2, 1), (2, 2), (3, 2), (4, 2), (5, 2), (6, 2), (6, 2), (6, 2), (6, 2), (6, 2), (6, 2), (6, 2), (6, 2), (6, 2), (6, 2), (6, 2), (6, 2), (6, 2), (6, 2), (6, 2), (6, 2), (6, 2), (6, 2), (6, 2), (6, 2), (6, 2), (6, 2), (6, 2), (6, 2), (6, 2), (6, 2), (6, 2), (6, 2), (6, 2), (6, 2), (6, 2), (6, 2), (6, 2), (6, 2), (6, 2), (6, 2), (6, 2), (6, 2), (6, 2), (6, 2), (6, 2), (6, 2), (6, 2), (6, 2), (6, 2), (6, 2), (6, 2), (6, 2), (6, 2), (6, 2), (6, 2), (6, 2), (6, 2), (6, 2), (6, 2), (6, 2), (6, 2), (6, 2), (6, 2), (6, 2), (6, 2), (6, 2), (6, 2), (6, 2), (6, 2), (6, 2), (6, 2), (6, 2), (6, 2), (6, 2), (6, 2), (6, 2), (6, 2), (6, 2), (6, 2), (6, 2), (6, 2), (6, 2), (6, 2), (6, 2), (6, 2), (6, 2), (6, 2), (6, 2), (6, 2), (6, 2), (6, 2), (6, 2), (6, 2), (6, 2), (6, 2), (6, 2), (6, 2), (6, 2), (6, 2), (6, 2)]
success=False

phase=train, time=evening
steps=101
trajectory=[(1, 1), (2, 1), (2, 2), (3, 2), (4, 2), (5, 2), (6, 2), (6, 3), (6, 4), (6, 5), (6, 6), (5, 6), (5, 5), (6, 5), (5, 5), (6, 5), (5, 5), (6, 5), (5, 5), (6, 5), (5, 5), (6, 5), (5, 5), (6, 5), (5, 5), (6, 5), (5, 5), (6, 5), (5, 5), (6, 5), (5, 5), (6, 5), (5, 5), (6, 5), (5, 5), (6, 5), (5, 5), (6, 5), (5, 5), (6, 5), (5, 5), (6, 5), (5, 5), (6, 5), (5, 5), (6, 5), (5, 5), (6, 5), (5, 5), (6, 5), (5, 5), (6, 5), (5, 5), (6, 5), (5, 5), (6, 5), (5, 5), (6, 5), (5, 5), (6, 5), (5, 5), (6, 5), (5, 5), (6, 5), (5, 5), (6, 5), (5, 5), (6, 5), (5, 5), (6, 5), (5, 5), (6, 5), (5, 5), (6, 5), (5, 5), (6, 5), (5, 5), (6, 5), (5, 5), (6, 5), (5, 5), (6, 5), (5, 5), (6, 5), (5, 5), (6, 5), (5, 5), (6, 5), (5, 5), (6, 5), (5, 5), (6, 5), (5, 5), (6, 5), (5, 5), (6, 5), (5, 5), (6, 5), (5, 5), (6, 5), (5, 5), (6, 5)]
success=False

phase=test, time=morning
steps=101
trajectory=[(1, 1), (2, 1), (1, 1), (2, 1), (1, 1), (2, 1), (1, 1), (2, 1), (1, 1), (2, 1), (1, 1), (2, 1), (1, 1), (2, 1), (1, 1), (2, 1), (1, 1), (2, 1), (1, 1), (2, 1), (1, 1), (2, 1), (1, 1), (2, 1), (1, 1), (2, 1), (1, 1), (2, 1), (1, 1), (2, 1), (1, 1), (2, 1), (1, 1), (2, 1), (1, 1), (2, 1), (1, 1), (2, 1), (1, 1), (2, 1), (1, 1), (2, 1), (1, 1), (2, 1), (1, 1), (2, 1), (1, 1), (2, 1), (1, 1), (2, 1), (1, 1), (2, 1), (1, 1), (2, 1), (1, 1), (2, 1), (1, 1), (2, 1), (1, 1), (2, 1), (1, 1), (2, 1), (1, 1), (2, 1), (1, 1), (2, 1), (1, 1), (2, 1), (1, 1), (2, 1), (1, 1), (2, 1), (1, 1), (2, 1), (1, 1), (2, 1), (1, 1), (2, 1), (1, 1), (2, 1), (1, 1), (2, 1), (1, 1), (2, 1), (1, 1), (2, 1), (1, 1), (2, 1), (1, 1), (2, 1), (1, 1), (2, 1), (1, 1), (2, 1), (1, 1), (2, 1), (1, 1), (2, 1), (1, 1), (2, 1), (1, 1), (2, 1)]
success=False

phase=test, time=evening
steps=19
trajectory=[(1, 1), (2, 1), (2, 2), (2, 3), (3, 3), (4, 3), (5, 3), (6, 3), (6, 4), (6, 5), (6, 6), (5, 6), (5, 5), (5, 4), (4, 4), (3, 4), (2, 4), (1, 4), (1, 5), (1, 6)]
success=True

Episode 56100 | mean return   -272.1 | success rate  39.0%
Episode 56200 | mean return   -147.0 | success rate  45.0%
Episode 56300 | mean return    -43.7 | success rate  50.0%
Episode 56400 | mean return     69.5 | success rate  56.0%
Episode 56500 | mean return   -460.8 | success rate  30.0%
Episode 56600 | mean return     37.6 | success rate  54.0%
Episode 56700 | mean return    -42.3 | success rate  50.0%
Episode 56800 | mean return   -292.9 | success rate  38.0%
Episode 56900 | mean return     70.6 | success rate  55.0%
Episode 57000 | mean return   -170.5 | success rate  43.0%
phase=train, time=morning
steps=17
trajectory=[(1, 1), (2, 1), (2, 2), (3, 2), (4, 2), (5, 2), (5, 1), (6, 1), (6, 2), (5, 2), (5, 3), (4, 3), (3, 3), (2, 3), (1, 3), (1, 4), (1, 5), (1, 6)]
success=True

phase=train, time=evening
steps=101
trajectory=[(1, 1), (2, 1), (2, 2), (3, 2), (4, 2), (5, 2), (6, 2), (6, 3), (6, 4), (6, 5), (6, 6), (6, 6), (6, 6), (6, 6), (6, 6), (6, 6), (6, 6), (6, 6), (6, 6), (6, 6), (6, 6), (6, 6), (6, 6), (6, 6), (6, 6), (6, 6), (6, 6), (6, 6), (6, 6), (6, 6), (6, 6), (6, 6), (6, 6), (6, 6), (6, 6), (6, 6), (6, 6), (6, 6), (6, 6), (6, 6), (6, 6), (6, 6), (6, 6), (6, 6), (6, 6), (6, 6), (6, 6), (6, 6), (6, 6), (6, 6), (6, 6), (6, 6), (6, 6), (6, 6), (6, 6), (6, 6), (6, 6), (6, 6), (6, 6), (6, 6), (6, 6), (6, 6), (6, 6), (6, 6), (6, 6), (6, 6), (6, 6), (6, 6), (6, 6), (6, 6), (6, 6), (6, 6), (6, 6), (6, 6), (6, 6), (6, 6), (6, 6), (6, 6), (6, 6), (6, 6), (6, 6), (6, 6), (6, 6), (6, 6), (6, 6), (6, 6), (6, 6), (6, 6), (6, 6), (6, 6), (6, 6), (6, 6), (6, 6), (6, 6), (6, 6), (6, 6), (6, 6), (6, 6), (6, 6), (6, 6), (6, 6), (6, 6)]
success=False

phase=test, time=morning
steps=101
trajectory=[(1, 1), (2, 1), (1, 1), (2, 1), (1, 1), (2, 1), (1, 1), (2, 1), (1, 1), (2, 1), (1, 1), (2, 1), (1, 1), (2, 1), (1, 1), (2, 1), (1, 1), (2, 1), (1, 1), (2, 1), (1, 1), (2, 1), (1, 1), (2, 1), (1, 1), (2, 1), (1, 1), (2, 1), (1, 1), (2, 1), (1, 1), (2, 1), (1, 1), (2, 1), (1, 1), (2, 1), (1, 1), (2, 1), (1, 1), (2, 1), (1, 1), (2, 1), (1, 1), (2, 1), (1, 1), (2, 1), (1, 1), (2, 1), (1, 1), (2, 1), (1, 1), (2, 1), (1, 1), (2, 1), (1, 1), (2, 1), (1, 1), (2, 1), (1, 1), (2, 1), (1, 1), (2, 1), (1, 1), (2, 1), (1, 1), (2, 1), (1, 1), (2, 1), (1, 1), (2, 1), (1, 1), (2, 1), (1, 1), (2, 1), (1, 1), (2, 1), (1, 1), (2, 1), (1, 1), (2, 1), (1, 1), (2, 1), (1, 1), (2, 1), (1, 1), (2, 1), (1, 1), (2, 1), (1, 1), (2, 1), (1, 1), (2, 1), (1, 1), (2, 1), (1, 1), (2, 1), (1, 1), (2, 1), (1, 1), (2, 1), (1, 1), (2, 1)]
success=False

phase=test, time=evening
steps=101
trajectory=[(1, 1), (2, 1), (2, 2), (2, 3), (3, 3), (4, 3), (5, 3), (6, 3), (6, 4), (6, 5), (6, 6), (6, 6), (6, 6), (6, 6), (6, 6), (6, 6), (6, 6), (6, 6), (6, 6), (6, 6), (6, 6), (6, 6), (6, 6), (6, 6), (6, 6), (6, 6), (6, 6), (6, 6), (6, 6), (6, 6), (6, 6), (6, 6), (6, 6), (6, 6), (6, 6), (6, 6), (6, 6), (6, 6), (6, 6), (6, 6), (6, 6), (6, 6), (6, 6), (6, 6), (6, 6), (6, 6), (6, 6), (6, 6), (6, 6), (6, 6), (6, 6), (6, 6), (6, 6), (6, 6), (6, 6), (6, 6), (6, 6), (6, 6), (6, 6), (6, 6), (6, 6), (6, 6), (6, 6), (6, 6), (6, 6), (6, 6), (6, 6), (6, 6), (6, 6), (6, 6), (6, 6), (6, 6), (6, 6), (6, 6), (6, 6), (6, 6), (6, 6), (6, 6), (6, 6), (6, 6), (6, 6), (6, 6), (6, 6), (6, 6), (6, 6), (6, 6), (6, 6), (6, 6), (6, 6), (6, 6), (6, 6), (6, 6), (6, 6), (6, 6), (6, 6), (6, 6), (6, 6), (6, 6), (6, 6), (6, 6), (6, 6), (6, 6)]
success=False

Episode 57100 | mean return     36.0 | success rate  54.0%
Episode 57200 | mean return   -123.5 | success rate  46.0%
Episode 57300 | mean return     85.3 | success rate  56.0%
Episode 57400 | mean return   -191.2 | success rate  43.0%
Episode 57500 | mean return     21.1 | success rate  53.0%
Episode 57600 | mean return   -113.9 | success rate  46.0%
Episode 57700 | mean return    223.3 | success rate  63.0%
Episode 57800 | mean return   -245.5 | success rate  40.0%
Episode 57900 | mean return   -190.0 | success rate  44.0%
Episode 58000 | mean return   -142.7 | success rate  45.0%
phase=train, time=morning
steps=17
trajectory=[(1, 1), (2, 1), (2, 2), (3, 2), (4, 2), (5, 2), (5, 1), (6, 1), (6, 2), (5, 2), (5, 3), (4, 3), (3, 3), (2, 3), (1, 3), (1, 4), (1, 5), (1, 6)]
success=True

phase=train, time=evening
steps=21
trajectory=[(1, 1), (2, 1), (2, 2), (3, 2), (4, 2), (5, 2), (6, 2), (6, 3), (6, 4), (6, 5), (6, 6), (6, 5), (5, 5), (5, 4), (5, 3), (4, 3), (3, 3), (2, 3), (1, 3), (1, 4), (1, 5), (1, 6)]
success=True

phase=test, time=morning
steps=101
trajectory=[(1, 1), (2, 1), (1, 1), (2, 1), (1, 1), (2, 1), (1, 1), (2, 1), (1, 1), (2, 1), (1, 1), (2, 1), (1, 1), (2, 1), (1, 1), (2, 1), (1, 1), (2, 1), (1, 1), (2, 1), (1, 1), (2, 1), (1, 1), (2, 1), (1, 1), (2, 1), (1, 1), (2, 1), (1, 1), (2, 1), (1, 1), (2, 1), (1, 1), (2, 1), (1, 1), (2, 1), (1, 1), (2, 1), (1, 1), (2, 1), (1, 1), (2, 1), (1, 1), (2, 1), (1, 1), (2, 1), (1, 1), (2, 1), (1, 1), (2, 1), (1, 1), (2, 1), (1, 1), (2, 1), (1, 1), (2, 1), (1, 1), (2, 1), (1, 1), (2, 1), (1, 1), (2, 1), (1, 1), (2, 1), (1, 1), (2, 1), (1, 1), (2, 1), (1, 1), (2, 1), (1, 1), (2, 1), (1, 1), (2, 1), (1, 1), (2, 1), (1, 1), (2, 1), (1, 1), (2, 1), (1, 1), (2, 1), (1, 1), (2, 1), (1, 1), (2, 1), (1, 1), (2, 1), (1, 1), (2, 1), (1, 1), (2, 1), (1, 1), (2, 1), (1, 1), (2, 1), (1, 1), (2, 1), (1, 1), (2, 1), (1, 1), (2, 1)]
success=False

phase=test, time=evening
steps=19
trajectory=[(1, 1), (2, 1), (2, 2), (2, 3), (3, 3), (4, 3), (5, 3), (6, 3), (6, 4), (6, 5), (6, 6), (6, 5), (5, 5), (5, 4), (4, 4), (3, 4), (2, 4), (1, 4), (1, 5), (1, 6)]
success=True

Episode 58100 | mean return     24.9 | success rate  53.0%
Episode 58200 | mean return    -18.9 | success rate  51.0%
Episode 58300 | mean return    160.5 | success rate  60.0%
Episode 58400 | mean return    -45.8 | success rate  50.0%
Episode 58500 | mean return    105.1 | success rate  57.0%
Episode 58600 | mean return   -204.1 | success rate  42.0%
Episode 58700 | mean return    -17.1 | success rate  51.0%
Episode 58800 | mean return   -170.4 | success rate  44.0%
Episode 58900 | mean return     32.0 | success rate  54.0%
Episode 59000 | mean return    -43.3 | success rate  50.0%
phase=train, time=morning
steps=17
trajectory=[(1, 1), (2, 1), (2, 2), (3, 2), (4, 2), (5, 2), (5, 1), (6, 1), (5, 1), (5, 2), (5, 3), (4, 3), (3, 3), (2, 3), (1, 3), (1, 4), (1, 5), (1, 6)]
success=True

phase=train, time=evening
steps=23
trajectory=[(1, 1), (2, 1), (2, 2), (3, 2), (4, 2), (5, 2), (5, 1), (6, 1), (6, 2), (6, 3), (6, 4), (6, 5), (6, 6), (5, 6), (5, 5), (5, 4), (5, 3), (4, 3), (3, 3), (2, 3), (1, 3), (1, 4), (1, 5), (1, 6)]
success=True

phase=test, time=morning
steps=101
trajectory=[(1, 1), (2, 1), (1, 1), (2, 1), (1, 1), (2, 1), (1, 1), (2, 1), (1, 1), (2, 1), (1, 1), (2, 1), (1, 1), (2, 1), (1, 1), (2, 1), (1, 1), (2, 1), (1, 1), (2, 1), (1, 1), (2, 1), (1, 1), (2, 1), (1, 1), (2, 1), (1, 1), (2, 1), (1, 1), (2, 1), (1, 1), (2, 1), (1, 1), (2, 1), (1, 1), (2, 1), (1, 1), (2, 1), (1, 1), (2, 1), (1, 1), (2, 1), (1, 1), (2, 1), (1, 1), (2, 1), (1, 1), (2, 1), (1, 1), (2, 1), (1, 1), (2, 1), (1, 1), (2, 1), (1, 1), (2, 1), (1, 1), (2, 1), (1, 1), (2, 1), (1, 1), (2, 1), (1, 1), (2, 1), (1, 1), (2, 1), (1, 1), (2, 1), (1, 1), (2, 1), (1, 1), (2, 1), (1, 1), (2, 1), (1, 1), (2, 1), (1, 1), (2, 1), (1, 1), (2, 1), (1, 1), (2, 1), (1, 1), (2, 1), (1, 1), (2, 1), (1, 1), (2, 1), (1, 1), (2, 1), (1, 1), (2, 1), (1, 1), (2, 1), (1, 1), (2, 1), (1, 1), (2, 1), (1, 1), (2, 1), (1, 1), (2, 1)]
success=False

phase=test, time=evening
steps=101
trajectory=[(1, 1), (2, 1), (2, 2), (1, 2), (1, 3), (1, 4), (1, 5), (1, 6), (1, 6), (1, 6), (1, 6), (1, 6), (1, 6), (1, 6), (1, 6), (1, 6), (1, 6), (1, 6), (1, 6), (1, 6), (1, 6), (1, 6), (1, 6), (1, 6), (1, 6), (1, 6), (1, 6), (1, 6), (1, 6), (1, 6), (1, 6), (1, 6), (1, 6), (1, 6), (1, 6), (1, 6), (1, 6), (1, 6), (1, 6), (1, 6), (1, 6), (1, 6), (1, 6), (1, 6), (1, 6), (1, 6), (1, 6), (1, 6), (1, 6), (1, 6), (1, 6), (1, 6), (1, 6), (1, 6), (1, 6), (1, 6), (1, 6), (1, 6), (1, 6), (1, 6), (1, 6), (1, 6), (1, 6), (1, 6), (1, 6), (1, 6), (1, 6), (1, 6), (1, 6), (1, 6), (1, 6), (1, 6), (1, 6), (1, 6), (1, 6), (1, 6), (1, 6), (1, 6), (1, 6), (1, 6), (1, 6), (1, 6), (1, 6), (1, 6), (1, 6), (1, 6), (1, 6), (1, 6), (1, 6), (1, 6), (1, 6), (1, 6), (1, 6), (1, 6), (1, 6), (1, 6), (1, 6), (1, 6), (1, 6), (1, 6), (1, 6), (1, 6)]
success=False

Episode 59100 | mean return     -6.5 | success rate  52.0%
Episode 59200 | mean return    -89.3 | success rate  48.0%
Episode 59300 | mean return   -186.4 | success rate  43.0%
Episode 59400 | mean return   -244.5 | success rate  40.0%
Episode 59500 | mean return   -205.6 | success rate  42.0%
Episode 59600 | mean return   -179.4 | success rate  43.0%
Episode 59700 | mean return      1.1 | success rate  52.0%
Episode 59800 | mean return      2.4 | success rate  52.0%
Episode 59900 | mean return   -227.2 | success rate  41.0%
Episode 60000 | mean return   -118.9 | success rate  46.0%
phase=train, time=morning
steps=101
trajectory=[(1, 1), (2, 1), (2, 2), (3, 2), (4, 2), (5, 2), (5, 1), (6, 1), (6, 2), (6, 3), (6, 4), (6, 5), (6, 6), (6, 6), (6, 6), (6, 6), (6, 6), (6, 6), (6, 6), (6, 6), (6, 6), (6, 6), (6, 6), (6, 6), (6, 6), (6, 6), (6, 6), (6, 6), (6, 6), (6, 6), (6, 6), (6, 6), (6, 6), (6, 6), (6, 6), (6, 6), (6, 6), (6, 6), (6, 6), (6, 6), (6, 6), (6, 6), (6, 6), (6, 6), (6, 6), (6, 6), (6, 6), (6, 6), (6, 6), (6, 6), (6, 6), (6, 6), (6, 6), (6, 6), (6, 6), (6, 6), (6, 6), (6, 6), (6, 6), (6, 6), (6, 6), (6, 6), (6, 6), (6, 6), (6, 6), (6, 6), (6, 6), (6, 6), (6, 6), (6, 6), (6, 6), (6, 6), (6, 6), (6, 6), (6, 6), (6, 6), (6, 6), (6, 6), (6, 6), (6, 6), (6, 6), (6, 6), (6, 6), (6, 6), (6, 6), (6, 6), (6, 6), (6, 6), (6, 6), (6, 6), (6, 6), (6, 6), (6, 6), (6, 6), (6, 6), (6, 6), (6, 6), (6, 6), (6, 6), (6, 6), (6, 6), (6, 6)]
success=False

phase=train, time=evening
steps=101
trajectory=[(1, 1), (2, 1), (2, 2), (3, 2), (4, 2), (5, 2), (5, 3), (6, 3), (6, 4), (6, 5), (6, 6), (6, 6), (6, 6), (6, 6), (6, 6), (6, 6), (6, 6), (6, 6), (6, 6), (6, 6), (6, 6), (6, 6), (6, 6), (6, 6), (6, 6), (6, 6), (6, 6), (6, 6), (6, 6), (6, 6), (6, 6), (6, 6), (6, 6), (6, 6), (6, 6), (6, 6), (6, 6), (6, 6), (6, 6), (6, 6), (6, 6), (6, 6), (6, 6), (6, 6), (6, 6), (6, 6), (6, 6), (6, 6), (6, 6), (6, 6), (6, 6), (6, 6), (6, 6), (6, 6), (6, 6), (6, 6), (6, 6), (6, 6), (6, 6), (6, 6), (6, 6), (6, 6), (6, 6), (6, 6), (6, 6), (6, 6), (6, 6), (6, 6), (6, 6), (6, 6), (6, 6), (6, 6), (6, 6), (6, 6), (6, 6), (6, 6), (6, 6), (6, 6), (6, 6), (6, 6), (6, 6), (6, 6), (6, 6), (6, 6), (6, 6), (6, 6), (6, 6), (6, 6), (6, 6), (6, 6), (6, 6), (6, 6), (6, 6), (6, 6), (6, 6), (6, 6), (6, 6), (6, 6), (6, 6), (6, 6), (6, 6), (6, 6)]
success=False

phase=test, time=morning
steps=101
trajectory=[(1, 1), (2, 1), (1, 1), (2, 1), (1, 1), (2, 1), (1, 1), (2, 1), (1, 1), (2, 1), (1, 1), (2, 1), (1, 1), (2, 1), (1, 1), (2, 1), (1, 1), (2, 1), (1, 1), (2, 1), (1, 1), (2, 1), (1, 1), (2, 1), (1, 1), (2, 1), (1, 1), (2, 1), (1, 1), (2, 1), (1, 1), (2, 1), (1, 1), (2, 1), (1, 1), (2, 1), (1, 1), (2, 1), (1, 1), (2, 1), (1, 1), (2, 1), (1, 1), (2, 1), (1, 1), (2, 1), (1, 1), (2, 1), (1, 1), (2, 1), (1, 1), (2, 1), (1, 1), (2, 1), (1, 1), (2, 1), (1, 1), (2, 1), (1, 1), (2, 1), (1, 1), (2, 1), (1, 1), (2, 1), (1, 1), (2, 1), (1, 1), (2, 1), (1, 1), (2, 1), (1, 1), (2, 1), (1, 1), (2, 1), (1, 1), (2, 1), (1, 1), (2, 1), (1, 1), (2, 1), (1, 1), (2, 1), (1, 1), (2, 1), (1, 1), (2, 1), (1, 1), (2, 1), (1, 1), (2, 1), (1, 1), (2, 1), (1, 1), (2, 1), (1, 1), (2, 1), (1, 1), (2, 1), (1, 1), (2, 1), (1, 1), (2, 1)]
success=False

phase=test, time=evening
steps=101
trajectory=[(1, 1), (2, 1), (2, 2), (2, 3), (3, 3), (4, 3), (5, 3), (5, 4), (6, 4), (6, 5), (6, 6), (6, 6), (6, 6), (6, 6), (6, 6), (6, 6), (6, 6), (6, 6), (6, 6), (6, 6), (6, 6), (6, 6), (6, 6), (6, 6), (6, 6), (6, 6), (6, 6), (6, 6), (6, 6), (6, 6), (6, 6), (6, 6), (6, 6), (6, 6), (6, 6), (6, 6), (6, 6), (6, 6), (6, 6), (6, 6), (6, 6), (6, 6), (6, 6), (6, 6), (6, 6), (6, 6), (6, 6), (6, 6), (6, 6), (6, 6), (6, 6), (6, 6), (6, 6), (6, 6), (6, 6), (6, 6), (6, 6), (6, 6), (6, 6), (6, 6), (6, 6), (6, 6), (6, 6), (6, 6), (6, 6), (6, 6), (6, 6), (6, 6), (6, 6), (6, 6), (6, 6), (6, 6), (6, 6), (6, 6), (6, 6), (6, 6), (6, 6), (6, 6), (6, 6), (6, 6), (6, 6), (6, 6), (6, 6), (6, 6), (6, 6), (6, 6), (6, 6), (6, 6), (6, 6), (6, 6), (6, 6), (6, 6), (6, 6), (6, 6), (6, 6), (6, 6), (6, 6), (6, 6), (6, 6), (6, 6), (6, 6), (6, 6)]
success=False

Episode 60100 | mean return     45.4 | success rate  54.0%
Episode 60200 | mean return   -225.6 | success rate  41.0%
Episode 60300 | mean return    -75.9 | success rate  48.0%
Episode 60400 | mean return   -125.5 | success rate  46.0%
Episode 60500 | mean return   -169.1 | success rate  44.0%
Episode 60600 | mean return     60.7 | success rate  55.0%
Episode 60700 | mean return    -67.7 | success rate  49.0%
Episode 60800 | mean return   -346.9 | success rate  35.0%
Episode 60900 | mean return    106.7 | success rate  57.0%
Episode 61000 | mean return    -89.2 | success rate  48.0%
phase=train, time=morning
steps=17
trajectory=[(1, 1), (2, 1), (2, 2), (3, 2), (4, 2), (5, 2), (5, 1), (6, 1), (6, 2), (5, 2), (5, 3), (4, 3), (3, 3), (2, 3), (1, 3), (1, 4), (1, 5), (1, 6)]
success=True

phase=train, time=evening
steps=21
trajectory=[(1, 1), (2, 1), (2, 2), (3, 2), (4, 2), (5, 2), (6, 2), (6, 3), (6, 4), (6, 5), (6, 6), (6, 5), (5, 5), (5, 4), (5, 3), (4, 3), (3, 3), (2, 3), (1, 3), (1, 4), (1, 5), (1, 6)]
success=True

phase=test, time=morning
steps=101
trajectory=[(1, 1), (2, 1), (1, 1), (2, 1), (1, 1), (2, 1), (1, 1), (2, 1), (1, 1), (2, 1), (1, 1), (2, 1), (1, 1), (2, 1), (1, 1), (2, 1), (1, 1), (2, 1), (1, 1), (2, 1), (1, 1), (2, 1), (1, 1), (2, 1), (1, 1), (2, 1), (1, 1), (2, 1), (1, 1), (2, 1), (1, 1), (2, 1), (1, 1), (2, 1), (1, 1), (2, 1), (1, 1), (2, 1), (1, 1), (2, 1), (1, 1), (2, 1), (1, 1), (2, 1), (1, 1), (2, 1), (1, 1), (2, 1), (1, 1), (2, 1), (1, 1), (2, 1), (1, 1), (2, 1), (1, 1), (2, 1), (1, 1), (2, 1), (1, 1), (2, 1), (1, 1), (2, 1), (1, 1), (2, 1), (1, 1), (2, 1), (1, 1), (2, 1), (1, 1), (2, 1), (1, 1), (2, 1), (1, 1), (2, 1), (1, 1), (2, 1), (1, 1), (2, 1), (1, 1), (2, 1), (1, 1), (2, 1), (1, 1), (2, 1), (1, 1), (2, 1), (1, 1), (2, 1), (1, 1), (2, 1), (1, 1), (2, 1), (1, 1), (2, 1), (1, 1), (2, 1), (1, 1), (2, 1), (1, 1), (2, 1), (1, 1), (2, 1)]
success=False

phase=test, time=evening
steps=19
trajectory=[(1, 1), (2, 1), (2, 2), (2, 3), (3, 3), (4, 3), (5, 3), (6, 3), (6, 4), (6, 5), (6, 6), (6, 5), (5, 5), (5, 4), (4, 4), (3, 4), (2, 4), (1, 4), (1, 5), (1, 6)]
success=True

Episode 61100 | mean return   -215.8 | success rate  41.0%
Episode 61200 | mean return     36.0 | success rate  54.0%
Episode 61300 | mean return    -67.5 | success rate  49.0%
Episode 61400 | mean return     20.4 | success rate  53.0%
Episode 61500 | mean return    -68.0 | success rate  49.0%
Episode 61600 | mean return    -88.6 | success rate  48.0%
Episode 61700 | mean return     -1.4 | success rate  52.0%
Episode 61800 | mean return   -373.6 | success rate  34.0%
Episode 61900 | mean return     99.6 | success rate  57.0%
Episode 62000 | mean return   -183.4 | success rate  43.0%
phase=train, time=morning
steps=17
trajectory=[(1, 1), (2, 1), (2, 2), (3, 2), (4, 2), (5, 2), (5, 1), (6, 1), (5, 1), (5, 2), (5, 3), (4, 3), (3, 3), (2, 3), (1, 3), (1, 4), (1, 5), (1, 6)]
success=True

phase=train, time=evening
steps=101
trajectory=[(1, 1), (1, 1), (1, 1), (1, 1), (1, 1), (1, 1), (1, 1), (1, 1), (1, 1), (1, 1), (1, 1), (1, 1), (1, 1), (1, 1), (1, 1), (1, 1), (1, 1), (1, 1), (1, 1), (1, 1), (1, 1), (1, 1), (1, 1), (1, 1), (1, 1), (1, 1), (1, 1), (1, 1), (1, 1), (1, 1), (1, 1), (1, 1), (1, 1), (1, 1), (1, 1), (1, 1), (1, 1), (1, 1), (1, 1), (1, 1), (1, 1), (1, 1), (1, 1), (1, 1), (1, 1), (1, 1), (1, 1), (1, 1), (1, 1), (1, 1), (1, 1), (1, 1), (1, 1), (1, 1), (1, 1), (1, 1), (1, 1), (1, 1), (1, 1), (1, 1), (1, 1), (1, 1), (1, 1), (1, 1), (1, 1), (1, 1), (1, 1), (1, 1), (1, 1), (1, 1), (1, 1), (1, 1), (1, 1), (1, 1), (1, 1), (1, 1), (1, 1), (1, 1), (1, 1), (1, 1), (1, 1), (1, 1), (1, 1), (1, 1), (1, 1), (1, 1), (1, 1), (1, 1), (1, 1), (1, 1), (1, 1), (1, 1), (1, 1), (1, 1), (1, 1), (1, 1), (1, 1), (1, 1), (1, 1), (1, 1), (1, 1), (1, 1)]
success=False

phase=test, time=morning
steps=101
trajectory=[(1, 1), (2, 1), (1, 1), (2, 1), (1, 1), (2, 1), (1, 1), (2, 1), (1, 1), (2, 1), (1, 1), (2, 1), (1, 1), (2, 1), (1, 1), (2, 1), (1, 1), (2, 1), (1, 1), (2, 1), (1, 1), (2, 1), (1, 1), (2, 1), (1, 1), (2, 1), (1, 1), (2, 1), (1, 1), (2, 1), (1, 1), (2, 1), (1, 1), (2, 1), (1, 1), (2, 1), (1, 1), (2, 1), (1, 1), (2, 1), (1, 1), (2, 1), (1, 1), (2, 1), (1, 1), (2, 1), (1, 1), (2, 1), (1, 1), (2, 1), (1, 1), (2, 1), (1, 1), (2, 1), (1, 1), (2, 1), (1, 1), (2, 1), (1, 1), (2, 1), (1, 1), (2, 1), (1, 1), (2, 1), (1, 1), (2, 1), (1, 1), (2, 1), (1, 1), (2, 1), (1, 1), (2, 1), (1, 1), (2, 1), (1, 1), (2, 1), (1, 1), (2, 1), (1, 1), (2, 1), (1, 1), (2, 1), (1, 1), (2, 1), (1, 1), (2, 1), (1, 1), (2, 1), (1, 1), (2, 1), (1, 1), (2, 1), (1, 1), (2, 1), (1, 1), (2, 1), (1, 1), (2, 1), (1, 1), (2, 1), (1, 1), (2, 1)]
success=False

phase=test, time=evening
steps=101
trajectory=[(1, 1), (1, 1), (1, 1), (1, 1), (1, 1), (1, 1), (1, 1), (1, 1), (1, 1), (1, 1), (1, 1), (1, 1), (1, 1), (1, 1), (1, 1), (1, 1), (1, 1), (1, 1), (1, 1), (1, 1), (1, 1), (1, 1), (1, 1), (1, 1), (1, 1), (1, 1), (1, 1), (1, 1), (1, 1), (1, 1), (1, 1), (1, 1), (1, 1), (1, 1), (1, 1), (1, 1), (1, 1), (1, 1), (1, 1), (1, 1), (1, 1), (1, 1), (1, 1), (1, 1), (1, 1), (1, 1), (1, 1), (1, 1), (1, 1), (1, 1), (1, 1), (1, 1), (1, 1), (1, 1), (1, 1), (1, 1), (1, 1), (1, 1), (1, 1), (1, 1), (1, 1), (1, 1), (1, 1), (1, 1), (1, 1), (1, 1), (1, 1), (1, 1), (1, 1), (1, 1), (1, 1), (1, 1), (1, 1), (1, 1), (1, 1), (1, 1), (1, 1), (1, 1), (1, 1), (1, 1), (1, 1), (1, 1), (1, 1), (1, 1), (1, 1), (1, 1), (1, 1), (1, 1), (1, 1), (1, 1), (1, 1), (1, 1), (1, 1), (1, 1), (1, 1), (1, 1), (1, 1), (1, 1), (1, 1), (1, 1), (1, 1), (1, 1)]
success=False

Episode 62100 | mean return    -85.2 | success rate  48.0%
Episode 62200 | mean return    172.4 | success rate  61.0%
Episode 62300 | mean return    -39.8 | success rate  50.0%
Episode 62400 | mean return    -41.8 | success rate  50.0%
Episode 62500 | mean return   -242.0 | success rate  40.0%
Episode 62600 | mean return    -41.7 | success rate  50.0%
Episode 62700 | mean return    187.1 | success rate  61.0%
Episode 62800 | mean return     66.0 | success rate  55.0%
Episode 62900 | mean return    -67.3 | success rate  49.0%
Episode 63000 | mean return   -217.0 | success rate  42.0%
phase=train, time=morning
steps=101
trajectory=[(1, 1), (2, 1), (2, 2), (3, 2), (4, 2), (5, 2), (5, 1), (6, 1), (6, 2), (5, 2), (5, 3), (5, 4), (5, 5), (5, 6), (5, 6), (5, 6), (5, 6), (5, 6), (5, 6), (5, 6), (5, 6), (5, 6), (5, 6), (5, 6), (5, 6), (5, 6), (5, 6), (5, 6), (5, 6), (5, 6), (5, 6), (5, 6), (5, 6), (5, 6), (5, 6), (5, 6), (5, 6), (5, 6), (5, 6), (5, 6), (5, 6), (5, 6), (5, 6), (5, 6), (5, 6), (5, 6), (5, 6), (5, 6), (5, 6), (5, 6), (5, 6), (5, 6), (5, 6), (5, 6), (5, 6), (5, 6), (5, 6), (5, 6), (5, 6), (5, 6), (5, 6), (5, 6), (5, 6), (5, 6), (5, 6), (5, 6), (5, 6), (5, 6), (5, 6), (5, 6), (5, 6), (5, 6), (5, 6), (5, 6), (5, 6), (5, 6), (5, 6), (5, 6), (5, 6), (5, 6), (5, 6), (5, 6), (5, 6), (5, 6), (5, 6), (5, 6), (5, 6), (5, 6), (5, 6), (5, 6), (5, 6), (5, 6), (5, 6), (5, 6), (5, 6), (5, 6), (5, 6), (5, 6), (5, 6), (5, 6), (5, 6), (5, 6)]
success=False

phase=train, time=evening
steps=101
trajectory=[(1, 1), (2, 1), (2, 2), (3, 2), (4, 2), (5, 2), (5, 3), (5, 4), (6, 4), (6, 5), (6, 6), (6, 6), (6, 6), (6, 6), (6, 6), (6, 6), (6, 6), (6, 6), (6, 6), (6, 6), (6, 6), (6, 6), (6, 6), (6, 6), (6, 6), (6, 6), (6, 6), (6, 6), (6, 6), (6, 6), (6, 6), (6, 6), (6, 6), (6, 6), (6, 6), (6, 6), (6, 6), (6, 6), (6, 6), (6, 6), (6, 6), (6, 6), (6, 6), (6, 6), (6, 6), (6, 6), (6, 6), (6, 6), (6, 6), (6, 6), (6, 6), (6, 6), (6, 6), (6, 6), (6, 6), (6, 6), (6, 6), (6, 6), (6, 6), (6, 6), (6, 6), (6, 6), (6, 6), (6, 6), (6, 6), (6, 6), (6, 6), (6, 6), (6, 6), (6, 6), (6, 6), (6, 6), (6, 6), (6, 6), (6, 6), (6, 6), (6, 6), (6, 6), (6, 6), (6, 6), (6, 6), (6, 6), (6, 6), (6, 6), (6, 6), (6, 6), (6, 6), (6, 6), (6, 6), (6, 6), (6, 6), (6, 6), (6, 6), (6, 6), (6, 6), (6, 6), (6, 6), (6, 6), (6, 6), (6, 6), (6, 6), (6, 6)]
success=False

phase=test, time=morning
steps=101
trajectory=[(1, 1), (2, 1), (1, 1), (2, 1), (1, 1), (2, 1), (1, 1), (2, 1), (1, 1), (2, 1), (1, 1), (2, 1), (1, 1), (2, 1), (1, 1), (2, 1), (1, 1), (2, 1), (1, 1), (2, 1), (1, 1), (2, 1), (1, 1), (2, 1), (1, 1), (2, 1), (1, 1), (2, 1), (1, 1), (2, 1), (1, 1), (2, 1), (1, 1), (2, 1), (1, 1), (2, 1), (1, 1), (2, 1), (1, 1), (2, 1), (1, 1), (2, 1), (1, 1), (2, 1), (1, 1), (2, 1), (1, 1), (2, 1), (1, 1), (2, 1), (1, 1), (2, 1), (1, 1), (2, 1), (1, 1), (2, 1), (1, 1), (2, 1), (1, 1), (2, 1), (1, 1), (2, 1), (1, 1), (2, 1), (1, 1), (2, 1), (1, 1), (2, 1), (1, 1), (2, 1), (1, 1), (2, 1), (1, 1), (2, 1), (1, 1), (2, 1), (1, 1), (2, 1), (1, 1), (2, 1), (1, 1), (2, 1), (1, 1), (2, 1), (1, 1), (2, 1), (1, 1), (2, 1), (1, 1), (2, 1), (1, 1), (2, 1), (1, 1), (2, 1), (1, 1), (2, 1), (1, 1), (2, 1), (1, 1), (2, 1), (1, 1), (2, 1)]
success=False

phase=test, time=evening
steps=101
trajectory=[(1, 1), (2, 1), (2, 2), (2, 3), (3, 3), (4, 3), (5, 3), (5, 4), (5, 5), (5, 4), (5, 5), (5, 4), (5, 5), (5, 4), (5, 5), (5, 4), (5, 5), (5, 4), (5, 5), (5, 4), (5, 5), (5, 4), (5, 5), (5, 4), (5, 5), (5, 4), (5, 5), (5, 4), (5, 5), (5, 4), (5, 5), (5, 4), (5, 5), (5, 4), (5, 5), (5, 4), (5, 5), (5, 4), (5, 5), (5, 4), (5, 5), (5, 4), (5, 5), (5, 4), (5, 5), (5, 4), (5, 5), (5, 4), (5, 5), (5, 4), (5, 5), (5, 4), (5, 5), (5, 4), (5, 5), (5, 4), (5, 5), (5, 4), (5, 5), (5, 4), (5, 5), (5, 4), (5, 5), (5, 4), (5, 5), (5, 4), (5, 5), (5, 4), (5, 5), (5, 4), (5, 5), (5, 4), (5, 5), (5, 4), (5, 5), (5, 4), (5, 5), (5, 4), (5, 5), (5, 4), (5, 5), (5, 4), (5, 5), (5, 4), (5, 5), (5, 4), (5, 5), (5, 4), (5, 5), (5, 4), (5, 5), (5, 4), (5, 5), (5, 4), (5, 5), (5, 4), (5, 5), (5, 4), (5, 5), (5, 4), (5, 5), (5, 4)]
success=False

Episode 63100 | mean return   -200.8 | success rate  43.0%
Episode 63200 | mean return     43.3 | success rate  54.0%
Episode 63300 | mean return    -14.3 | success rate  52.0%
Episode 63400 | mean return    -47.4 | success rate  50.0%
Episode 63500 | mean return   -120.6 | success rate  46.0%
Episode 63600 | mean return    -14.5 | success rate  51.0%
Episode 63700 | mean return     -0.4 | success rate  52.0%
Episode 63800 | mean return     20.5 | success rate  53.0%
Episode 63900 | mean return   -232.0 | success rate  41.0%
Episode 64000 | mean return   -156.7 | success rate  45.0%
phase=train, time=morning
steps=17
trajectory=[(1, 1), (2, 1), (2, 2), (3, 2), (4, 2), (5, 2), (5, 1), (6, 1), (5, 1), (5, 2), (5, 3), (4, 3), (3, 3), (2, 3), (1, 3), (1, 4), (1, 5), (1, 6)]
success=True

phase=train, time=evening
steps=21
trajectory=[(1, 1), (2, 1), (2, 2), (3, 2), (4, 2), (5, 2), (6, 2), (6, 3), (6, 4), (6, 5), (6, 6), (6, 5), (5, 5), (5, 4), (5, 3), (4, 3), (3, 3), (2, 3), (1, 3), (1, 4), (1, 5), (1, 6)]
success=True

phase=test, time=morning
steps=101
trajectory=[(1, 1), (2, 1), (1, 1), (2, 1), (1, 1), (2, 1), (1, 1), (2, 1), (1, 1), (2, 1), (1, 1), (2, 1), (1, 1), (2, 1), (1, 1), (2, 1), (1, 1), (2, 1), (1, 1), (2, 1), (1, 1), (2, 1), (1, 1), (2, 1), (1, 1), (2, 1), (1, 1), (2, 1), (1, 1), (2, 1), (1, 1), (2, 1), (1, 1), (2, 1), (1, 1), (2, 1), (1, 1), (2, 1), (1, 1), (2, 1), (1, 1), (2, 1), (1, 1), (2, 1), (1, 1), (2, 1), (1, 1), (2, 1), (1, 1), (2, 1), (1, 1), (2, 1), (1, 1), (2, 1), (1, 1), (2, 1), (1, 1), (2, 1), (1, 1), (2, 1), (1, 1), (2, 1), (1, 1), (2, 1), (1, 1), (2, 1), (1, 1), (2, 1), (1, 1), (2, 1), (1, 1), (2, 1), (1, 1), (2, 1), (1, 1), (2, 1), (1, 1), (2, 1), (1, 1), (2, 1), (1, 1), (2, 1), (1, 1), (2, 1), (1, 1), (2, 1), (1, 1), (2, 1), (1, 1), (2, 1), (1, 1), (2, 1), (1, 1), (2, 1), (1, 1), (2, 1), (1, 1), (2, 1), (1, 1), (2, 1), (1, 1), (2, 1)]
success=False

phase=test, time=evening
steps=19
trajectory=[(1, 1), (2, 1), (2, 2), (2, 3), (3, 3), (4, 3), (5, 3), (6, 3), (6, 4), (6, 5), (6, 6), (6, 5), (5, 5), (5, 4), (4, 4), (3, 4), (2, 4), (1, 4), (1, 5), (1, 6)]
success=True

Episode 64100 | mean return   -163.7 | success rate  44.0%
Episode 64200 | mean return   -273.7 | success rate  39.0%
Episode 64300 | mean return   -159.8 | success rate  45.0%
Episode 64400 | mean return   -112.5 | success rate  47.0%
Episode 64500 | mean return   -127.7 | success rate  46.0%
Episode 64600 | mean return    104.4 | success rate  57.0%
Episode 64700 | mean return    -38.6 | success rate  50.0%
Episode 64800 | mean return    -65.1 | success rate  49.0%
Episode 64900 | mean return     15.8 | success rate  53.0%
Episode 65000 | mean return     44.2 | success rate  54.0%
phase=train, time=morning
steps=101
trajectory=[(1, 1), (2, 1), (2, 2), (3, 2), (4, 2), (5, 2), (5, 1), (6, 1), (5, 1), (5, 2), (5, 3), (5, 4), (5, 5), (5, 4), (5, 5), (5, 4), (5, 5), (5, 4), (5, 5), (5, 4), (5, 5), (5, 4), (5, 5), (5, 4), (5, 5), (5, 4), (5, 5), (5, 4), (5, 5), (5, 4), (5, 5), (5, 4), (5, 5), (5, 4), (5, 5), (5, 4), (5, 5), (5, 4), (5, 5), (5, 4), (5, 5), (5, 4), (5, 5), (5, 4), (5, 5), (5, 4), (5, 5), (5, 4), (5, 5), (5, 4), (5, 5), (5, 4), (5, 5), (5, 4), (5, 5), (5, 4), (5, 5), (5, 4), (5, 5), (5, 4), (5, 5), (5, 4), (5, 5), (5, 4), (5, 5), (5, 4), (5, 5), (5, 4), (5, 5), (5, 4), (5, 5), (5, 4), (5, 5), (5, 4), (5, 5), (5, 4), (5, 5), (5, 4), (5, 5), (5, 4), (5, 5), (5, 4), (5, 5), (5, 4), (5, 5), (5, 4), (5, 5), (5, 4), (5, 5), (5, 4), (5, 5), (5, 4), (5, 5), (5, 4), (5, 5), (5, 4), (5, 5), (5, 4), (5, 5), (5, 4), (5, 5), (5, 4)]
success=False

phase=train, time=evening
steps=101
trajectory=[(1, 1), (2, 1), (2, 2), (3, 2), (4, 2), (5, 2), (5, 3), (5, 4), (5, 3), (5, 4), (5, 3), (5, 4), (5, 3), (5, 4), (5, 3), (5, 4), (5, 3), (5, 4), (5, 3), (5, 4), (5, 3), (5, 4), (5, 3), (5, 4), (5, 3), (5, 4), (5, 3), (5, 4), (5, 3), (5, 4), (5, 3), (5, 4), (5, 3), (5, 4), (5, 3), (5, 4), (5, 3), (5, 4), (5, 3), (5, 4), (5, 3), (5, 4), (5, 3), (5, 4), (5, 3), (5, 4), (5, 3), (5, 4), (5, 3), (5, 4), (5, 3), (5, 4), (5, 3), (5, 4), (5, 3), (5, 4), (5, 3), (5, 4), (5, 3), (5, 4), (5, 3), (5, 4), (5, 3), (5, 4), (5, 3), (5, 4), (5, 3), (5, 4), (5, 3), (5, 4), (5, 3), (5, 4), (5, 3), (5, 4), (5, 3), (5, 4), (5, 3), (5, 4), (5, 3), (5, 4), (5, 3), (5, 4), (5, 3), (5, 4), (5, 3), (5, 4), (5, 3), (5, 4), (5, 3), (5, 4), (5, 3), (5, 4), (5, 3), (5, 4), (5, 3), (5, 4), (5, 3), (5, 4), (5, 3), (5, 4), (5, 3), (5, 4)]
success=False

phase=test, time=morning
steps=101
trajectory=[(1, 1), (2, 1), (1, 1), (2, 1), (1, 1), (2, 1), (1, 1), (2, 1), (1, 1), (2, 1), (1, 1), (2, 1), (1, 1), (2, 1), (1, 1), (2, 1), (1, 1), (2, 1), (1, 1), (2, 1), (1, 1), (2, 1), (1, 1), (2, 1), (1, 1), (2, 1), (1, 1), (2, 1), (1, 1), (2, 1), (1, 1), (2, 1), (1, 1), (2, 1), (1, 1), (2, 1), (1, 1), (2, 1), (1, 1), (2, 1), (1, 1), (2, 1), (1, 1), (2, 1), (1, 1), (2, 1), (1, 1), (2, 1), (1, 1), (2, 1), (1, 1), (2, 1), (1, 1), (2, 1), (1, 1), (2, 1), (1, 1), (2, 1), (1, 1), (2, 1), (1, 1), (2, 1), (1, 1), (2, 1), (1, 1), (2, 1), (1, 1), (2, 1), (1, 1), (2, 1), (1, 1), (2, 1), (1, 1), (2, 1), (1, 1), (2, 1), (1, 1), (2, 1), (1, 1), (2, 1), (1, 1), (2, 1), (1, 1), (2, 1), (1, 1), (2, 1), (1, 1), (2, 1), (1, 1), (2, 1), (1, 1), (2, 1), (1, 1), (2, 1), (1, 1), (2, 1), (1, 1), (2, 1), (1, 1), (2, 1), (1, 1), (2, 1)]
success=False

phase=test, time=evening
steps=101
trajectory=[(1, 1), (2, 1), (2, 2), (2, 3), (3, 3), (4, 3), (5, 3), (5, 4), (5, 5), (5, 4), (5, 5), (5, 4), (5, 5), (5, 4), (5, 5), (5, 4), (5, 5), (5, 4), (5, 5), (5, 4), (5, 5), (5, 4), (5, 5), (5, 4), (5, 5), (5, 4), (5, 5), (5, 4), (5, 5), (5, 4), (5, 5), (5, 4), (5, 5), (5, 4), (5, 5), (5, 4), (5, 5), (5, 4), (5, 5), (5, 4), (5, 5), (5, 4), (5, 5), (5, 4), (5, 5), (5, 4), (5, 5), (5, 4), (5, 5), (5, 4), (5, 5), (5, 4), (5, 5), (5, 4), (5, 5), (5, 4), (5, 5), (5, 4), (5, 5), (5, 4), (5, 5), (5, 4), (5, 5), (5, 4), (5, 5), (5, 4), (5, 5), (5, 4), (5, 5), (5, 4), (5, 5), (5, 4), (5, 5), (5, 4), (5, 5), (5, 4), (5, 5), (5, 4), (5, 5), (5, 4), (5, 5), (5, 4), (5, 5), (5, 4), (5, 5), (5, 4), (5, 5), (5, 4), (5, 5), (5, 4), (5, 5), (5, 4), (5, 5), (5, 4), (5, 5), (5, 4), (5, 5), (5, 4), (5, 5), (5, 4), (5, 5), (5, 4)]
success=False

Episode 65100 | mean return     44.3 | success rate  54.0%
Episode 65200 | mean return    -15.4 | success rate  51.0%
Episode 65300 | mean return     43.1 | success rate  54.0%
Episode 65400 | mean return    172.2 | success rate  60.0%
Episode 65500 | mean return    -46.1 | success rate  50.0%
Episode 65600 | mean return    -85.4 | success rate  48.0%
Episode 65700 | mean return     14.1 | success rate  53.0%
Episode 65800 | mean return    308.6 | success rate  67.0%
Episode 65900 | mean return     -1.5 | success rate  52.0%
Episode 66000 | mean return    -60.2 | success rate  49.0%
phase=train, time=morning
steps=17
trajectory=[(1, 1), (2, 1), (2, 2), (3, 2), (4, 2), (5, 2), (5, 1), (6, 1), (5, 1), (5, 2), (5, 3), (4, 3), (3, 3), (2, 3), (1, 3), (1, 4), (1, 5), (1, 6)]
success=True

phase=train, time=evening
steps=21
trajectory=[(1, 1), (2, 1), (2, 2), (3, 2), (4, 2), (5, 2), (5, 3), (5, 4), (6, 4), (6, 5), (6, 6), (5, 6), (5, 5), (5, 4), (5, 3), (4, 3), (3, 3), (2, 3), (1, 3), (1, 4), (1, 5), (1, 6)]
success=True

phase=test, time=morning
steps=101
trajectory=[(1, 1), (2, 1), (2, 1), (2, 1), (2, 1), (2, 1), (2, 1), (2, 1), (2, 1), (2, 1), (2, 1), (2, 1), (2, 1), (2, 1), (2, 1), (2, 1), (2, 1), (2, 1), (2, 1), (2, 1), (2, 1), (2, 1), (2, 1), (2, 1), (2, 1), (2, 1), (2, 1), (2, 1), (2, 1), (2, 1), (2, 1), (2, 1), (2, 1), (2, 1), (2, 1), (2, 1), (2, 1), (2, 1), (2, 1), (2, 1), (2, 1), (2, 1), (2, 1), (2, 1), (2, 1), (2, 1), (2, 1), (2, 1), (2, 1), (2, 1), (2, 1), (2, 1), (2, 1), (2, 1), (2, 1), (2, 1), (2, 1), (2, 1), (2, 1), (2, 1), (2, 1), (2, 1), (2, 1), (2, 1), (2, 1), (2, 1), (2, 1), (2, 1), (2, 1), (2, 1), (2, 1), (2, 1), (2, 1), (2, 1), (2, 1), (2, 1), (2, 1), (2, 1), (2, 1), (2, 1), (2, 1), (2, 1), (2, 1), (2, 1), (2, 1), (2, 1), (2, 1), (2, 1), (2, 1), (2, 1), (2, 1), (2, 1), (2, 1), (2, 1), (2, 1), (2, 1), (2, 1), (2, 1), (2, 1), (2, 1), (2, 1), (2, 1)]
success=False

phase=test, time=evening
steps=101
trajectory=[(1, 1), (2, 1), (2, 2), (2, 3), (3, 3), (4, 3), (5, 3), (5, 4), (5, 5), (5, 4), (5, 5), (5, 4), (5, 5), (5, 4), (5, 5), (5, 4), (5, 5), (5, 4), (5, 5), (5, 4), (5, 5), (5, 4), (5, 5), (5, 4), (5, 5), (5, 4), (5, 5), (5, 4), (5, 5), (5, 4), (5, 5), (5, 4), (5, 5), (5, 4), (5, 5), (5, 4), (5, 5), (5, 4), (5, 5), (5, 4), (5, 5), (5, 4), (5, 5), (5, 4), (5, 5), (5, 4), (5, 5), (5, 4), (5, 5), (5, 4), (5, 5), (5, 4), (5, 5), (5, 4), (5, 5), (5, 4), (5, 5), (5, 4), (5, 5), (5, 4), (5, 5), (5, 4), (5, 5), (5, 4), (5, 5), (5, 4), (5, 5), (5, 4), (5, 5), (5, 4), (5, 5), (5, 4), (5, 5), (5, 4), (5, 5), (5, 4), (5, 5), (5, 4), (5, 5), (5, 4), (5, 5), (5, 4), (5, 5), (5, 4), (5, 5), (5, 4), (5, 5), (5, 4), (5, 5), (5, 4), (5, 5), (5, 4), (5, 5), (5, 4), (5, 5), (5, 4), (5, 5), (5, 4), (5, 5), (5, 4), (5, 5), (5, 4)]
success=False

Episode 66100 | mean return   -229.8 | success rate  41.0%
Episode 66200 | mean return    -85.4 | success rate  48.0%
Episode 66300 | mean return   -177.1 | success rate  43.0%
Episode 66400 | mean return      2.9 | success rate  52.0%
Episode 66500 | mean return   -394.1 | success rate  33.0%
Episode 66600 | mean return   -207.2 | success rate  42.0%
Episode 66700 | mean return    -39.0 | success rate  50.0%
Episode 66800 | mean return   -207.6 | success rate  42.0%
Episode 66900 | mean return   -187.0 | success rate  43.0%
Episode 67000 | mean return   -134.2 | success rate  45.0%
phase=train, time=morning
steps=17
trajectory=[(1, 1), (2, 1), (2, 2), (3, 2), (4, 2), (5, 2), (5, 1), (6, 1), (5, 1), (5, 2), (5, 3), (4, 3), (3, 3), (2, 3), (1, 3), (1, 4), (1, 5), (1, 6)]
success=True

phase=train, time=evening
steps=101
trajectory=[(1, 1), (1, 1), (1, 1), (1, 1), (1, 1), (1, 1), (1, 1), (1, 1), (1, 1), (1, 1), (1, 1), (1, 1), (1, 1), (1, 1), (1, 1), (1, 1), (1, 1), (1, 1), (1, 1), (1, 1), (1, 1), (1, 1), (1, 1), (1, 1), (1, 1), (1, 1), (1, 1), (1, 1), (1, 1), (1, 1), (1, 1), (1, 1), (1, 1), (1, 1), (1, 1), (1, 1), (1, 1), (1, 1), (1, 1), (1, 1), (1, 1), (1, 1), (1, 1), (1, 1), (1, 1), (1, 1), (1, 1), (1, 1), (1, 1), (1, 1), (1, 1), (1, 1), (1, 1), (1, 1), (1, 1), (1, 1), (1, 1), (1, 1), (1, 1), (1, 1), (1, 1), (1, 1), (1, 1), (1, 1), (1, 1), (1, 1), (1, 1), (1, 1), (1, 1), (1, 1), (1, 1), (1, 1), (1, 1), (1, 1), (1, 1), (1, 1), (1, 1), (1, 1), (1, 1), (1, 1), (1, 1), (1, 1), (1, 1), (1, 1), (1, 1), (1, 1), (1, 1), (1, 1), (1, 1), (1, 1), (1, 1), (1, 1), (1, 1), (1, 1), (1, 1), (1, 1), (1, 1), (1, 1), (1, 1), (1, 1), (1, 1), (1, 1)]
success=False

phase=test, time=morning
steps=101
trajectory=[(1, 1), (2, 1), (2, 1), (2, 1), (2, 1), (2, 1), (2, 1), (2, 1), (2, 1), (2, 1), (2, 1), (2, 1), (2, 1), (2, 1), (2, 1), (2, 1), (2, 1), (2, 1), (2, 1), (2, 1), (2, 1), (2, 1), (2, 1), (2, 1), (2, 1), (2, 1), (2, 1), (2, 1), (2, 1), (2, 1), (2, 1), (2, 1), (2, 1), (2, 1), (2, 1), (2, 1), (2, 1), (2, 1), (2, 1), (2, 1), (2, 1), (2, 1), (2, 1), (2, 1), (2, 1), (2, 1), (2, 1), (2, 1), (2, 1), (2, 1), (2, 1), (2, 1), (2, 1), (2, 1), (2, 1), (2, 1), (2, 1), (2, 1), (2, 1), (2, 1), (2, 1), (2, 1), (2, 1), (2, 1), (2, 1), (2, 1), (2, 1), (2, 1), (2, 1), (2, 1), (2, 1), (2, 1), (2, 1), (2, 1), (2, 1), (2, 1), (2, 1), (2, 1), (2, 1), (2, 1), (2, 1), (2, 1), (2, 1), (2, 1), (2, 1), (2, 1), (2, 1), (2, 1), (2, 1), (2, 1), (2, 1), (2, 1), (2, 1), (2, 1), (2, 1), (2, 1), (2, 1), (2, 1), (2, 1), (2, 1), (2, 1), (2, 1)]
success=False

phase=test, time=evening
steps=101
trajectory=[(1, 1), (1, 1), (1, 1), (1, 1), (1, 1), (1, 1), (1, 1), (1, 1), (1, 1), (1, 1), (1, 1), (1, 1), (1, 1), (1, 1), (1, 1), (1, 1), (1, 1), (1, 1), (1, 1), (1, 1), (1, 1), (1, 1), (1, 1), (1, 1), (1, 1), (1, 1), (1, 1), (1, 1), (1, 1), (1, 1), (1, 1), (1, 1), (1, 1), (1, 1), (1, 1), (1, 1), (1, 1), (1, 1), (1, 1), (1, 1), (1, 1), (1, 1), (1, 1), (1, 1), (1, 1), (1, 1), (1, 1), (1, 1), (1, 1), (1, 1), (1, 1), (1, 1), (1, 1), (1, 1), (1, 1), (1, 1), (1, 1), (1, 1), (1, 1), (1, 1), (1, 1), (1, 1), (1, 1), (1, 1), (1, 1), (1, 1), (1, 1), (1, 1), (1, 1), (1, 1), (1, 1), (1, 1), (1, 1), (1, 1), (1, 1), (1, 1), (1, 1), (1, 1), (1, 1), (1, 1), (1, 1), (1, 1), (1, 1), (1, 1), (1, 1), (1, 1), (1, 1), (1, 1), (1, 1), (1, 1), (1, 1), (1, 1), (1, 1), (1, 1), (1, 1), (1, 1), (1, 1), (1, 1), (1, 1), (1, 1), (1, 1), (1, 1)]
success=False

Episode 67100 | mean return   -196.7 | success rate  42.0%
Episode 67200 | mean return     43.6 | success rate  54.0%
Episode 67300 | mean return      0.0 | success rate  52.0%
Episode 67400 | mean return   -182.6 | success rate  43.0%
Episode 67500 | mean return     63.3 | success rate  55.0%
Episode 67600 | mean return    121.9 | success rate  58.0%
Episode 67700 | mean return   -227.4 | success rate  41.0%
Episode 67800 | mean return   -184.1 | success rate  43.0%
Episode 67900 | mean return   -227.7 | success rate  41.0%
Episode 68000 | mean return     70.8 | success rate  55.0%
phase=train, time=morning
steps=17
trajectory=[(1, 1), (2, 1), (2, 2), (3, 2), (4, 2), (5, 2), (5, 1), (6, 1), (5, 1), (5, 2), (5, 3), (4, 3), (3, 3), (2, 3), (1, 3), (1, 4), (1, 5), (1, 6)]
success=True

phase=train, time=evening
steps=21
trajectory=[(1, 1), (2, 1), (2, 2), (3, 2), (4, 2), (5, 2), (5, 3), (6, 3), (6, 4), (6, 5), (6, 6), (5, 6), (5, 5), (5, 4), (5, 3), (4, 3), (3, 3), (2, 3), (1, 3), (1, 4), (1, 5), (1, 6)]
success=True

phase=test, time=morning
steps=101
trajectory=[(1, 1), (2, 1), (1, 1), (2, 1), (1, 1), (2, 1), (1, 1), (2, 1), (1, 1), (2, 1), (1, 1), (2, 1), (1, 1), (2, 1), (1, 1), (2, 1), (1, 1), (2, 1), (1, 1), (2, 1), (1, 1), (2, 1), (1, 1), (2, 1), (1, 1), (2, 1), (1, 1), (2, 1), (1, 1), (2, 1), (1, 1), (2, 1), (1, 1), (2, 1), (1, 1), (2, 1), (1, 1), (2, 1), (1, 1), (2, 1), (1, 1), (2, 1), (1, 1), (2, 1), (1, 1), (2, 1), (1, 1), (2, 1), (1, 1), (2, 1), (1, 1), (2, 1), (1, 1), (2, 1), (1, 1), (2, 1), (1, 1), (2, 1), (1, 1), (2, 1), (1, 1), (2, 1), (1, 1), (2, 1), (1, 1), (2, 1), (1, 1), (2, 1), (1, 1), (2, 1), (1, 1), (2, 1), (1, 1), (2, 1), (1, 1), (2, 1), (1, 1), (2, 1), (1, 1), (2, 1), (1, 1), (2, 1), (1, 1), (2, 1), (1, 1), (2, 1), (1, 1), (2, 1), (1, 1), (2, 1), (1, 1), (2, 1), (1, 1), (2, 1), (1, 1), (2, 1), (1, 1), (2, 1), (1, 1), (2, 1), (1, 1), (2, 1)]
success=False

phase=test, time=evening
steps=19
trajectory=[(1, 1), (2, 1), (2, 2), (2, 3), (3, 3), (4, 3), (5, 3), (5, 4), (6, 4), (6, 5), (6, 6), (5, 6), (5, 5), (5, 4), (4, 4), (3, 4), (2, 4), (1, 4), (1, 5), (1, 6)]
success=True

Episode 68100 | mean return     42.8 | success rate  54.0%
Episode 68200 | mean return    -98.7 | success rate  47.0%
Episode 68300 | mean return    125.2 | success rate  58.0%
Episode 68400 | mean return   -146.1 | success rate  45.0%
Episode 68500 | mean return   -144.4 | success rate  45.0%
Episode 68600 | mean return   -163.8 | success rate  44.0%
Episode 68700 | mean return   -247.3 | success rate  40.0%
Episode 68800 | mean return   -311.2 | success rate  37.0%
Episode 68900 | mean return     33.6 | success rate  54.0%
Episode 69000 | mean return    136.5 | success rate  59.0%
phase=train, time=morning
steps=101
trajectory=[(1, 1), (2, 1), (2, 2), (3, 2), (4, 2), (5, 2), (5, 1), (6, 1), (6, 1), (6, 1), (6, 1), (6, 1), (6, 1), (6, 1), (6, 1), (6, 1), (6, 1), (6, 1), (6, 1), (6, 1), (6, 1), (6, 1), (6, 1), (6, 1), (6, 1), (6, 1), (6, 1), (6, 1), (6, 1), (6, 1), (6, 1), (6, 1), (6, 1), (6, 1), (6, 1), (6, 1), (6, 1), (6, 1), (6, 1), (6, 1), (6, 1), (6, 1), (6, 1), (6, 1), (6, 1), (6, 1), (6, 1), (6, 1), (6, 1), (6, 1), (6, 1), (6, 1), (6, 1), (6, 1), (6, 1), (6, 1), (6, 1), (6, 1), (6, 1), (6, 1), (6, 1), (6, 1), (6, 1), (6, 1), (6, 1), (6, 1), (6, 1), (6, 1), (6, 1), (6, 1), (6, 1), (6, 1), (6, 1), (6, 1), (6, 1), (6, 1), (6, 1), (6, 1), (6, 1), (6, 1), (6, 1), (6, 1), (6, 1), (6, 1), (6, 1), (6, 1), (6, 1), (6, 1), (6, 1), (6, 1), (6, 1), (6, 1), (6, 1), (6, 1), (6, 1), (6, 1), (6, 1), (6, 1), (6, 1), (6, 1), (6, 1), (6, 1)]
success=False

phase=train, time=evening
steps=101
trajectory=[(1, 1), (2, 1), (2, 2), (2, 3), (3, 3), (4, 3), (5, 3), (6, 3), (6, 4), (6, 5), (6, 6), (6, 5), (5, 5), (5, 4), (5, 3), (5, 2), (4, 2), (3, 2), (2, 2), (2, 3), (2, 4), (2, 5), (2, 4), (2, 5), (2, 4), (2, 5), (2, 4), (2, 5), (2, 4), (2, 5), (2, 4), (2, 5), (2, 4), (2, 5), (2, 4), (2, 5), (2, 4), (2, 5), (2, 4), (2, 5), (2, 4), (2, 5), (2, 4), (2, 5), (2, 4), (2, 5), (2, 4), (2, 5), (2, 4), (2, 5), (2, 4), (2, 5), (2, 4), (2, 5), (2, 4), (2, 5), (2, 4), (2, 5), (2, 4), (2, 5), (2, 4), (2, 5), (2, 4), (2, 5), (2, 4), (2, 5), (2, 4), (2, 5), (2, 4), (2, 5), (2, 4), (2, 5), (2, 4), (2, 5), (2, 4), (2, 5), (2, 4), (2, 5), (2, 4), (2, 5), (2, 4), (2, 5), (2, 4), (2, 5), (2, 4), (2, 5), (2, 4), (2, 5), (2, 4), (2, 5), (2, 4), (2, 5), (2, 4), (2, 5), (2, 4), (2, 5), (2, 4), (2, 5), (2, 4), (2, 5), (2, 4), (2, 5)]
success=False

phase=test, time=morning
steps=101
trajectory=[(1, 1), (2, 1), (1, 1), (2, 1), (1, 1), (2, 1), (1, 1), (2, 1), (1, 1), (2, 1), (1, 1), (2, 1), (1, 1), (2, 1), (1, 1), (2, 1), (1, 1), (2, 1), (1, 1), (2, 1), (1, 1), (2, 1), (1, 1), (2, 1), (1, 1), (2, 1), (1, 1), (2, 1), (1, 1), (2, 1), (1, 1), (2, 1), (1, 1), (2, 1), (1, 1), (2, 1), (1, 1), (2, 1), (1, 1), (2, 1), (1, 1), (2, 1), (1, 1), (2, 1), (1, 1), (2, 1), (1, 1), (2, 1), (1, 1), (2, 1), (1, 1), (2, 1), (1, 1), (2, 1), (1, 1), (2, 1), (1, 1), (2, 1), (1, 1), (2, 1), (1, 1), (2, 1), (1, 1), (2, 1), (1, 1), (2, 1), (1, 1), (2, 1), (1, 1), (2, 1), (1, 1), (2, 1), (1, 1), (2, 1), (1, 1), (2, 1), (1, 1), (2, 1), (1, 1), (2, 1), (1, 1), (2, 1), (1, 1), (2, 1), (1, 1), (2, 1), (1, 1), (2, 1), (1, 1), (2, 1), (1, 1), (2, 1), (1, 1), (2, 1), (1, 1), (2, 1), (1, 1), (2, 1), (1, 1), (2, 1), (1, 1), (2, 1)]
success=False

phase=test, time=evening
steps=101
trajectory=[(1, 1), (2, 1), (2, 2), (2, 3), (2, 4), (3, 4), (4, 4), (5, 4), (6, 4), (6, 5), (6, 6), (6, 5), (5, 5), (5, 4), (5, 3), (4, 3), (3, 3), (2, 3), (2, 4), (2, 5), (2, 4), (2, 5), (2, 4), (2, 5), (2, 4), (2, 5), (2, 4), (2, 5), (2, 4), (2, 5), (2, 4), (2, 5), (2, 4), (2, 5), (2, 4), (2, 5), (2, 4), (2, 5), (2, 4), (2, 5), (2, 4), (2, 5), (2, 4), (2, 5), (2, 4), (2, 5), (2, 4), (2, 5), (2, 4), (2, 5), (2, 4), (2, 5), (2, 4), (2, 5), (2, 4), (2, 5), (2, 4), (2, 5), (2, 4), (2, 5), (2, 4), (2, 5), (2, 4), (2, 5), (2, 4), (2, 5), (2, 4), (2, 5), (2, 4), (2, 5), (2, 4), (2, 5), (2, 4), (2, 5), (2, 4), (2, 5), (2, 4), (2, 5), (2, 4), (2, 5), (2, 4), (2, 5), (2, 4), (2, 5), (2, 4), (2, 5), (2, 4), (2, 5), (2, 4), (2, 5), (2, 4), (2, 5), (2, 4), (2, 5), (2, 4), (2, 5), (2, 4), (2, 5), (2, 4), (2, 5), (2, 4), (2, 5)]
success=False

Episode 69100 | mean return   -321.0 | success rate  37.0%
Episode 69200 | mean return     23.4 | success rate  53.0%
Episode 69300 | mean return   -168.2 | success rate  44.0%
Episode 69400 | mean return   -321.4 | success rate  37.0%
Episode 69500 | mean return     23.9 | success rate  53.0%
Episode 69600 | mean return     99.4 | success rate  57.0%
Episode 69700 | mean return   -401.2 | success rate  33.0%
Episode 69800 | mean return   -245.5 | success rate  40.0%
Episode 69900 | mean return    -54.1 | success rate  50.0%
Episode 70000 | mean return    101.9 | success rate  57.0%
phase=train, time=morning
steps=101
trajectory=[(1, 1), (2, 1), (2, 2), (3, 2), (4, 2), (5, 2), (5, 1), (6, 1), (5, 1), (5, 2), (6, 2), (5, 2), (6, 2), (5, 2), (6, 2), (5, 2), (6, 2), (5, 2), (6, 2), (5, 2), (6, 2), (5, 2), (6, 2), (5, 2), (6, 2), (5, 2), (6, 2), (5, 2), (6, 2), (5, 2), (6, 2), (5, 2), (6, 2), (5, 2), (6, 2), (5, 2), (6, 2), (5, 2), (6, 2), (5, 2), (6, 2), (5, 2), (6, 2), (5, 2), (6, 2), (5, 2), (6, 2), (5, 2), (6, 2), (5, 2), (6, 2), (5, 2), (6, 2), (5, 2), (6, 2), (5, 2), (6, 2), (5, 2), (6, 2), (5, 2), (6, 2), (5, 2), (6, 2), (5, 2), (6, 2), (5, 2), (6, 2), (5, 2), (6, 2), (5, 2), (6, 2), (5, 2), (6, 2), (5, 2), (6, 2), (5, 2), (6, 2), (5, 2), (6, 2), (5, 2), (6, 2), (5, 2), (6, 2), (5, 2), (6, 2), (5, 2), (6, 2), (5, 2), (6, 2), (5, 2), (6, 2), (5, 2), (6, 2), (5, 2), (6, 2), (5, 2), (6, 2), (5, 2), (6, 2), (5, 2), (6, 2), (5, 2)]
success=False

phase=train, time=evening
steps=101
trajectory=[(1, 1), (2, 1), (2, 2), (3, 2), (4, 2), (5, 2), (6, 2), (6, 3), (6, 4), (6, 5), (6, 6), (5, 6), (5, 5), (5, 4), (5, 3), (4, 3), (3, 3), (2, 3), (1, 3), (2, 3), (1, 3), (2, 3), (1, 3), (2, 3), (1, 3), (2, 3), (1, 3), (2, 3), (1, 3), (2, 3), (1, 3), (2, 3), (1, 3), (2, 3), (1, 3), (2, 3), (1, 3), (2, 3), (1, 3), (2, 3), (1, 3), (2, 3), (1, 3), (2, 3), (1, 3), (2, 3), (1, 3), (2, 3), (1, 3), (2, 3), (1, 3), (2, 3), (1, 3), (2, 3), (1, 3), (2, 3), (1, 3), (2, 3), (1, 3), (2, 3), (1, 3), (2, 3), (1, 3), (2, 3), (1, 3), (2, 3), (1, 3), (2, 3), (1, 3), (2, 3), (1, 3), (2, 3), (1, 3), (2, 3), (1, 3), (2, 3), (1, 3), (2, 3), (1, 3), (2, 3), (1, 3), (2, 3), (1, 3), (2, 3), (1, 3), (2, 3), (1, 3), (2, 3), (1, 3), (2, 3), (1, 3), (2, 3), (1, 3), (2, 3), (1, 3), (2, 3), (1, 3), (2, 3), (1, 3), (2, 3), (1, 3), (2, 3)]
success=False

phase=test, time=morning
steps=101
trajectory=[(1, 1), (2, 1), (1, 1), (2, 1), (1, 1), (2, 1), (1, 1), (2, 1), (1, 1), (2, 1), (1, 1), (2, 1), (1, 1), (2, 1), (1, 1), (2, 1), (1, 1), (2, 1), (1, 1), (2, 1), (1, 1), (2, 1), (1, 1), (2, 1), (1, 1), (2, 1), (1, 1), (2, 1), (1, 1), (2, 1), (1, 1), (2, 1), (1, 1), (2, 1), (1, 1), (2, 1), (1, 1), (2, 1), (1, 1), (2, 1), (1, 1), (2, 1), (1, 1), (2, 1), (1, 1), (2, 1), (1, 1), (2, 1), (1, 1), (2, 1), (1, 1), (2, 1), (1, 1), (2, 1), (1, 1), (2, 1), (1, 1), (2, 1), (1, 1), (2, 1), (1, 1), (2, 1), (1, 1), (2, 1), (1, 1), (2, 1), (1, 1), (2, 1), (1, 1), (2, 1), (1, 1), (2, 1), (1, 1), (2, 1), (1, 1), (2, 1), (1, 1), (2, 1), (1, 1), (2, 1), (1, 1), (2, 1), (1, 1), (2, 1), (1, 1), (2, 1), (1, 1), (2, 1), (1, 1), (2, 1), (1, 1), (2, 1), (1, 1), (2, 1), (1, 1), (2, 1), (1, 1), (2, 1), (1, 1), (2, 1), (1, 1), (2, 1)]
success=False

phase=test, time=evening
steps=101
trajectory=[(1, 1), (2, 1), (2, 2), (1, 2), (2, 2), (1, 2), (2, 2), (1, 2), (2, 2), (1, 2), (2, 2), (1, 2), (2, 2), (1, 2), (2, 2), (1, 2), (2, 2), (1, 2), (2, 2), (1, 2), (2, 2), (1, 2), (2, 2), (1, 2), (2, 2), (1, 2), (2, 2), (1, 2), (2, 2), (1, 2), (2, 2), (1, 2), (2, 2), (1, 2), (2, 2), (1, 2), (2, 2), (1, 2), (2, 2), (1, 2), (2, 2), (1, 2), (2, 2), (1, 2), (2, 2), (1, 2), (2, 2), (1, 2), (2, 2), (1, 2), (2, 2), (1, 2), (2, 2), (1, 2), (2, 2), (1, 2), (2, 2), (1, 2), (2, 2), (1, 2), (2, 2), (1, 2), (2, 2), (1, 2), (2, 2), (1, 2), (2, 2), (1, 2), (2, 2), (1, 2), (2, 2), (1, 2), (2, 2), (1, 2), (2, 2), (1, 2), (2, 2), (1, 2), (2, 2), (1, 2), (2, 2), (1, 2), (2, 2), (1, 2), (2, 2), (1, 2), (2, 2), (1, 2), (2, 2), (1, 2), (2, 2), (1, 2), (2, 2), (1, 2), (2, 2), (1, 2), (2, 2), (1, 2), (2, 2), (1, 2), (2, 2), (1, 2)]
success=False

Episode 70100 | mean return   -220.5 | success rate  42.0%
Episode 70200 | mean return   -246.2 | success rate  41.0%
Episode 70300 | mean return    -25.1 | success rate  51.0%
Episode 70400 | mean return   -139.6 | success rate  45.0%
Episode 70500 | mean return     69.8 | success rate  55.0%
Episode 70600 | mean return   -344.0 | success rate  35.0%
Episode 70700 | mean return   -179.8 | success rate  43.0%
Episode 70800 | mean return    -46.9 | success rate  50.0%
Episode 70900 | mean return    -37.9 | success rate  50.0%
Episode 71000 | mean return   -158.8 | success rate  44.0%
phase=train, time=morning
steps=17
trajectory=[(1, 1), (2, 1), (2, 2), (3, 2), (4, 2), (5, 2), (5, 1), (6, 1), (5, 1), (5, 2), (5, 3), (4, 3), (3, 3), (2, 3), (1, 3), (1, 4), (1, 5), (1, 6)]
success=True

phase=train, time=evening
steps=101
trajectory=[(1, 1), (2, 1), (2, 2), (3, 2), (4, 2), (5, 2), (6, 2), (6, 3), (6, 4), (6, 5), (6, 6), (6, 6), (6, 6), (6, 6), (6, 6), (6, 6), (6, 6), (6, 6), (6, 6), (6, 6), (6, 6), (6, 6), (6, 6), (6, 6), (6, 6), (6, 6), (6, 6), (6, 6), (6, 6), (6, 6), (6, 6), (6, 6), (6, 6), (6, 6), (6, 6), (6, 6), (6, 6), (6, 6), (6, 6), (6, 6), (6, 6), (6, 6), (6, 6), (6, 6), (6, 6), (6, 6), (6, 6), (6, 6), (6, 6), (6, 6), (6, 6), (6, 6), (6, 6), (6, 6), (6, 6), (6, 6), (6, 6), (6, 6), (6, 6), (6, 6), (6, 6), (6, 6), (6, 6), (6, 6), (6, 6), (6, 6), (6, 6), (6, 6), (6, 6), (6, 6), (6, 6), (6, 6), (6, 6), (6, 6), (6, 6), (6, 6), (6, 6), (6, 6), (6, 6), (6, 6), (6, 6), (6, 6), (6, 6), (6, 6), (6, 6), (6, 6), (6, 6), (6, 6), (6, 6), (6, 6), (6, 6), (6, 6), (6, 6), (6, 6), (6, 6), (6, 6), (6, 6), (6, 6), (6, 6), (6, 6), (6, 6), (6, 6)]
success=False

phase=test, time=morning
steps=101
trajectory=[(1, 1), (2, 1), (1, 1), (2, 1), (1, 1), (2, 1), (1, 1), (2, 1), (1, 1), (2, 1), (1, 1), (2, 1), (1, 1), (2, 1), (1, 1), (2, 1), (1, 1), (2, 1), (1, 1), (2, 1), (1, 1), (2, 1), (1, 1), (2, 1), (1, 1), (2, 1), (1, 1), (2, 1), (1, 1), (2, 1), (1, 1), (2, 1), (1, 1), (2, 1), (1, 1), (2, 1), (1, 1), (2, 1), (1, 1), (2, 1), (1, 1), (2, 1), (1, 1), (2, 1), (1, 1), (2, 1), (1, 1), (2, 1), (1, 1), (2, 1), (1, 1), (2, 1), (1, 1), (2, 1), (1, 1), (2, 1), (1, 1), (2, 1), (1, 1), (2, 1), (1, 1), (2, 1), (1, 1), (2, 1), (1, 1), (2, 1), (1, 1), (2, 1), (1, 1), (2, 1), (1, 1), (2, 1), (1, 1), (2, 1), (1, 1), (2, 1), (1, 1), (2, 1), (1, 1), (2, 1), (1, 1), (2, 1), (1, 1), (2, 1), (1, 1), (2, 1), (1, 1), (2, 1), (1, 1), (2, 1), (1, 1), (2, 1), (1, 1), (2, 1), (1, 1), (2, 1), (1, 1), (2, 1), (1, 1), (2, 1), (1, 1), (2, 1)]
success=False

phase=test, time=evening
steps=101
trajectory=[(1, 1), (2, 1), (2, 2), (2, 3), (3, 3), (4, 3), (5, 3), (6, 3), (6, 4), (6, 5), (6, 6), (6, 6), (6, 6), (6, 6), (6, 6), (6, 6), (6, 6), (6, 6), (6, 6), (6, 6), (6, 6), (6, 6), (6, 6), (6, 6), (6, 6), (6, 6), (6, 6), (6, 6), (6, 6), (6, 6), (6, 6), (6, 6), (6, 6), (6, 6), (6, 6), (6, 6), (6, 6), (6, 6), (6, 6), (6, 6), (6, 6), (6, 6), (6, 6), (6, 6), (6, 6), (6, 6), (6, 6), (6, 6), (6, 6), (6, 6), (6, 6), (6, 6), (6, 6), (6, 6), (6, 6), (6, 6), (6, 6), (6, 6), (6, 6), (6, 6), (6, 6), (6, 6), (6, 6), (6, 6), (6, 6), (6, 6), (6, 6), (6, 6), (6, 6), (6, 6), (6, 6), (6, 6), (6, 6), (6, 6), (6, 6), (6, 6), (6, 6), (6, 6), (6, 6), (6, 6), (6, 6), (6, 6), (6, 6), (6, 6), (6, 6), (6, 6), (6, 6), (6, 6), (6, 6), (6, 6), (6, 6), (6, 6), (6, 6), (6, 6), (6, 6), (6, 6), (6, 6), (6, 6), (6, 6), (6, 6), (6, 6), (6, 6)]
success=False

Episode 71100 | mean return   -207.5 | success rate  42.0%
Episode 71200 | mean return   -318.8 | success rate  37.0%
Episode 71300 | mean return     34.4 | success rate  54.0%
Episode 71400 | mean return    183.0 | success rate  61.0%
Episode 71500 | mean return   -172.3 | success rate  44.0%
Episode 71600 | mean return   -145.1 | success rate  45.0%
Episode 71700 | mean return     17.9 | success rate  53.0%
Episode 71800 | mean return    123.2 | success rate  58.0%
No existing weights found. Training from scratch.
Episode   100 | mean return  -1018.5 | success rate   0.0%
Episode   200 | mean return  -1017.4 | success rate   0.0%
Episode   300 | mean return  -1019.1 | success rate   0.0%
Episode   400 | mean return  -1018.6 | success rate   0.0%
Episode   500 | mean return  -1020.4 | success rate   0.0%
Episode   600 | mean return  -1016.6 | success rate   0.0%
Episode   700 | mean return  -1018.9 | success rate   0.0%
Episode   800 | mean return  -1021.2 | success rate   0.0%
Episode   900 | mean return  -1022.4 | success rate   0.0%
Episode  1000 | mean return  -1022.0 | success rate   0.0%
phase=train, time=morning
steps=101
trajectory=[(1, 1), (2, 1), (2, 2), (2, 3), (2, 2), (2, 3), (2, 2), (2, 3), (2, 2), (2, 3), (2, 2), (2, 3), (2, 2), (2, 3), (2, 2), (2, 3), (2, 2), (2, 3), (2, 2), (2, 3), (2, 2), (2, 3), (2, 2), (2, 3), (2, 2), (2, 3), (2, 2), (2, 3), (2, 2), (2, 3), (2, 2), (2, 3), (2, 2), (2, 3), (2, 2), (2, 3), (2, 2), (2, 3), (2, 2), (2, 3), (2, 2), (2, 3), (2, 2), (2, 3), (2, 2), (2, 3), (2, 2), (2, 3), (2, 2), (2, 3), (2, 2), (2, 3), (2, 2), (2, 3), (2, 2), (2, 3), (2, 2), (2, 3), (2, 2), (2, 3), (2, 2), (2, 3), (2, 2), (2, 3), (2, 2), (2, 3), (2, 2), (2, 3), (2, 2), (2, 3), (2, 2), (2, 3), (2, 2), (2, 3), (2, 2), (2, 3), (2, 2), (2, 3), (2, 2), (2, 3), (2, 2), (2, 3), (2, 2), (2, 3), (2, 2), (2, 3), (2, 2), (2, 3), (2, 2), (2, 3), (2, 2), (2, 3), (2, 2), (2, 3), (2, 2), (2, 3), (2, 2), (2, 3), (2, 2), (2, 3), (2, 2), (2, 3)]
success=False

phase=train, time=evening
steps=101
trajectory=[(1, 1), (1, 1), (1, 1), (1, 1), (1, 1), (1, 1), (1, 1), (1, 1), (1, 1), (1, 1), (1, 1), (1, 1), (1, 1), (1, 1), (1, 1), (1, 1), (1, 1), (1, 1), (1, 1), (1, 1), (1, 1), (1, 1), (1, 1), (1, 1), (1, 1), (1, 1), (1, 1), (1, 1), (1, 1), (1, 1), (1, 1), (1, 1), (1, 1), (1, 1), (1, 1), (1, 1), (1, 1), (1, 1), (1, 1), (1, 1), (1, 1), (1, 1), (1, 1), (1, 1), (1, 1), (1, 1), (1, 1), (1, 1), (1, 1), (1, 1), (1, 1), (1, 1), (1, 1), (1, 1), (1, 1), (1, 1), (1, 1), (1, 1), (1, 1), (1, 1), (1, 1), (1, 1), (1, 1), (1, 1), (1, 1), (1, 1), (1, 1), (1, 1), (1, 1), (1, 1), (1, 1), (1, 1), (1, 1), (1, 1), (1, 1), (1, 1), (1, 1), (1, 1), (1, 1), (1, 1), (1, 1), (1, 1), (1, 1), (1, 1), (1, 1), (1, 1), (1, 1), (1, 1), (1, 1), (1, 1), (1, 1), (1, 1), (1, 1), (1, 1), (1, 1), (1, 1), (1, 1), (1, 1), (1, 1), (1, 1), (1, 1), (1, 1)]
success=False

phase=test, time=morning
steps=101
trajectory=[(1, 1), (2, 1), (2, 2), (1, 2), (1, 1), (2, 1), (2, 2), (1, 2), (1, 1), (2, 1), (2, 2), (1, 2), (1, 1), (2, 1), (2, 2), (1, 2), (1, 1), (2, 1), (2, 2), (1, 2), (1, 1), (2, 1), (2, 2), (1, 2), (1, 1), (2, 1), (2, 2), (1, 2), (1, 1), (2, 1), (2, 2), (1, 2), (1, 1), (2, 1), (2, 2), (1, 2), (1, 1), (2, 1), (2, 2), (1, 2), (1, 1), (2, 1), (2, 2), (1, 2), (1, 1), (2, 1), (2, 2), (1, 2), (1, 1), (2, 1), (2, 2), (1, 2), (1, 1), (2, 1), (2, 2), (1, 2), (1, 1), (2, 1), (2, 2), (1, 2), (1, 1), (2, 1), (2, 2), (1, 2), (1, 1), (2, 1), (2, 2), (1, 2), (1, 1), (2, 1), (2, 2), (1, 2), (1, 1), (2, 1), (2, 2), (1, 2), (1, 1), (2, 1), (2, 2), (1, 2), (1, 1), (2, 1), (2, 2), (1, 2), (1, 1), (2, 1), (2, 2), (1, 2), (1, 1), (2, 1), (2, 2), (1, 2), (1, 1), (2, 1), (2, 2), (1, 2), (1, 1), (2, 1), (2, 2), (1, 2), (1, 1), (2, 1)]
success=False

phase=test, time=evening
steps=101
trajectory=[(1, 1), (1, 1), (1, 1), (1, 1), (1, 1), (1, 1), (1, 1), (1, 1), (1, 1), (1, 1), (1, 1), (1, 1), (1, 1), (1, 1), (1, 1), (1, 1), (1, 1), (1, 1), (1, 1), (1, 1), (1, 1), (1, 1), (1, 1), (1, 1), (1, 1), (1, 1), (1, 1), (1, 1), (1, 1), (1, 1), (1, 1), (1, 1), (1, 1), (1, 1), (1, 1), (1, 1), (1, 1), (1, 1), (1, 1), (1, 1), (1, 1), (1, 1), (1, 1), (1, 1), (1, 1), (1, 1), (1, 1), (1, 1), (1, 1), (1, 1), (1, 1), (1, 1), (1, 1), (1, 1), (1, 1), (1, 1), (1, 1), (1, 1), (1, 1), (1, 1), (1, 1), (1, 1), (1, 1), (1, 1), (1, 1), (1, 1), (1, 1), (1, 1), (1, 1), (1, 1), (1, 1), (1, 1), (1, 1), (1, 1), (1, 1), (1, 1), (1, 1), (1, 1), (1, 1), (1, 1), (1, 1), (1, 1), (1, 1), (1, 1), (1, 1), (1, 1), (1, 1), (1, 1), (1, 1), (1, 1), (1, 1), (1, 1), (1, 1), (1, 1), (1, 1), (1, 1), (1, 1), (1, 1), (1, 1), (1, 1), (1, 1), (1, 1)]
success=False

Episode  1100 | mean return  -1025.2 | success rate   0.0%
Episode  1200 | mean return  -1000.9 | success rate   1.0%
Episode  1300 | mean return  -1028.1 | success rate   0.0%
Episode  1400 | mean return  -1028.1 | success rate   0.0%
Episode  1500 | mean return  -1030.8 | success rate   0.0%
Episode  1600 | mean return  -1020.0 | success rate   1.0%
Episode  1700 | mean return  -1037.7 | success rate   0.0%
Episode  1800 | mean return  -1015.9 | success rate   1.0%
Episode  1900 | mean return   -937.2 | success rate   5.0%
Episode  2000 | mean return   -903.3 | success rate   7.0%
phase=train, time=morning
steps=101
trajectory=[(1, 1), (2, 1), (2, 2), (2, 3), (2, 2), (2, 3), (2, 2), (2, 3), (2, 2), (2, 3), (2, 2), (2, 3), (2, 2), (2, 3), (2, 2), (2, 3), (2, 2), (2, 3), (2, 2), (2, 3), (2, 2), (2, 3), (2, 2), (2, 3), (2, 2), (2, 3), (2, 2), (2, 3), (2, 2), (2, 3), (2, 2), (2, 3), (2, 2), (2, 3), (2, 2), (2, 3), (2, 2), (2, 3), (2, 2), (2, 3), (2, 2), (2, 3), (2, 2), (2, 3), (2, 2), (2, 3), (2, 2), (2, 3), (2, 2), (2, 3), (2, 2), (2, 3), (2, 2), (2, 3), (2, 2), (2, 3), (2, 2), (2, 3), (2, 2), (2, 3), (2, 2), (2, 3), (2, 2), (2, 3), (2, 2), (2, 3), (2, 2), (2, 3), (2, 2), (2, 3), (2, 2), (2, 3), (2, 2), (2, 3), (2, 2), (2, 3), (2, 2), (2, 3), (2, 2), (2, 3), (2, 2), (2, 3), (2, 2), (2, 3), (2, 2), (2, 3), (2, 2), (2, 3), (2, 2), (2, 3), (2, 2), (2, 3), (2, 2), (2, 3), (2, 2), (2, 3), (2, 2), (2, 3), (2, 2), (2, 3), (2, 2), (2, 3)]
success=False

phase=train, time=evening
steps=101
trajectory=[(1, 1), (1, 2), (1, 1), (1, 2), (1, 1), (1, 2), (1, 1), (1, 2), (1, 1), (1, 2), (1, 1), (1, 2), (1, 1), (1, 2), (1, 1), (1, 2), (1, 1), (1, 2), (1, 1), (1, 2), (1, 1), (1, 2), (1, 1), (1, 2), (1, 1), (1, 2), (1, 1), (1, 2), (1, 1), (1, 2), (1, 1), (1, 2), (1, 1), (1, 2), (1, 1), (1, 2), (1, 1), (1, 2), (1, 1), (1, 2), (1, 1), (1, 2), (1, 1), (1, 2), (1, 1), (1, 2), (1, 1), (1, 2), (1, 1), (1, 2), (1, 1), (1, 2), (1, 1), (1, 2), (1, 1), (1, 2), (1, 1), (1, 2), (1, 1), (1, 2), (1, 1), (1, 2), (1, 1), (1, 2), (1, 1), (1, 2), (1, 1), (1, 2), (1, 1), (1, 2), (1, 1), (1, 2), (1, 1), (1, 2), (1, 1), (1, 2), (1, 1), (1, 2), (1, 1), (1, 2), (1, 1), (1, 2), (1, 1), (1, 2), (1, 1), (1, 2), (1, 1), (1, 2), (1, 1), (1, 2), (1, 1), (1, 2), (1, 1), (1, 2), (1, 1), (1, 2), (1, 1), (1, 2), (1, 1), (1, 2), (1, 1), (1, 2)]
success=False

phase=test, time=morning
steps=101
trajectory=[(1, 1), (2, 1), (2, 2), (1, 2), (1, 2), (1, 2), (1, 2), (1, 2), (1, 2), (1, 2), (1, 2), (1, 2), (1, 2), (1, 2), (1, 2), (1, 2), (1, 2), (1, 2), (1, 2), (1, 2), (1, 2), (1, 2), (1, 2), (1, 2), (1, 2), (1, 2), (1, 2), (1, 2), (1, 2), (1, 2), (1, 2), (1, 2), (1, 2), (1, 2), (1, 2), (1, 2), (1, 2), (1, 2), (1, 2), (1, 2), (1, 2), (1, 2), (1, 2), (1, 2), (1, 2), (1, 2), (1, 2), (1, 2), (1, 2), (1, 2), (1, 2), (1, 2), (1, 2), (1, 2), (1, 2), (1, 2), (1, 2), (1, 2), (1, 2), (1, 2), (1, 2), (1, 2), (1, 2), (1, 2), (1, 2), (1, 2), (1, 2), (1, 2), (1, 2), (1, 2), (1, 2), (1, 2), (1, 2), (1, 2), (1, 2), (1, 2), (1, 2), (1, 2), (1, 2), (1, 2), (1, 2), (1, 2), (1, 2), (1, 2), (1, 2), (1, 2), (1, 2), (1, 2), (1, 2), (1, 2), (1, 2), (1, 2), (1, 2), (1, 2), (1, 2), (1, 2), (1, 2), (1, 2), (1, 2), (1, 2), (1, 2), (1, 2)]
success=False

phase=test, time=evening
steps=101
trajectory=[(1, 1), (1, 2), (1, 1), (1, 2), (1, 1), (1, 2), (1, 1), (1, 2), (1, 1), (1, 2), (1, 1), (1, 2), (1, 1), (1, 2), (1, 1), (1, 2), (1, 1), (1, 2), (1, 1), (1, 2), (1, 1), (1, 2), (1, 1), (1, 2), (1, 1), (1, 2), (1, 1), (1, 2), (1, 1), (1, 2), (1, 1), (1, 2), (1, 1), (1, 2), (1, 1), (1, 2), (1, 1), (1, 2), (1, 1), (1, 2), (1, 1), (1, 2), (1, 1), (1, 2), (1, 1), (1, 2), (1, 1), (1, 2), (1, 1), (1, 2), (1, 1), (1, 2), (1, 1), (1, 2), (1, 1), (1, 2), (1, 1), (1, 2), (1, 1), (1, 2), (1, 1), (1, 2), (1, 1), (1, 2), (1, 1), (1, 2), (1, 1), (1, 2), (1, 1), (1, 2), (1, 1), (1, 2), (1, 1), (1, 2), (1, 1), (1, 2), (1, 1), (1, 2), (1, 1), (1, 2), (1, 1), (1, 2), (1, 1), (1, 2), (1, 1), (1, 2), (1, 1), (1, 2), (1, 1), (1, 2), (1, 1), (1, 2), (1, 1), (1, 2), (1, 1), (1, 2), (1, 1), (1, 2), (1, 1), (1, 2), (1, 1), (1, 2)]
success=False

Episode  2100 | mean return   -872.3 | success rate   9.0%
Episode  2200 | mean return   -720.9 | success rate  17.0%
Episode  2300 | mean return   -532.3 | success rate  26.0%
Episode  2400 | mean return   -333.5 | success rate  36.0%
Episode  2500 | mean return   -223.8 | success rate  41.0%
Episode  2600 | mean return   -184.4 | success rate  43.0%
Episode  2700 | mean return    -78.8 | success rate  48.0%
Episode  2800 | mean return   -312.9 | success rate  36.0%
Episode  2900 | mean return   -146.2 | success rate  45.0%
Episode  3000 | mean return   -117.1 | success rate  46.0%
phase=train, time=morning
steps=17
trajectory=[(1, 1), (2, 1), (2, 2), (3, 2), (4, 2), (5, 2), (5, 1), (6, 1), (5, 1), (5, 2), (5, 3), (4, 3), (3, 3), (2, 3), (2, 4), (2, 5), (1, 5), (1, 6)]
success=True

phase=train, time=evening
steps=101
trajectory=[(1, 1), (2, 1), (2, 2), (3, 2), (4, 2), (5, 2), (5, 1), (5, 2), (5, 1), (5, 2), (5, 1), (5, 2), (5, 1), (5, 2), (5, 1), (5, 2), (5, 1), (5, 2), (5, 1), (5, 2), (5, 1), (5, 2), (5, 1), (5, 2), (5, 1), (5, 2), (5, 1), (5, 2), (5, 1), (5, 2), (5, 1), (5, 2), (5, 1), (5, 2), (5, 1), (5, 2), (5, 1), (5, 2), (5, 1), (5, 2), (5, 1), (5, 2), (5, 1), (5, 2), (5, 1), (5, 2), (5, 1), (5, 2), (5, 1), (5, 2), (5, 1), (5, 2), (5, 1), (5, 2), (5, 1), (5, 2), (5, 1), (5, 2), (5, 1), (5, 2), (5, 1), (5, 2), (5, 1), (5, 2), (5, 1), (5, 2), (5, 1), (5, 2), (5, 1), (5, 2), (5, 1), (5, 2), (5, 1), (5, 2), (5, 1), (5, 2), (5, 1), (5, 2), (5, 1), (5, 2), (5, 1), (5, 2), (5, 1), (5, 2), (5, 1), (5, 2), (5, 1), (5, 2), (5, 1), (5, 2), (5, 1), (5, 2), (5, 1), (5, 2), (5, 1), (5, 2), (5, 1), (5, 2), (5, 1), (5, 2), (5, 1), (5, 2)]
success=False

phase=test, time=morning
steps=19
trajectory=[(1, 1), (2, 1), (2, 2), (2, 3), (3, 3), (4, 3), (5, 3), (5, 2), (6, 2), (6, 1), (5, 1), (5, 2), (5, 3), (5, 4), (4, 4), (3, 4), (2, 4), (2, 5), (1, 5), (1, 6)]
success=True

phase=test, time=evening
steps=101
trajectory=[(1, 1), (2, 1), (2, 2), (2, 3), (3, 3), (4, 3), (5, 3), (5, 2), (6, 2), (6, 3), (6, 4), (6, 5), (6, 6), (6, 5), (6, 4), (6, 3), (6, 2), (6, 1), (6, 2), (6, 1), (6, 2), (6, 1), (6, 2), (6, 1), (6, 2), (6, 1), (6, 2), (6, 1), (6, 2), (6, 1), (6, 2), (6, 1), (6, 2), (6, 1), (6, 2), (6, 1), (6, 2), (6, 1), (6, 2), (6, 1), (6, 2), (6, 1), (6, 2), (6, 1), (6, 2), (6, 1), (6, 2), (6, 1), (6, 2), (6, 1), (6, 2), (6, 1), (6, 2), (6, 1), (6, 2), (6, 1), (6, 2), (6, 1), (6, 2), (6, 1), (6, 2), (6, 1), (6, 2), (6, 1), (6, 2), (6, 1), (6, 2), (6, 1), (6, 2), (6, 1), (6, 2), (6, 1), (6, 2), (6, 1), (6, 2), (6, 1), (6, 2), (6, 1), (6, 2), (6, 1), (6, 2), (6, 1), (6, 2), (6, 1), (6, 2), (6, 1), (6, 2), (6, 1), (6, 2), (6, 1), (6, 2), (6, 1), (6, 2), (6, 1), (6, 2), (6, 1), (6, 2), (6, 1), (6, 2), (6, 1), (6, 2), (6, 1)]
success=False

Episode  3100 | mean return    -34.9 | success rate  50.0%
Episode  3200 | mean return   -294.6 | success rate  37.0%
Episode  3300 | mean return   -327.9 | success rate  36.0%
Episode  3400 | mean return   -124.0 | success rate  46.0%
Episode  3500 | mean return    -76.5 | success rate  48.0%
Episode  3600 | mean return   -116.9 | success rate  46.0%
Episode  3700 | mean return   -117.3 | success rate  46.0%
Episode  3800 | mean return   -250.6 | success rate  40.0%
Episode  3900 | mean return   -347.9 | success rate  35.0%
Episode  4000 | mean return   -256.0 | success rate  39.0%
phase=train, time=morning
steps=101
trajectory=[(1, 1), (2, 1), (2, 2), (3, 2), (4, 2), (5, 2), (5, 1), (6, 1), (5, 1), (5, 2), (5, 1), (5, 2), (5, 1), (5, 2), (5, 1), (5, 2), (5, 1), (5, 2), (5, 1), (5, 2), (5, 1), (5, 2), (5, 1), (5, 2), (5, 1), (5, 2), (5, 1), (5, 2), (5, 1), (5, 2), (5, 1), (5, 2), (5, 1), (5, 2), (5, 1), (5, 2), (5, 1), (5, 2), (5, 1), (5, 2), (5, 1), (5, 2), (5, 1), (5, 2), (5, 1), (5, 2), (5, 1), (5, 2), (5, 1), (5, 2), (5, 1), (5, 2), (5, 1), (5, 2), (5, 1), (5, 2), (5, 1), (5, 2), (5, 1), (5, 2), (5, 1), (5, 2), (5, 1), (5, 2), (5, 1), (5, 2), (5, 1), (5, 2), (5, 1), (5, 2), (5, 1), (5, 2), (5, 1), (5, 2), (5, 1), (5, 2), (5, 1), (5, 2), (5, 1), (5, 2), (5, 1), (5, 2), (5, 1), (5, 2), (5, 1), (5, 2), (5, 1), (5, 2), (5, 1), (5, 2), (5, 1), (5, 2), (5, 1), (5, 2), (5, 1), (5, 2), (5, 1), (5, 2), (5, 1), (5, 2), (5, 1), (5, 2)]
success=False

phase=train, time=evening
steps=101
trajectory=[(1, 1), (1, 2), (2, 2), (2, 3), (3, 3), (4, 3), (5, 3), (6, 3), (6, 4), (6, 5), (6, 6), (6, 5), (6, 4), (5, 4), (5, 3), (6, 3), (5, 3), (6, 3), (5, 3), (6, 3), (5, 3), (6, 3), (5, 3), (6, 3), (5, 3), (6, 3), (5, 3), (6, 3), (5, 3), (6, 3), (5, 3), (6, 3), (5, 3), (6, 3), (5, 3), (6, 3), (5, 3), (6, 3), (5, 3), (6, 3), (5, 3), (6, 3), (5, 3), (6, 3), (5, 3), (6, 3), (5, 3), (6, 3), (5, 3), (6, 3), (5, 3), (6, 3), (5, 3), (6, 3), (5, 3), (6, 3), (5, 3), (6, 3), (5, 3), (6, 3), (5, 3), (6, 3), (5, 3), (6, 3), (5, 3), (6, 3), (5, 3), (6, 3), (5, 3), (6, 3), (5, 3), (6, 3), (5, 3), (6, 3), (5, 3), (6, 3), (5, 3), (6, 3), (5, 3), (6, 3), (5, 3), (6, 3), (5, 3), (6, 3), (5, 3), (6, 3), (5, 3), (6, 3), (5, 3), (6, 3), (5, 3), (6, 3), (5, 3), (6, 3), (5, 3), (6, 3), (5, 3), (6, 3), (5, 3), (6, 3), (5, 3), (6, 3)]
success=False

phase=test, time=morning
steps=101
trajectory=[(1, 1), (2, 1), (2, 2), (1, 2), (2, 2), (1, 2), (2, 2), (1, 2), (2, 2), (1, 2), (2, 2), (1, 2), (2, 2), (1, 2), (2, 2), (1, 2), (2, 2), (1, 2), (2, 2), (1, 2), (2, 2), (1, 2), (2, 2), (1, 2), (2, 2), (1, 2), (2, 2), (1, 2), (2, 2), (1, 2), (2, 2), (1, 2), (2, 2), (1, 2), (2, 2), (1, 2), (2, 2), (1, 2), (2, 2), (1, 2), (2, 2), (1, 2), (2, 2), (1, 2), (2, 2), (1, 2), (2, 2), (1, 2), (2, 2), (1, 2), (2, 2), (1, 2), (2, 2), (1, 2), (2, 2), (1, 2), (2, 2), (1, 2), (2, 2), (1, 2), (2, 2), (1, 2), (2, 2), (1, 2), (2, 2), (1, 2), (2, 2), (1, 2), (2, 2), (1, 2), (2, 2), (1, 2), (2, 2), (1, 2), (2, 2), (1, 2), (2, 2), (1, 2), (2, 2), (1, 2), (2, 2), (1, 2), (2, 2), (1, 2), (2, 2), (1, 2), (2, 2), (1, 2), (2, 2), (1, 2), (2, 2), (1, 2), (2, 2), (1, 2), (2, 2), (1, 2), (2, 2), (1, 2), (2, 2), (1, 2), (2, 2), (1, 2)]
success=False

phase=test, time=evening
steps=101
trajectory=[(1, 1), (1, 2), (2, 2), (2, 3), (2, 4), (3, 4), (4, 4), (5, 4), (6, 4), (6, 5), (6, 6), (6, 5), (6, 4), (5, 4), (6, 4), (5, 4), (6, 4), (5, 4), (6, 4), (5, 4), (6, 4), (5, 4), (6, 4), (5, 4), (6, 4), (5, 4), (6, 4), (5, 4), (6, 4), (5, 4), (6, 4), (5, 4), (6, 4), (5, 4), (6, 4), (5, 4), (6, 4), (5, 4), (6, 4), (5, 4), (6, 4), (5, 4), (6, 4), (5, 4), (6, 4), (5, 4), (6, 4), (5, 4), (6, 4), (5, 4), (6, 4), (5, 4), (6, 4), (5, 4), (6, 4), (5, 4), (6, 4), (5, 4), (6, 4), (5, 4), (6, 4), (5, 4), (6, 4), (5, 4), (6, 4), (5, 4), (6, 4), (5, 4), (6, 4), (5, 4), (6, 4), (5, 4), (6, 4), (5, 4), (6, 4), (5, 4), (6, 4), (5, 4), (6, 4), (5, 4), (6, 4), (5, 4), (6, 4), (5, 4), (6, 4), (5, 4), (6, 4), (5, 4), (6, 4), (5, 4), (6, 4), (5, 4), (6, 4), (5, 4), (6, 4), (5, 4), (6, 4), (5, 4), (6, 4), (5, 4), (6, 4), (5, 4)]
success=False

Episode  4100 | mean return   -443.6 | success rate  30.0%
Episode  4200 | mean return    -18.2 | success rate  51.0%
Episode  4300 | mean return   -373.9 | success rate  34.0%
Episode  4400 | mean return   -340.0 | success rate  35.0%
Episode  4500 | mean return   -137.7 | success rate  45.0%
Episode  4600 | mean return   -265.3 | success rate  39.0%
Episode  4700 | mean return    -36.4 | success rate  50.0%
Episode  4800 | mean return    -32.5 | success rate  51.0%
Episode  4900 | mean return    -30.2 | success rate  50.0%
Episode  5000 | mean return   -216.3 | success rate  42.0%
phase=train, time=morning
steps=17
trajectory=[(1, 1), (2, 1), (2, 2), (3, 2), (4, 2), (5, 2), (5, 1), (6, 1), (5, 1), (5, 2), (5, 3), (4, 3), (3, 3), (2, 3), (1, 3), (1, 4), (1, 5), (1, 6)]
success=True

phase=train, time=evening
steps=101
trajectory=[(1, 1), (1, 2), (2, 2), (3, 2), (4, 2), (5, 2), (5, 1), (5, 2), (5, 1), (5, 2), (5, 1), (5, 2), (5, 1), (5, 2), (5, 1), (5, 2), (5, 1), (5, 2), (5, 1), (5, 2), (5, 1), (5, 2), (5, 1), (5, 2), (5, 1), (5, 2), (5, 1), (5, 2), (5, 1), (5, 2), (5, 1), (5, 2), (5, 1), (5, 2), (5, 1), (5, 2), (5, 1), (5, 2), (5, 1), (5, 2), (5, 1), (5, 2), (5, 1), (5, 2), (5, 1), (5, 2), (5, 1), (5, 2), (5, 1), (5, 2), (5, 1), (5, 2), (5, 1), (5, 2), (5, 1), (5, 2), (5, 1), (5, 2), (5, 1), (5, 2), (5, 1), (5, 2), (5, 1), (5, 2), (5, 1), (5, 2), (5, 1), (5, 2), (5, 1), (5, 2), (5, 1), (5, 2), (5, 1), (5, 2), (5, 1), (5, 2), (5, 1), (5, 2), (5, 1), (5, 2), (5, 1), (5, 2), (5, 1), (5, 2), (5, 1), (5, 2), (5, 1), (5, 2), (5, 1), (5, 2), (5, 1), (5, 2), (5, 1), (5, 2), (5, 1), (5, 2), (5, 1), (5, 2), (5, 1), (5, 2), (5, 1), (5, 2)]
success=False

phase=test, time=morning
steps=101
trajectory=[(1, 1), (2, 1), (2, 2), (1, 2), (2, 2), (1, 2), (2, 2), (1, 2), (2, 2), (1, 2), (2, 2), (1, 2), (2, 2), (1, 2), (2, 2), (1, 2), (2, 2), (1, 2), (2, 2), (1, 2), (2, 2), (1, 2), (2, 2), (1, 2), (2, 2), (1, 2), (2, 2), (1, 2), (2, 2), (1, 2), (2, 2), (1, 2), (2, 2), (1, 2), (2, 2), (1, 2), (2, 2), (1, 2), (2, 2), (1, 2), (2, 2), (1, 2), (2, 2), (1, 2), (2, 2), (1, 2), (2, 2), (1, 2), (2, 2), (1, 2), (2, 2), (1, 2), (2, 2), (1, 2), (2, 2), (1, 2), (2, 2), (1, 2), (2, 2), (1, 2), (2, 2), (1, 2), (2, 2), (1, 2), (2, 2), (1, 2), (2, 2), (1, 2), (2, 2), (1, 2), (2, 2), (1, 2), (2, 2), (1, 2), (2, 2), (1, 2), (2, 2), (1, 2), (2, 2), (1, 2), (2, 2), (1, 2), (2, 2), (1, 2), (2, 2), (1, 2), (2, 2), (1, 2), (2, 2), (1, 2), (2, 2), (1, 2), (2, 2), (1, 2), (2, 2), (1, 2), (2, 2), (1, 2), (2, 2), (1, 2), (2, 2), (1, 2)]
success=False

phase=test, time=evening
steps=101
trajectory=[(1, 1), (1, 2), (2, 2), (2, 3), (3, 3), (4, 3), (5, 3), (5, 2), (6, 2), (5, 2), (6, 2), (5, 2), (6, 2), (5, 2), (6, 2), (5, 2), (6, 2), (5, 2), (6, 2), (5, 2), (6, 2), (5, 2), (6, 2), (5, 2), (6, 2), (5, 2), (6, 2), (5, 2), (6, 2), (5, 2), (6, 2), (5, 2), (6, 2), (5, 2), (6, 2), (5, 2), (6, 2), (5, 2), (6, 2), (5, 2), (6, 2), (5, 2), (6, 2), (5, 2), (6, 2), (5, 2), (6, 2), (5, 2), (6, 2), (5, 2), (6, 2), (5, 2), (6, 2), (5, 2), (6, 2), (5, 2), (6, 2), (5, 2), (6, 2), (5, 2), (6, 2), (5, 2), (6, 2), (5, 2), (6, 2), (5, 2), (6, 2), (5, 2), (6, 2), (5, 2), (6, 2), (5, 2), (6, 2), (5, 2), (6, 2), (5, 2), (6, 2), (5, 2), (6, 2), (5, 2), (6, 2), (5, 2), (6, 2), (5, 2), (6, 2), (5, 2), (6, 2), (5, 2), (6, 2), (5, 2), (6, 2), (5, 2), (6, 2), (5, 2), (6, 2), (5, 2), (6, 2), (5, 2), (6, 2), (5, 2), (6, 2), (5, 2)]
success=False

Episode  5100 | mean return    -51.5 | success rate  49.0%
Episode  5200 | mean return   -134.7 | success rate  45.0%
Episode  5300 | mean return     45.0 | success rate  54.0%
Episode  5400 | mean return    -13.3 | success rate  51.0%
Episode  5500 | mean return     42.8 | success rate  54.0%
Episode  5600 | mean return    -18.5 | success rate  51.0%
Episode  5700 | mean return     86.0 | success rate  56.0%
Episode  5800 | mean return   -122.0 | success rate  46.0%
Episode  5900 | mean return    164.3 | success rate  60.0%
Episode  6000 | mean return   -123.7 | success rate  46.0%
phase=train, time=morning
steps=17
trajectory=[(1, 1), (2, 1), (2, 2), (3, 2), (4, 2), (5, 2), (5, 1), (6, 1), (5, 1), (5, 2), (5, 3), (4, 3), (3, 3), (2, 3), (2, 4), (2, 5), (1, 5), (1, 6)]
success=True

phase=train, time=evening
steps=23
trajectory=[(1, 1), (1, 2), (2, 2), (2, 3), (3, 3), (4, 3), (5, 3), (6, 3), (6, 4), (6, 5), (6, 6), (6, 5), (6, 4), (5, 4), (5, 3), (5, 2), (4, 2), (3, 2), (2, 2), (1, 2), (1, 3), (1, 4), (1, 5), (1, 6)]
success=True

phase=test, time=morning
steps=19
trajectory=[(1, 1), (2, 1), (2, 2), (2, 3), (3, 3), (4, 3), (5, 3), (5, 2), (5, 1), (6, 1), (5, 1), (5, 2), (5, 3), (5, 4), (4, 4), (3, 4), (2, 4), (2, 5), (1, 5), (1, 6)]
success=True

phase=test, time=evening
steps=101
trajectory=[(1, 1), (1, 2), (2, 2), (2, 3), (2, 4), (3, 4), (4, 4), (5, 4), (5, 3), (5, 2), (5, 1), (5, 2), (5, 1), (5, 2), (5, 1), (5, 2), (5, 1), (5, 2), (5, 1), (5, 2), (5, 1), (5, 2), (5, 1), (5, 2), (5, 1), (5, 2), (5, 1), (5, 2), (5, 1), (5, 2), (5, 1), (5, 2), (5, 1), (5, 2), (5, 1), (5, 2), (5, 1), (5, 2), (5, 1), (5, 2), (5, 1), (5, 2), (5, 1), (5, 2), (5, 1), (5, 2), (5, 1), (5, 2), (5, 1), (5, 2), (5, 1), (5, 2), (5, 1), (5, 2), (5, 1), (5, 2), (5, 1), (5, 2), (5, 1), (5, 2), (5, 1), (5, 2), (5, 1), (5, 2), (5, 1), (5, 2), (5, 1), (5, 2), (5, 1), (5, 2), (5, 1), (5, 2), (5, 1), (5, 2), (5, 1), (5, 2), (5, 1), (5, 2), (5, 1), (5, 2), (5, 1), (5, 2), (5, 1), (5, 2), (5, 1), (5, 2), (5, 1), (5, 2), (5, 1), (5, 2), (5, 1), (5, 2), (5, 1), (5, 2), (5, 1), (5, 2), (5, 1), (5, 2), (5, 1), (5, 2), (5, 1), (5, 2)]
success=False

Episode  6100 | mean return     87.4 | success rate  56.0%
Episode  6200 | mean return   -460.3 | success rate  29.0%
Episode  6300 | mean return   -219.0 | success rate  41.0%
Episode  6400 | mean return     23.3 | success rate  53.0%
Episode  6500 | mean return    -29.8 | success rate  50.0%
Episode  6600 | mean return    205.5 | success rate  62.0%
Episode  6700 | mean return    -17.0 | success rate  51.0%
Episode  6800 | mean return   -364.9 | success rate  35.0%
Episode  6900 | mean return   -119.8 | success rate  46.0%
Episode  7000 | mean return     36.6 | success rate  54.0%
phase=train, time=morning
steps=17
trajectory=[(1, 1), (1, 2), (2, 2), (3, 2), (4, 2), (5, 2), (5, 1), (6, 1), (5, 1), (5, 2), (5, 3), (4, 3), (3, 3), (2, 3), (1, 3), (1, 4), (1, 5), (1, 6)]
success=True

phase=train, time=evening
steps=23
trajectory=[(1, 1), (1, 2), (2, 2), (2, 3), (3, 3), (4, 3), (5, 3), (6, 3), (6, 4), (6, 5), (6, 6), (6, 5), (6, 4), (5, 4), (5, 3), (5, 2), (4, 2), (3, 2), (2, 2), (1, 2), (1, 3), (1, 4), (1, 5), (1, 6)]
success=True

phase=test, time=morning
steps=19
trajectory=[(1, 1), (1, 2), (2, 2), (2, 3), (3, 3), (4, 3), (5, 3), (5, 2), (5, 1), (6, 1), (5, 1), (5, 2), (5, 3), (5, 4), (4, 4), (3, 4), (2, 4), (1, 4), (1, 5), (1, 6)]
success=True

phase=test, time=evening
steps=21
trajectory=[(1, 1), (1, 2), (2, 2), (2, 3), (2, 4), (3, 4), (4, 4), (5, 4), (5, 5), (5, 6), (6, 6), (6, 5), (6, 4), (5, 4), (5, 3), (4, 3), (3, 3), (2, 3), (1, 3), (1, 4), (1, 5), (1, 6)]
success=True

All 4 evaluation scenarios successful at episode 7000. Stopping early.
Saved weights to outputs\program_state.npz
phase=train, time=morning
steps=17
trajectory=[(1, 1), (1, 2), (2, 2), (3, 2), (4, 2), (5, 2), (5, 1), (6, 1), (5, 1), (5, 2), (5, 3), (4, 3), (3, 3), (2, 3), (1, 3), (1, 4), (1, 5), (1, 6)]
success=True

phase=train, time=evening
steps=23
trajectory=[(1, 1), (1, 2), (2, 2), (2, 3), (3, 3), (4, 3), (5, 3), (6, 3), (6, 4), (6, 5), (6, 6), (6, 5), (6, 4), (5, 4), (5, 3), (5, 2), (4, 2), (3, 2), (2, 2), (1, 2), (1, 3), (1, 4), (1, 5), (1, 6)]
success=True

phase=test, time=morning
steps=19
trajectory=[(1, 1), (1, 2), (2, 2), (2, 3), (3, 3), (4, 3), (5, 3), (5, 2), (5, 1), (6, 1), (5, 1), (5, 2), (5, 3), (5, 4), (4, 4), (3, 4), (2, 4), (1, 4), (1, 5), (1, 6)]
success=True

phase=test, time=evening
steps=21
trajectory=[(1, 1), (1, 2), (2, 2), (2, 3), (2, 4), (3, 4), (4, 4), (5, 4), (5, 5), (5, 6), (6, 6), (6, 5), (6, 4), (5, 4), (5, 3), (4, 3), (3, 3), (2, 3), (1, 3), (1, 4), (1, 5), (1, 6)]
success=True

