No existing weights found. Training from scratch.
Episode   100 | mean return  -1015.6 | success rate   0.0%
Episode   200 | mean return  -1017.2 | success rate   0.0%
Episode   300 | mean return  -1015.5 | success rate   0.0%
Episode   400 | mean return  -1016.2 | success rate   0.0%
Episode   500 | mean return  -1015.6 | success rate   0.0%
Episode   600 | mean return  -1017.0 | success rate   0.0%
Episode   700 | mean return  -1022.6 | success rate   0.0%
Episode   800 | mean return  -1022.3 | success rate   0.0%
Episode   900 | mean return  -1022.9 | success rate   0.0%
Episode  1000 | mean return  -1022.8 | success rate   0.0%
phase=train, time=morning
steps=101
trajectory=[(1, 1), (2, 1), (2, 2), (3, 2), (4, 2), (5, 2), (6, 2), (6, 3), (6, 4), (6, 5), (6, 6), (6, 6), (6, 6), (6, 6), (6, 6), (6, 6), (6, 6), (6, 6), (6, 6), (6, 6), (6, 6), (6, 6), (6, 6), (6, 6), (6, 6), (6, 6), (6, 6), (6, 6), (6, 6), (6, 6), (6, 6), (6, 6), (6, 6), (6, 6), (6, 6), (6, 6), (6, 6), (6, 6), (6, 6), (6, 6), (6, 6), (6, 6), (6, 6), (6, 6), (6, 6), (6, 6), (6, 6), (6, 6), (6, 6), (6, 6), (6, 6), (6, 6), (6, 6), (6, 6), (6, 6), (6, 6), (6, 6), (6, 6), (6, 6), (6, 6), (6, 6), (6, 6), (6, 6), (6, 6), (6, 6), (6, 6), (6, 6), (6, 6), (6, 6), (6, 6), (6, 6), (6, 6), (6, 6), (6, 6), (6, 6), (6, 6), (6, 6), (6, 6), (6, 6), (6, 6), (6, 6), (6, 6), (6, 6), (6, 6), (6, 6), (6, 6), (6, 6), (6, 6), (6, 6), (6, 6), (6, 6), (6, 6), (6, 6), (6, 6), (6, 6), (6, 6), (6, 6), (6, 6), (6, 6), (6, 6), (6, 6), (6, 6)]
success=False

phase=train, time=evening
steps=101
trajectory=[(1, 1), (1, 2), (1, 3), (1, 4), (1, 5), (1, 6), (1, 6), (1, 6), (1, 6), (1, 6), (1, 6), (1, 6), (1, 6), (1, 6), (1, 6), (1, 6), (1, 6), (1, 6), (1, 6), (1, 6), (1, 6), (1, 6), (1, 6), (1, 6), (1, 6), (1, 6), (1, 6), (1, 6), (1, 6), (1, 6), (1, 6), (1, 6), (1, 6), (1, 6), (1, 6), (1, 6), (1, 6), (1, 6), (1, 6), (1, 6), (1, 6), (1, 6), (1, 6), (1, 6), (1, 6), (1, 6), (1, 6), (1, 6), (1, 6), (1, 6), (1, 6), (1, 6), (1, 6), (1, 6), (1, 6), (1, 6), (1, 6), (1, 6), (1, 6), (1, 6), (1, 6), (1, 6), (1, 6), (1, 6), (1, 6), (1, 6), (1, 6), (1, 6), (1, 6), (1, 6), (1, 6), (1, 6), (1, 6), (1, 6), (1, 6), (1, 6), (1, 6), (1, 6), (1, 6), (1, 6), (1, 6), (1, 6), (1, 6), (1, 6), (1, 6), (1, 6), (1, 6), (1, 6), (1, 6), (1, 6), (1, 6), (1, 6), (1, 6), (1, 6), (1, 6), (1, 6), (1, 6), (1, 6), (1, 6), (1, 6), (1, 6), (1, 6)]
success=False

phase=test, time=morning
steps=101
trajectory=[(1, 1), (2, 1), (2, 2), (1, 2), (2, 2), (1, 2), (2, 2), (1, 2), (2, 2), (1, 2), (2, 2), (1, 2), (2, 2), (1, 2), (2, 2), (1, 2), (2, 2), (1, 2), (2, 2), (1, 2), (2, 2), (1, 2), (2, 2), (1, 2), (2, 2), (1, 2), (2, 2), (1, 2), (2, 2), (1, 2), (2, 2), (1, 2), (2, 2), (1, 2), (2, 2), (1, 2), (2, 2), (1, 2), (2, 2), (1, 2), (2, 2), (1, 2), (2, 2), (1, 2), (2, 2), (1, 2), (2, 2), (1, 2), (2, 2), (1, 2), (2, 2), (1, 2), (2, 2), (1, 2), (2, 2), (1, 2), (2, 2), (1, 2), (2, 2), (1, 2), (2, 2), (1, 2), (2, 2), (1, 2), (2, 2), (1, 2), (2, 2), (1, 2), (2, 2), (1, 2), (2, 2), (1, 2), (2, 2), (1, 2), (2, 2), (1, 2), (2, 2), (1, 2), (2, 2), (1, 2), (2, 2), (1, 2), (2, 2), (1, 2), (2, 2), (1, 2), (2, 2), (1, 2), (2, 2), (1, 2), (2, 2), (1, 2), (2, 2), (1, 2), (2, 2), (1, 2), (2, 2), (1, 2), (2, 2), (1, 2), (2, 2), (1, 2)]
success=False

phase=test, time=evening
steps=101
trajectory=[(1, 1), (1, 2), (1, 3), (1, 4), (1, 5), (1, 6), (1, 6), (1, 6), (1, 6), (1, 6), (1, 6), (1, 6), (1, 6), (1, 6), (1, 6), (1, 6), (1, 6), (1, 6), (1, 6), (1, 6), (1, 6), (1, 6), (1, 6), (1, 6), (1, 6), (1, 6), (1, 6), (1, 6), (1, 6), (1, 6), (1, 6), (1, 6), (1, 6), (1, 6), (1, 6), (1, 6), (1, 6), (1, 6), (1, 6), (1, 6), (1, 6), (1, 6), (1, 6), (1, 6), (1, 6), (1, 6), (1, 6), (1, 6), (1, 6), (1, 6), (1, 6), (1, 6), (1, 6), (1, 6), (1, 6), (1, 6), (1, 6), (1, 6), (1, 6), (1, 6), (1, 6), (1, 6), (1, 6), (1, 6), (1, 6), (1, 6), (1, 6), (1, 6), (1, 6), (1, 6), (1, 6), (1, 6), (1, 6), (1, 6), (1, 6), (1, 6), (1, 6), (1, 6), (1, 6), (1, 6), (1, 6), (1, 6), (1, 6), (1, 6), (1, 6), (1, 6), (1, 6), (1, 6), (1, 6), (1, 6), (1, 6), (1, 6), (1, 6), (1, 6), (1, 6), (1, 6), (1, 6), (1, 6), (1, 6), (1, 6), (1, 6), (1, 6)]
success=False

Episode  1100 | mean return  -1023.2 | success rate   0.0%
Episode  1200 | mean return  -1030.2 | success rate   0.0%
Episode  1300 | mean return  -1028.3 | success rate   0.0%
Episode  1400 | mean return  -1034.6 | success rate   0.0%
Episode  1500 | mean return  -1009.5 | success rate   1.0%
Episode  1600 | mean return  -1029.9 | success rate   0.0%
Episode  1700 | mean return  -1028.5 | success rate   1.0%
Episode  1800 | mean return   -991.5 | success rate   3.0%
Episode  1900 | mean return   -970.0 | success rate   5.0%
Episode  2000 | mean return   -970.3 | success rate   6.0%
phase=train, time=morning
steps=101
trajectory=[(1, 1), (1, 2), (1, 3), (1, 4), (1, 5), (1, 6), (2, 6), (2, 6), (2, 6), (2, 6), (2, 6), (2, 6), (2, 6), (2, 6), (2, 6), (2, 6), (2, 6), (2, 6), (2, 6), (2, 6), (2, 6), (2, 6), (2, 6), (2, 6), (2, 6), (2, 6), (2, 6), (2, 6), (2, 6), (2, 6), (2, 6), (2, 6), (2, 6), (2, 6), (2, 6), (2, 6), (2, 6), (2, 6), (2, 6), (2, 6), (2, 6), (2, 6), (2, 6), (2, 6), (2, 6), (2, 6), (2, 6), (2, 6), (2, 6), (2, 6), (2, 6), (2, 6), (2, 6), (2, 6), (2, 6), (2, 6), (2, 6), (2, 6), (2, 6), (2, 6), (2, 6), (2, 6), (2, 6), (2, 6), (2, 6), (2, 6), (2, 6), (2, 6), (2, 6), (2, 6), (2, 6), (2, 6), (2, 6), (2, 6), (2, 6), (2, 6), (2, 6), (2, 6), (2, 6), (2, 6), (2, 6), (2, 6), (2, 6), (2, 6), (2, 6), (2, 6), (2, 6), (2, 6), (2, 6), (2, 6), (2, 6), (2, 6), (2, 6), (2, 6), (2, 6), (2, 6), (2, 6), (2, 6), (2, 6), (2, 6), (2, 6), (2, 6)]
success=False

phase=train, time=evening
steps=101
trajectory=[(1, 1), (1, 2), (1, 3), (1, 4), (1, 5), (1, 6), (1, 6), (1, 6), (1, 6), (1, 6), (1, 6), (1, 6), (1, 6), (1, 6), (1, 6), (1, 6), (1, 6), (1, 6), (1, 6), (1, 6), (1, 6), (1, 6), (1, 6), (1, 6), (1, 6), (1, 6), (1, 6), (1, 6), (1, 6), (1, 6), (1, 6), (1, 6), (1, 6), (1, 6), (1, 6), (1, 6), (1, 6), (1, 6), (1, 6), (1, 6), (1, 6), (1, 6), (1, 6), (1, 6), (1, 6), (1, 6), (1, 6), (1, 6), (1, 6), (1, 6), (1, 6), (1, 6), (1, 6), (1, 6), (1, 6), (1, 6), (1, 6), (1, 6), (1, 6), (1, 6), (1, 6), (1, 6), (1, 6), (1, 6), (1, 6), (1, 6), (1, 6), (1, 6), (1, 6), (1, 6), (1, 6), (1, 6), (1, 6), (1, 6), (1, 6), (1, 6), (1, 6), (1, 6), (1, 6), (1, 6), (1, 6), (1, 6), (1, 6), (1, 6), (1, 6), (1, 6), (1, 6), (1, 6), (1, 6), (1, 6), (1, 6), (1, 6), (1, 6), (1, 6), (1, 6), (1, 6), (1, 6), (1, 6), (1, 6), (1, 6), (1, 6), (1, 6)]
success=False

phase=test, time=morning
steps=101
trajectory=[(1, 1), (1, 2), (1, 3), (1, 4), (1, 5), (1, 6), (2, 6), (2, 6), (2, 6), (2, 6), (2, 6), (2, 6), (2, 6), (2, 6), (2, 6), (2, 6), (2, 6), (2, 6), (2, 6), (2, 6), (2, 6), (2, 6), (2, 6), (2, 6), (2, 6), (2, 6), (2, 6), (2, 6), (2, 6), (2, 6), (2, 6), (2, 6), (2, 6), (2, 6), (2, 6), (2, 6), (2, 6), (2, 6), (2, 6), (2, 6), (2, 6), (2, 6), (2, 6), (2, 6), (2, 6), (2, 6), (2, 6), (2, 6), (2, 6), (2, 6), (2, 6), (2, 6), (2, 6), (2, 6), (2, 6), (2, 6), (2, 6), (2, 6), (2, 6), (2, 6), (2, 6), (2, 6), (2, 6), (2, 6), (2, 6), (2, 6), (2, 6), (2, 6), (2, 6), (2, 6), (2, 6), (2, 6), (2, 6), (2, 6), (2, 6), (2, 6), (2, 6), (2, 6), (2, 6), (2, 6), (2, 6), (2, 6), (2, 6), (2, 6), (2, 6), (2, 6), (2, 6), (2, 6), (2, 6), (2, 6), (2, 6), (2, 6), (2, 6), (2, 6), (2, 6), (2, 6), (2, 6), (2, 6), (2, 6), (2, 6), (2, 6), (2, 6)]
success=False

phase=test, time=evening
steps=101
trajectory=[(1, 1), (1, 2), (1, 3), (1, 4), (1, 5), (1, 6), (1, 6), (1, 6), (1, 6), (1, 6), (1, 6), (1, 6), (1, 6), (1, 6), (1, 6), (1, 6), (1, 6), (1, 6), (1, 6), (1, 6), (1, 6), (1, 6), (1, 6), (1, 6), (1, 6), (1, 6), (1, 6), (1, 6), (1, 6), (1, 6), (1, 6), (1, 6), (1, 6), (1, 6), (1, 6), (1, 6), (1, 6), (1, 6), (1, 6), (1, 6), (1, 6), (1, 6), (1, 6), (1, 6), (1, 6), (1, 6), (1, 6), (1, 6), (1, 6), (1, 6), (1, 6), (1, 6), (1, 6), (1, 6), (1, 6), (1, 6), (1, 6), (1, 6), (1, 6), (1, 6), (1, 6), (1, 6), (1, 6), (1, 6), (1, 6), (1, 6), (1, 6), (1, 6), (1, 6), (1, 6), (1, 6), (1, 6), (1, 6), (1, 6), (1, 6), (1, 6), (1, 6), (1, 6), (1, 6), (1, 6), (1, 6), (1, 6), (1, 6), (1, 6), (1, 6), (1, 6), (1, 6), (1, 6), (1, 6), (1, 6), (1, 6), (1, 6), (1, 6), (1, 6), (1, 6), (1, 6), (1, 6), (1, 6), (1, 6), (1, 6), (1, 6), (1, 6)]
success=False

Episode  2100 | mean return   -760.8 | success rate  17.0%
Episode  2200 | mean return   -784.0 | success rate  16.0%
Episode  2300 | mean return   -791.0 | success rate  15.0%
Episode  2400 | mean return   -862.3 | success rate  12.0%
Episode  2500 | mean return   -668.7 | success rate  21.0%
Episode  2600 | mean return   -600.2 | success rate  24.0%
Episode  2700 | mean return   -626.0 | success rate  23.0%
Episode  2800 | mean return   -525.2 | success rate  27.0%
Episode  2900 | mean return   -798.4 | success rate  14.0%
Episode  3000 | mean return   -573.6 | success rate  25.0%
phase=train, time=morning
steps=101
trajectory=[(1, 1), (1, 2), (1, 3), (1, 4), (1, 5), (1, 6), (2, 6), (1, 6), (2, 6), (1, 6), (2, 6), (1, 6), (2, 6), (1, 6), (2, 6), (1, 6), (2, 6), (1, 6), (2, 6), (1, 6), (2, 6), (1, 6), (2, 6), (1, 6), (2, 6), (1, 6), (2, 6), (1, 6), (2, 6), (1, 6), (2, 6), (1, 6), (2, 6), (1, 6), (2, 6), (1, 6), (2, 6), (1, 6), (2, 6), (1, 6), (2, 6), (1, 6), (2, 6), (1, 6), (2, 6), (1, 6), (2, 6), (1, 6), (2, 6), (1, 6), (2, 6), (1, 6), (2, 6), (1, 6), (2, 6), (1, 6), (2, 6), (1, 6), (2, 6), (1, 6), (2, 6), (1, 6), (2, 6), (1, 6), (2, 6), (1, 6), (2, 6), (1, 6), (2, 6), (1, 6), (2, 6), (1, 6), (2, 6), (1, 6), (2, 6), (1, 6), (2, 6), (1, 6), (2, 6), (1, 6), (2, 6), (1, 6), (2, 6), (1, 6), (2, 6), (1, 6), (2, 6), (1, 6), (2, 6), (1, 6), (2, 6), (1, 6), (2, 6), (1, 6), (2, 6), (1, 6), (2, 6), (1, 6), (2, 6), (1, 6), (2, 6), (1, 6)]
success=False

phase=train, time=evening
steps=21
trajectory=[(1, 1), (2, 1), (2, 2), (3, 2), (4, 2), (5, 2), (5, 3), (5, 4), (5, 5), (5, 6), (6, 6), (6, 5), (5, 5), (5, 4), (5, 3), (4, 3), (3, 3), (2, 3), (1, 3), (1, 4), (1, 5), (1, 6)]
success=True

phase=test, time=morning
steps=101
trajectory=[(1, 1), (1, 2), (1, 3), (1, 4), (1, 5), (1, 6), (2, 6), (1, 6), (2, 6), (1, 6), (2, 6), (1, 6), (2, 6), (1, 6), (2, 6), (1, 6), (2, 6), (1, 6), (2, 6), (1, 6), (2, 6), (1, 6), (2, 6), (1, 6), (2, 6), (1, 6), (2, 6), (1, 6), (2, 6), (1, 6), (2, 6), (1, 6), (2, 6), (1, 6), (2, 6), (1, 6), (2, 6), (1, 6), (2, 6), (1, 6), (2, 6), (1, 6), (2, 6), (1, 6), (2, 6), (1, 6), (2, 6), (1, 6), (2, 6), (1, 6), (2, 6), (1, 6), (2, 6), (1, 6), (2, 6), (1, 6), (2, 6), (1, 6), (2, 6), (1, 6), (2, 6), (1, 6), (2, 6), (1, 6), (2, 6), (1, 6), (2, 6), (1, 6), (2, 6), (1, 6), (2, 6), (1, 6), (2, 6), (1, 6), (2, 6), (1, 6), (2, 6), (1, 6), (2, 6), (1, 6), (2, 6), (1, 6), (2, 6), (1, 6), (2, 6), (1, 6), (2, 6), (1, 6), (2, 6), (1, 6), (2, 6), (1, 6), (2, 6), (1, 6), (2, 6), (1, 6), (2, 6), (1, 6), (2, 6), (1, 6), (2, 6), (1, 6)]
success=False

phase=test, time=evening
steps=19
trajectory=[(1, 1), (2, 1), (2, 2), (2, 3), (3, 3), (4, 3), (5, 3), (5, 4), (5, 5), (5, 6), (6, 6), (6, 5), (5, 5), (5, 4), (4, 4), (3, 4), (2, 4), (1, 4), (1, 5), (1, 6)]
success=True

Episode  3100 | mean return   -518.3 | success rate  27.0%
Episode  3200 | mean return   -544.3 | success rate  26.0%
Episode  3300 | mean return   -680.5 | success rate  20.0%
Episode  3400 | mean return   -254.5 | success rate  40.0%
Episode  3500 | mean return   -689.3 | success rate  19.0%
Episode  3600 | mean return   -558.7 | success rate  26.0%
Episode  3700 | mean return   -252.1 | success rate  40.0%
Episode  3800 | mean return   -501.5 | success rate  28.0%
Episode  3900 | mean return   -513.2 | success rate  28.0%
Episode  4000 | mean return   -688.3 | success rate  19.0%
phase=train, time=morning
steps=101
trajectory=[(1, 1), (2, 1), (2, 2), (3, 2), (4, 2), (5, 2), (6, 2), (6, 2), (6, 2), (6, 2), (6, 2), (6, 2), (6, 2), (6, 2), (6, 2), (6, 2), (6, 2), (6, 2), (6, 2), (6, 2), (6, 2), (6, 2), (6, 2), (6, 2), (6, 2), (6, 2), (6, 2), (6, 2), (6, 2), (6, 2), (6, 2), (6, 2), (6, 2), (6, 2), (6, 2), (6, 2), (6, 2), (6, 2), (6, 2), (6, 2), (6, 2), (6, 2), (6, 2), (6, 2), (6, 2), (6, 2), (6, 2), (6, 2), (6, 2), (6, 2), (6, 2), (6, 2), (6, 2), (6, 2), (6, 2), (6, 2), (6, 2), (6, 2), (6, 2), (6, 2), (6, 2), (6, 2), (6, 2), (6, 2), (6, 2), (6, 2), (6, 2), (6, 2), (6, 2), (6, 2), (6, 2), (6, 2), (6, 2), (6, 2), (6, 2), (6, 2), (6, 2), (6, 2), (6, 2), (6, 2), (6, 2), (6, 2), (6, 2), (6, 2), (6, 2), (6, 2), (6, 2), (6, 2), (6, 2), (6, 2), (6, 2), (6, 2), (6, 2), (6, 2), (6, 2), (6, 2), (6, 2), (6, 2), (6, 2), (6, 2), (6, 2), (6, 2)]
success=False

phase=train, time=evening
steps=101
trajectory=[(1, 1), (2, 1), (2, 2), (3, 2), (4, 2), (5, 2), (5, 3), (5, 4), (5, 5), (5, 6), (6, 6), (6, 6), (6, 6), (6, 6), (6, 6), (6, 6), (6, 6), (6, 6), (6, 6), (6, 6), (6, 6), (6, 6), (6, 6), (6, 6), (6, 6), (6, 6), (6, 6), (6, 6), (6, 6), (6, 6), (6, 6), (6, 6), (6, 6), (6, 6), (6, 6), (6, 6), (6, 6), (6, 6), (6, 6), (6, 6), (6, 6), (6, 6), (6, 6), (6, 6), (6, 6), (6, 6), (6, 6), (6, 6), (6, 6), (6, 6), (6, 6), (6, 6), (6, 6), (6, 6), (6, 6), (6, 6), (6, 6), (6, 6), (6, 6), (6, 6), (6, 6), (6, 6), (6, 6), (6, 6), (6, 6), (6, 6), (6, 6), (6, 6), (6, 6), (6, 6), (6, 6), (6, 6), (6, 6), (6, 6), (6, 6), (6, 6), (6, 6), (6, 6), (6, 6), (6, 6), (6, 6), (6, 6), (6, 6), (6, 6), (6, 6), (6, 6), (6, 6), (6, 6), (6, 6), (6, 6), (6, 6), (6, 6), (6, 6), (6, 6), (6, 6), (6, 6), (6, 6), (6, 6), (6, 6), (6, 6), (6, 6), (6, 6)]
success=False

phase=test, time=morning
steps=101
trajectory=[(1, 1), (2, 1), (1, 1), (2, 1), (1, 1), (2, 1), (1, 1), (2, 1), (1, 1), (2, 1), (1, 1), (2, 1), (1, 1), (2, 1), (1, 1), (2, 1), (1, 1), (2, 1), (1, 1), (2, 1), (1, 1), (2, 1), (1, 1), (2, 1), (1, 1), (2, 1), (1, 1), (2, 1), (1, 1), (2, 1), (1, 1), (2, 1), (1, 1), (2, 1), (1, 1), (2, 1), (1, 1), (2, 1), (1, 1), (2, 1), (1, 1), (2, 1), (1, 1), (2, 1), (1, 1), (2, 1), (1, 1), (2, 1), (1, 1), (2, 1), (1, 1), (2, 1), (1, 1), (2, 1), (1, 1), (2, 1), (1, 1), (2, 1), (1, 1), (2, 1), (1, 1), (2, 1), (1, 1), (2, 1), (1, 1), (2, 1), (1, 1), (2, 1), (1, 1), (2, 1), (1, 1), (2, 1), (1, 1), (2, 1), (1, 1), (2, 1), (1, 1), (2, 1), (1, 1), (2, 1), (1, 1), (2, 1), (1, 1), (2, 1), (1, 1), (2, 1), (1, 1), (2, 1), (1, 1), (2, 1), (1, 1), (2, 1), (1, 1), (2, 1), (1, 1), (2, 1), (1, 1), (2, 1), (1, 1), (2, 1), (1, 1), (2, 1)]
success=False

phase=test, time=evening
steps=101
trajectory=[(1, 1), (2, 1), (2, 2), (2, 3), (3, 3), (4, 3), (5, 3), (5, 4), (5, 5), (6, 5), (6, 5), (6, 5), (6, 5), (6, 5), (6, 5), (6, 5), (6, 5), (6, 5), (6, 5), (6, 5), (6, 5), (6, 5), (6, 5), (6, 5), (6, 5), (6, 5), (6, 5), (6, 5), (6, 5), (6, 5), (6, 5), (6, 5), (6, 5), (6, 5), (6, 5), (6, 5), (6, 5), (6, 5), (6, 5), (6, 5), (6, 5), (6, 5), (6, 5), (6, 5), (6, 5), (6, 5), (6, 5), (6, 5), (6, 5), (6, 5), (6, 5), (6, 5), (6, 5), (6, 5), (6, 5), (6, 5), (6, 5), (6, 5), (6, 5), (6, 5), (6, 5), (6, 5), (6, 5), (6, 5), (6, 5), (6, 5), (6, 5), (6, 5), (6, 5), (6, 5), (6, 5), (6, 5), (6, 5), (6, 5), (6, 5), (6, 5), (6, 5), (6, 5), (6, 5), (6, 5), (6, 5), (6, 5), (6, 5), (6, 5), (6, 5), (6, 5), (6, 5), (6, 5), (6, 5), (6, 5), (6, 5), (6, 5), (6, 5), (6, 5), (6, 5), (6, 5), (6, 5), (6, 5), (6, 5), (6, 5), (6, 5), (6, 5)]
success=False

Episode  4100 | mean return   -440.7 | success rate  31.0%
Episode  4200 | mean return   -545.5 | success rate  26.0%
Episode  4300 | mean return   -483.2 | success rate  29.0%
Episode  4400 | mean return   -645.5 | success rate  21.0%
Episode  4500 | mean return   -548.2 | success rate  26.0%
Episode  4600 | mean return   -598.1 | success rate  25.0%
Episode  4700 | mean return   -487.6 | success rate  29.0%
Episode  4800 | mean return   -692.6 | success rate  20.0%
Episode  4900 | mean return   -328.3 | success rate  37.0%
Episode  5000 | mean return   -470.2 | success rate  30.0%
phase=train, time=morning
steps=101
trajectory=[(1, 1), (2, 1), (2, 2), (3, 2), (4, 2), (5, 2), (5, 1), (6, 1), (6, 2), (6, 3), (6, 4), (6, 5), (6, 6), (5, 6), (5, 6), (5, 6), (5, 6), (5, 6), (5, 6), (5, 6), (5, 6), (5, 6), (5, 6), (5, 6), (5, 6), (5, 6), (5, 6), (5, 6), (5, 6), (5, 6), (5, 6), (5, 6), (5, 6), (5, 6), (5, 6), (5, 6), (5, 6), (5, 6), (5, 6), (5, 6), (5, 6), (5, 6), (5, 6), (5, 6), (5, 6), (5, 6), (5, 6), (5, 6), (5, 6), (5, 6), (5, 6), (5, 6), (5, 6), (5, 6), (5, 6), (5, 6), (5, 6), (5, 6), (5, 6), (5, 6), (5, 6), (5, 6), (5, 6), (5, 6), (5, 6), (5, 6), (5, 6), (5, 6), (5, 6), (5, 6), (5, 6), (5, 6), (5, 6), (5, 6), (5, 6), (5, 6), (5, 6), (5, 6), (5, 6), (5, 6), (5, 6), (5, 6), (5, 6), (5, 6), (5, 6), (5, 6), (5, 6), (5, 6), (5, 6), (5, 6), (5, 6), (5, 6), (5, 6), (5, 6), (5, 6), (5, 6), (5, 6), (5, 6), (5, 6), (5, 6), (5, 6), (5, 6)]
success=False

phase=train, time=evening
steps=101
trajectory=[(1, 1), (2, 1), (2, 2), (3, 2), (4, 2), (5, 2), (5, 3), (5, 4), (5, 5), (6, 5), (6, 6), (6, 6), (6, 6), (6, 6), (6, 6), (6, 6), (6, 6), (6, 6), (6, 6), (6, 6), (6, 6), (6, 6), (6, 6), (6, 6), (6, 6), (6, 6), (6, 6), (6, 6), (6, 6), (6, 6), (6, 6), (6, 6), (6, 6), (6, 6), (6, 6), (6, 6), (6, 6), (6, 6), (6, 6), (6, 6), (6, 6), (6, 6), (6, 6), (6, 6), (6, 6), (6, 6), (6, 6), (6, 6), (6, 6), (6, 6), (6, 6), (6, 6), (6, 6), (6, 6), (6, 6), (6, 6), (6, 6), (6, 6), (6, 6), (6, 6), (6, 6), (6, 6), (6, 6), (6, 6), (6, 6), (6, 6), (6, 6), (6, 6), (6, 6), (6, 6), (6, 6), (6, 6), (6, 6), (6, 6), (6, 6), (6, 6), (6, 6), (6, 6), (6, 6), (6, 6), (6, 6), (6, 6), (6, 6), (6, 6), (6, 6), (6, 6), (6, 6), (6, 6), (6, 6), (6, 6), (6, 6), (6, 6), (6, 6), (6, 6), (6, 6), (6, 6), (6, 6), (6, 6), (6, 6), (6, 6), (6, 6), (6, 6)]
success=False

phase=test, time=morning
steps=101
trajectory=[(1, 1), (2, 1), (1, 1), (2, 1), (1, 1), (2, 1), (1, 1), (2, 1), (1, 1), (2, 1), (1, 1), (2, 1), (1, 1), (2, 1), (1, 1), (2, 1), (1, 1), (2, 1), (1, 1), (2, 1), (1, 1), (2, 1), (1, 1), (2, 1), (1, 1), (2, 1), (1, 1), (2, 1), (1, 1), (2, 1), (1, 1), (2, 1), (1, 1), (2, 1), (1, 1), (2, 1), (1, 1), (2, 1), (1, 1), (2, 1), (1, 1), (2, 1), (1, 1), (2, 1), (1, 1), (2, 1), (1, 1), (2, 1), (1, 1), (2, 1), (1, 1), (2, 1), (1, 1), (2, 1), (1, 1), (2, 1), (1, 1), (2, 1), (1, 1), (2, 1), (1, 1), (2, 1), (1, 1), (2, 1), (1, 1), (2, 1), (1, 1), (2, 1), (1, 1), (2, 1), (1, 1), (2, 1), (1, 1), (2, 1), (1, 1), (2, 1), (1, 1), (2, 1), (1, 1), (2, 1), (1, 1), (2, 1), (1, 1), (2, 1), (1, 1), (2, 1), (1, 1), (2, 1), (1, 1), (2, 1), (1, 1), (2, 1), (1, 1), (2, 1), (1, 1), (2, 1), (1, 1), (2, 1), (1, 1), (2, 1), (1, 1), (2, 1)]
success=False

phase=test, time=evening
steps=101
trajectory=[(1, 1), (2, 1), (2, 2), (2, 3), (3, 3), (4, 3), (5, 3), (5, 4), (5, 5), (6, 5), (6, 6), (6, 6), (6, 6), (6, 6), (6, 6), (6, 6), (6, 6), (6, 6), (6, 6), (6, 6), (6, 6), (6, 6), (6, 6), (6, 6), (6, 6), (6, 6), (6, 6), (6, 6), (6, 6), (6, 6), (6, 6), (6, 6), (6, 6), (6, 6), (6, 6), (6, 6), (6, 6), (6, 6), (6, 6), (6, 6), (6, 6), (6, 6), (6, 6), (6, 6), (6, 6), (6, 6), (6, 6), (6, 6), (6, 6), (6, 6), (6, 6), (6, 6), (6, 6), (6, 6), (6, 6), (6, 6), (6, 6), (6, 6), (6, 6), (6, 6), (6, 6), (6, 6), (6, 6), (6, 6), (6, 6), (6, 6), (6, 6), (6, 6), (6, 6), (6, 6), (6, 6), (6, 6), (6, 6), (6, 6), (6, 6), (6, 6), (6, 6), (6, 6), (6, 6), (6, 6), (6, 6), (6, 6), (6, 6), (6, 6), (6, 6), (6, 6), (6, 6), (6, 6), (6, 6), (6, 6), (6, 6), (6, 6), (6, 6), (6, 6), (6, 6), (6, 6), (6, 6), (6, 6), (6, 6), (6, 6), (6, 6), (6, 6)]
success=False

Episode  5100 | mean return   -420.4 | success rate  32.0%
Episode  5200 | mean return   -342.3 | success rate  36.0%
Episode  5300 | mean return   -250.8 | success rate  40.0%
Episode  5400 | mean return   -446.5 | success rate  31.0%
Episode  5500 | mean return   -356.5 | success rate  35.0%
Episode  5600 | mean return   -585.3 | success rate  24.0%
Episode  5700 | mean return   -571.0 | success rate  26.0%
Episode  5800 | mean return   -771.9 | success rate  15.0%
Episode  5900 | mean return   -510.2 | success rate  28.0%
Episode  6000 | mean return   -364.1 | success rate  35.0%
phase=train, time=morning
steps=101
trajectory=[(1, 1), (2, 1), (2, 2), (3, 2), (4, 2), (5, 2), (5, 1), (6, 1), (6, 2), (5, 2), (5, 3), (5, 4), (6, 4), (5, 4), (6, 4), (5, 4), (6, 4), (5, 4), (6, 4), (5, 4), (6, 4), (5, 4), (6, 4), (5, 4), (6, 4), (5, 4), (6, 4), (5, 4), (6, 4), (5, 4), (6, 4), (5, 4), (6, 4), (5, 4), (6, 4), (5, 4), (6, 4), (5, 4), (6, 4), (5, 4), (6, 4), (5, 4), (6, 4), (5, 4), (6, 4), (5, 4), (6, 4), (5, 4), (6, 4), (5, 4), (6, 4), (5, 4), (6, 4), (5, 4), (6, 4), (5, 4), (6, 4), (5, 4), (6, 4), (5, 4), (6, 4), (5, 4), (6, 4), (5, 4), (6, 4), (5, 4), (6, 4), (5, 4), (6, 4), (5, 4), (6, 4), (5, 4), (6, 4), (5, 4), (6, 4), (5, 4), (6, 4), (5, 4), (6, 4), (5, 4), (6, 4), (5, 4), (6, 4), (5, 4), (6, 4), (5, 4), (6, 4), (5, 4), (6, 4), (5, 4), (6, 4), (5, 4), (6, 4), (5, 4), (6, 4), (5, 4), (6, 4), (5, 4), (6, 4), (5, 4), (6, 4), (5, 4)]
success=False

phase=train, time=evening
steps=101
trajectory=[(1, 1), (2, 1), (2, 2), (3, 2), (4, 2), (5, 2), (5, 3), (6, 3), (6, 4), (6, 5), (6, 6), (6, 6), (6, 6), (6, 6), (6, 6), (6, 6), (6, 6), (6, 6), (6, 6), (6, 6), (6, 6), (6, 6), (6, 6), (6, 6), (6, 6), (6, 6), (6, 6), (6, 6), (6, 6), (6, 6), (6, 6), (6, 6), (6, 6), (6, 6), (6, 6), (6, 6), (6, 6), (6, 6), (6, 6), (6, 6), (6, 6), (6, 6), (6, 6), (6, 6), (6, 6), (6, 6), (6, 6), (6, 6), (6, 6), (6, 6), (6, 6), (6, 6), (6, 6), (6, 6), (6, 6), (6, 6), (6, 6), (6, 6), (6, 6), (6, 6), (6, 6), (6, 6), (6, 6), (6, 6), (6, 6), (6, 6), (6, 6), (6, 6), (6, 6), (6, 6), (6, 6), (6, 6), (6, 6), (6, 6), (6, 6), (6, 6), (6, 6), (6, 6), (6, 6), (6, 6), (6, 6), (6, 6), (6, 6), (6, 6), (6, 6), (6, 6), (6, 6), (6, 6), (6, 6), (6, 6), (6, 6), (6, 6), (6, 6), (6, 6), (6, 6), (6, 6), (6, 6), (6, 6), (6, 6), (6, 6), (6, 6), (6, 6)]
success=False

phase=test, time=morning
steps=101
trajectory=[(1, 1), (2, 1), (1, 1), (2, 1), (1, 1), (2, 1), (1, 1), (2, 1), (1, 1), (2, 1), (1, 1), (2, 1), (1, 1), (2, 1), (1, 1), (2, 1), (1, 1), (2, 1), (1, 1), (2, 1), (1, 1), (2, 1), (1, 1), (2, 1), (1, 1), (2, 1), (1, 1), (2, 1), (1, 1), (2, 1), (1, 1), (2, 1), (1, 1), (2, 1), (1, 1), (2, 1), (1, 1), (2, 1), (1, 1), (2, 1), (1, 1), (2, 1), (1, 1), (2, 1), (1, 1), (2, 1), (1, 1), (2, 1), (1, 1), (2, 1), (1, 1), (2, 1), (1, 1), (2, 1), (1, 1), (2, 1), (1, 1), (2, 1), (1, 1), (2, 1), (1, 1), (2, 1), (1, 1), (2, 1), (1, 1), (2, 1), (1, 1), (2, 1), (1, 1), (2, 1), (1, 1), (2, 1), (1, 1), (2, 1), (1, 1), (2, 1), (1, 1), (2, 1), (1, 1), (2, 1), (1, 1), (2, 1), (1, 1), (2, 1), (1, 1), (2, 1), (1, 1), (2, 1), (1, 1), (2, 1), (1, 1), (2, 1), (1, 1), (2, 1), (1, 1), (2, 1), (1, 1), (2, 1), (1, 1), (2, 1), (1, 1), (2, 1)]
success=False

phase=test, time=evening
steps=101
trajectory=[(1, 1), (2, 1), (2, 2), (2, 3), (3, 3), (4, 3), (5, 3), (5, 4), (6, 4), (6, 5), (6, 6), (6, 6), (6, 6), (6, 6), (6, 6), (6, 6), (6, 6), (6, 6), (6, 6), (6, 6), (6, 6), (6, 6), (6, 6), (6, 6), (6, 6), (6, 6), (6, 6), (6, 6), (6, 6), (6, 6), (6, 6), (6, 6), (6, 6), (6, 6), (6, 6), (6, 6), (6, 6), (6, 6), (6, 6), (6, 6), (6, 6), (6, 6), (6, 6), (6, 6), (6, 6), (6, 6), (6, 6), (6, 6), (6, 6), (6, 6), (6, 6), (6, 6), (6, 6), (6, 6), (6, 6), (6, 6), (6, 6), (6, 6), (6, 6), (6, 6), (6, 6), (6, 6), (6, 6), (6, 6), (6, 6), (6, 6), (6, 6), (6, 6), (6, 6), (6, 6), (6, 6), (6, 6), (6, 6), (6, 6), (6, 6), (6, 6), (6, 6), (6, 6), (6, 6), (6, 6), (6, 6), (6, 6), (6, 6), (6, 6), (6, 6), (6, 6), (6, 6), (6, 6), (6, 6), (6, 6), (6, 6), (6, 6), (6, 6), (6, 6), (6, 6), (6, 6), (6, 6), (6, 6), (6, 6), (6, 6), (6, 6), (6, 6)]
success=False

Episode  6100 | mean return   -248.8 | success rate  40.0%
Episode  6200 | mean return   -421.4 | success rate  32.0%
Episode  6300 | mean return   -380.3 | success rate  34.0%
Episode  6400 | mean return   -404.9 | success rate  33.0%
Episode  6500 | mean return   -286.7 | success rate  39.0%
Episode  6600 | mean return   -280.9 | success rate  39.0%
Episode  6700 | mean return   -563.2 | success rate  26.0%
Episode  6800 | mean return   -291.7 | success rate  38.0%
Episode  6900 | mean return   -295.2 | success rate  38.0%
Episode  7000 | mean return   -625.5 | success rate  22.0%
phase=train, time=morning
steps=101
trajectory=[(1, 1), (2, 1), (2, 2), (3, 2), (4, 2), (5, 2), (5, 1), (5, 2), (5, 1), (5, 2), (5, 1), (5, 2), (5, 1), (5, 2), (5, 1), (5, 2), (5, 1), (5, 2), (5, 1), (5, 2), (5, 1), (5, 2), (5, 1), (5, 2), (5, 1), (5, 2), (5, 1), (5, 2), (5, 1), (5, 2), (5, 1), (5, 2), (5, 1), (5, 2), (5, 1), (5, 2), (5, 1), (5, 2), (5, 1), (5, 2), (5, 1), (5, 2), (5, 1), (5, 2), (5, 1), (5, 2), (5, 1), (5, 2), (5, 1), (5, 2), (5, 1), (5, 2), (5, 1), (5, 2), (5, 1), (5, 2), (5, 1), (5, 2), (5, 1), (5, 2), (5, 1), (5, 2), (5, 1), (5, 2), (5, 1), (5, 2), (5, 1), (5, 2), (5, 1), (5, 2), (5, 1), (5, 2), (5, 1), (5, 2), (5, 1), (5, 2), (5, 1), (5, 2), (5, 1), (5, 2), (5, 1), (5, 2), (5, 1), (5, 2), (5, 1), (5, 2), (5, 1), (5, 2), (5, 1), (5, 2), (5, 1), (5, 2), (5, 1), (5, 2), (5, 1), (5, 2), (5, 1), (5, 2), (5, 1), (5, 2), (5, 1), (5, 2)]
success=False

phase=train, time=evening
steps=21
trajectory=[(1, 1), (2, 1), (2, 2), (3, 2), (4, 2), (5, 2), (5, 3), (5, 4), (5, 5), (6, 5), (6, 6), (5, 6), (5, 5), (5, 4), (5, 3), (4, 3), (3, 3), (2, 3), (1, 3), (1, 4), (1, 5), (1, 6)]
success=True

phase=test, time=morning
steps=101
trajectory=[(1, 1), (2, 1), (1, 1), (2, 1), (1, 1), (2, 1), (1, 1), (2, 1), (1, 1), (2, 1), (1, 1), (2, 1), (1, 1), (2, 1), (1, 1), (2, 1), (1, 1), (2, 1), (1, 1), (2, 1), (1, 1), (2, 1), (1, 1), (2, 1), (1, 1), (2, 1), (1, 1), (2, 1), (1, 1), (2, 1), (1, 1), (2, 1), (1, 1), (2, 1), (1, 1), (2, 1), (1, 1), (2, 1), (1, 1), (2, 1), (1, 1), (2, 1), (1, 1), (2, 1), (1, 1), (2, 1), (1, 1), (2, 1), (1, 1), (2, 1), (1, 1), (2, 1), (1, 1), (2, 1), (1, 1), (2, 1), (1, 1), (2, 1), (1, 1), (2, 1), (1, 1), (2, 1), (1, 1), (2, 1), (1, 1), (2, 1), (1, 1), (2, 1), (1, 1), (2, 1), (1, 1), (2, 1), (1, 1), (2, 1), (1, 1), (2, 1), (1, 1), (2, 1), (1, 1), (2, 1), (1, 1), (2, 1), (1, 1), (2, 1), (1, 1), (2, 1), (1, 1), (2, 1), (1, 1), (2, 1), (1, 1), (2, 1), (1, 1), (2, 1), (1, 1), (2, 1), (1, 1), (2, 1), (1, 1), (2, 1), (1, 1), (2, 1)]
success=False

phase=test, time=evening
steps=19
trajectory=[(1, 1), (2, 1), (2, 2), (2, 3), (3, 3), (4, 3), (5, 3), (5, 4), (5, 5), (6, 5), (6, 6), (5, 6), (5, 5), (5, 4), (4, 4), (3, 4), (2, 4), (1, 4), (1, 5), (1, 6)]
success=True

Episode  7100 | mean return   -184.2 | success rate  43.0%
Episode  7200 | mean return   -324.8 | success rate  36.0%
Episode  7300 | mean return   -249.9 | success rate  40.0%
Episode  7400 | mean return   -226.6 | success rate  41.0%
Episode  7500 | mean return   -338.3 | success rate  36.0%
Episode  7600 | mean return   -371.9 | success rate  34.0%
Episode  7700 | mean return   -326.4 | success rate  36.0%
Episode  7800 | mean return   -235.0 | success rate  41.0%
Episode  7900 | mean return   -316.8 | success rate  37.0%
Episode  8000 | mean return   -205.6 | success rate  42.0%
phase=train, time=morning
steps=101
trajectory=[(1, 1), (2, 1), (2, 2), (3, 2), (4, 2), (5, 2), (5, 1), (6, 1), (5, 1), (5, 2), (5, 3), (5, 4), (5, 3), (5, 4), (5, 3), (5, 4), (5, 3), (5, 4), (5, 3), (5, 4), (5, 3), (5, 4), (5, 3), (5, 4), (5, 3), (5, 4), (5, 3), (5, 4), (5, 3), (5, 4), (5, 3), (5, 4), (5, 3), (5, 4), (5, 3), (5, 4), (5, 3), (5, 4), (5, 3), (5, 4), (5, 3), (5, 4), (5, 3), (5, 4), (5, 3), (5, 4), (5, 3), (5, 4), (5, 3), (5, 4), (5, 3), (5, 4), (5, 3), (5, 4), (5, 3), (5, 4), (5, 3), (5, 4), (5, 3), (5, 4), (5, 3), (5, 4), (5, 3), (5, 4), (5, 3), (5, 4), (5, 3), (5, 4), (5, 3), (5, 4), (5, 3), (5, 4), (5, 3), (5, 4), (5, 3), (5, 4), (5, 3), (5, 4), (5, 3), (5, 4), (5, 3), (5, 4), (5, 3), (5, 4), (5, 3), (5, 4), (5, 3), (5, 4), (5, 3), (5, 4), (5, 3), (5, 4), (5, 3), (5, 4), (5, 3), (5, 4), (5, 3), (5, 4), (5, 3), (5, 4), (5, 3), (5, 4)]
success=False

phase=train, time=evening
steps=21
trajectory=[(1, 1), (2, 1), (2, 2), (3, 2), (4, 2), (5, 2), (5, 3), (5, 4), (5, 5), (6, 5), (6, 6), (5, 6), (5, 5), (5, 4), (5, 3), (4, 3), (3, 3), (2, 3), (1, 3), (1, 4), (1, 5), (1, 6)]
success=True

phase=test, time=morning
steps=101
trajectory=[(1, 1), (2, 1), (1, 1), (2, 1), (1, 1), (2, 1), (1, 1), (2, 1), (1, 1), (2, 1), (1, 1), (2, 1), (1, 1), (2, 1), (1, 1), (2, 1), (1, 1), (2, 1), (1, 1), (2, 1), (1, 1), (2, 1), (1, 1), (2, 1), (1, 1), (2, 1), (1, 1), (2, 1), (1, 1), (2, 1), (1, 1), (2, 1), (1, 1), (2, 1), (1, 1), (2, 1), (1, 1), (2, 1), (1, 1), (2, 1), (1, 1), (2, 1), (1, 1), (2, 1), (1, 1), (2, 1), (1, 1), (2, 1), (1, 1), (2, 1), (1, 1), (2, 1), (1, 1), (2, 1), (1, 1), (2, 1), (1, 1), (2, 1), (1, 1), (2, 1), (1, 1), (2, 1), (1, 1), (2, 1), (1, 1), (2, 1), (1, 1), (2, 1), (1, 1), (2, 1), (1, 1), (2, 1), (1, 1), (2, 1), (1, 1), (2, 1), (1, 1), (2, 1), (1, 1), (2, 1), (1, 1), (2, 1), (1, 1), (2, 1), (1, 1), (2, 1), (1, 1), (2, 1), (1, 1), (2, 1), (1, 1), (2, 1), (1, 1), (2, 1), (1, 1), (2, 1), (1, 1), (2, 1), (1, 1), (2, 1), (1, 1), (2, 1)]
success=False

phase=test, time=evening
steps=19
trajectory=[(1, 1), (2, 1), (2, 2), (2, 3), (3, 3), (4, 3), (5, 3), (5, 4), (5, 5), (6, 5), (6, 6), (5, 6), (5, 5), (5, 4), (4, 4), (3, 4), (2, 4), (1, 4), (1, 5), (1, 6)]
success=True

Episode  8100 | mean return   -315.3 | success rate  37.0%
Episode  8200 | mean return   -331.1 | success rate  36.0%
Episode  8300 | mean return   -214.8 | success rate  42.0%
Episode  8400 | mean return   -357.1 | success rate  35.0%
Episode  8500 | mean return    -64.1 | success rate  49.0%
Episode  8600 | mean return   -122.4 | success rate  46.0%
Episode  8700 | mean return   -311.7 | success rate  37.0%
Episode  8800 | mean return   -415.2 | success rate  32.0%
Episode  8900 | mean return   -351.2 | success rate  35.0%
Episode  9000 | mean return   -252.9 | success rate  40.0%
phase=train, time=morning
steps=101
trajectory=[(1, 1), (2, 1), (2, 2), (3, 2), (4, 2), (5, 2), (5, 1), (6, 1), (5, 1), (5, 2), (5, 3), (5, 4), (5, 3), (5, 4), (5, 3), (5, 4), (5, 3), (5, 4), (5, 3), (5, 4), (5, 3), (5, 4), (5, 3), (5, 4), (5, 3), (5, 4), (5, 3), (5, 4), (5, 3), (5, 4), (5, 3), (5, 4), (5, 3), (5, 4), (5, 3), (5, 4), (5, 3), (5, 4), (5, 3), (5, 4), (5, 3), (5, 4), (5, 3), (5, 4), (5, 3), (5, 4), (5, 3), (5, 4), (5, 3), (5, 4), (5, 3), (5, 4), (5, 3), (5, 4), (5, 3), (5, 4), (5, 3), (5, 4), (5, 3), (5, 4), (5, 3), (5, 4), (5, 3), (5, 4), (5, 3), (5, 4), (5, 3), (5, 4), (5, 3), (5, 4), (5, 3), (5, 4), (5, 3), (5, 4), (5, 3), (5, 4), (5, 3), (5, 4), (5, 3), (5, 4), (5, 3), (5, 4), (5, 3), (5, 4), (5, 3), (5, 4), (5, 3), (5, 4), (5, 3), (5, 4), (5, 3), (5, 4), (5, 3), (5, 4), (5, 3), (5, 4), (5, 3), (5, 4), (5, 3), (5, 4), (5, 3), (5, 4)]
success=False

phase=train, time=evening
steps=21
trajectory=[(1, 1), (2, 1), (2, 2), (3, 2), (4, 2), (5, 2), (5, 3), (6, 3), (6, 4), (6, 5), (6, 6), (5, 6), (5, 5), (5, 4), (5, 3), (4, 3), (3, 3), (2, 3), (1, 3), (1, 4), (1, 5), (1, 6)]
success=True

phase=test, time=morning
steps=101
trajectory=[(1, 1), (2, 1), (1, 1), (2, 1), (1, 1), (2, 1), (1, 1), (2, 1), (1, 1), (2, 1), (1, 1), (2, 1), (1, 1), (2, 1), (1, 1), (2, 1), (1, 1), (2, 1), (1, 1), (2, 1), (1, 1), (2, 1), (1, 1), (2, 1), (1, 1), (2, 1), (1, 1), (2, 1), (1, 1), (2, 1), (1, 1), (2, 1), (1, 1), (2, 1), (1, 1), (2, 1), (1, 1), (2, 1), (1, 1), (2, 1), (1, 1), (2, 1), (1, 1), (2, 1), (1, 1), (2, 1), (1, 1), (2, 1), (1, 1), (2, 1), (1, 1), (2, 1), (1, 1), (2, 1), (1, 1), (2, 1), (1, 1), (2, 1), (1, 1), (2, 1), (1, 1), (2, 1), (1, 1), (2, 1), (1, 1), (2, 1), (1, 1), (2, 1), (1, 1), (2, 1), (1, 1), (2, 1), (1, 1), (2, 1), (1, 1), (2, 1), (1, 1), (2, 1), (1, 1), (2, 1), (1, 1), (2, 1), (1, 1), (2, 1), (1, 1), (2, 1), (1, 1), (2, 1), (1, 1), (2, 1), (1, 1), (2, 1), (1, 1), (2, 1), (1, 1), (2, 1), (1, 1), (2, 1), (1, 1), (2, 1), (1, 1), (2, 1)]
success=False

phase=test, time=evening
steps=19
trajectory=[(1, 1), (2, 1), (2, 2), (2, 3), (3, 3), (4, 3), (5, 3), (5, 4), (6, 4), (6, 5), (6, 6), (5, 6), (5, 5), (5, 4), (4, 4), (3, 4), (2, 4), (1, 4), (1, 5), (1, 6)]
success=True

Episode  9100 | mean return   -231.8 | success rate  41.0%
Episode  9200 | mean return   -243.4 | success rate  40.0%
Episode  9300 | mean return   -268.0 | success rate  39.0%
Episode  9400 | mean return   -454.5 | success rate  30.0%
Episode  9500 | mean return   -397.1 | success rate  33.0%
Episode  9600 | mean return   -234.5 | success rate  41.0%
Episode  9700 | mean return   -103.4 | success rate  47.0%
Episode  9800 | mean return   -208.0 | success rate  42.0%
Episode  9900 | mean return    -89.9 | success rate  48.0%
Episode 10000 | mean return    -92.6 | success rate  48.0%
phase=train, time=morning
steps=101
trajectory=[(1, 1), (2, 1), (2, 2), (3, 2), (4, 2), (5, 2), (5, 1), (6, 1), (6, 2), (5, 2), (5, 3), (5, 4), (5, 3), (5, 4), (5, 3), (5, 4), (5, 3), (5, 4), (5, 3), (5, 4), (5, 3), (5, 4), (5, 3), (5, 4), (5, 3), (5, 4), (5, 3), (5, 4), (5, 3), (5, 4), (5, 3), (5, 4), (5, 3), (5, 4), (5, 3), (5, 4), (5, 3), (5, 4), (5, 3), (5, 4), (5, 3), (5, 4), (5, 3), (5, 4), (5, 3), (5, 4), (5, 3), (5, 4), (5, 3), (5, 4), (5, 3), (5, 4), (5, 3), (5, 4), (5, 3), (5, 4), (5, 3), (5, 4), (5, 3), (5, 4), (5, 3), (5, 4), (5, 3), (5, 4), (5, 3), (5, 4), (5, 3), (5, 4), (5, 3), (5, 4), (5, 3), (5, 4), (5, 3), (5, 4), (5, 3), (5, 4), (5, 3), (5, 4), (5, 3), (5, 4), (5, 3), (5, 4), (5, 3), (5, 4), (5, 3), (5, 4), (5, 3), (5, 4), (5, 3), (5, 4), (5, 3), (5, 4), (5, 3), (5, 4), (5, 3), (5, 4), (5, 3), (5, 4), (5, 3), (5, 4), (5, 3), (5, 4)]
success=False

phase=train, time=evening
steps=21
trajectory=[(1, 1), (2, 1), (2, 2), (3, 2), (4, 2), (5, 2), (5, 3), (6, 3), (6, 4), (6, 5), (6, 6), (5, 6), (5, 5), (5, 4), (5, 3), (4, 3), (3, 3), (2, 3), (1, 3), (1, 4), (1, 5), (1, 6)]
success=True

phase=test, time=morning
steps=101
trajectory=[(1, 1), (2, 1), (1, 1), (2, 1), (1, 1), (2, 1), (1, 1), (2, 1), (1, 1), (2, 1), (1, 1), (2, 1), (1, 1), (2, 1), (1, 1), (2, 1), (1, 1), (2, 1), (1, 1), (2, 1), (1, 1), (2, 1), (1, 1), (2, 1), (1, 1), (2, 1), (1, 1), (2, 1), (1, 1), (2, 1), (1, 1), (2, 1), (1, 1), (2, 1), (1, 1), (2, 1), (1, 1), (2, 1), (1, 1), (2, 1), (1, 1), (2, 1), (1, 1), (2, 1), (1, 1), (2, 1), (1, 1), (2, 1), (1, 1), (2, 1), (1, 1), (2, 1), (1, 1), (2, 1), (1, 1), (2, 1), (1, 1), (2, 1), (1, 1), (2, 1), (1, 1), (2, 1), (1, 1), (2, 1), (1, 1), (2, 1), (1, 1), (2, 1), (1, 1), (2, 1), (1, 1), (2, 1), (1, 1), (2, 1), (1, 1), (2, 1), (1, 1), (2, 1), (1, 1), (2, 1), (1, 1), (2, 1), (1, 1), (2, 1), (1, 1), (2, 1), (1, 1), (2, 1), (1, 1), (2, 1), (1, 1), (2, 1), (1, 1), (2, 1), (1, 1), (2, 1), (1, 1), (2, 1), (1, 1), (2, 1), (1, 1), (2, 1)]
success=False

phase=test, time=evening
steps=19
trajectory=[(1, 1), (2, 1), (2, 2), (2, 3), (3, 3), (4, 3), (5, 3), (5, 4), (6, 4), (6, 5), (6, 6), (5, 6), (5, 5), (5, 4), (4, 4), (3, 4), (2, 4), (1, 4), (1, 5), (1, 6)]
success=True

Episode 10100 | mean return   -100.0 | success rate  48.0%
Episode 10200 | mean return   -440.3 | success rate  31.0%
Episode 10300 | mean return   -218.3 | success rate  42.0%
Episode 10400 | mean return   -374.6 | success rate  34.0%
Episode 10500 | mean return   -432.2 | success rate  31.0%
Episode 10600 | mean return   -228.9 | success rate  41.0%
Episode 10700 | mean return   -334.4 | success rate  36.0%
Episode 10800 | mean return   -478.5 | success rate  29.0%
Episode 10900 | mean return   -432.5 | success rate  32.0%
Episode 11000 | mean return   -187.0 | success rate  43.0%
phase=train, time=morning
steps=17
trajectory=[(1, 1), (2, 1), (2, 2), (3, 2), (4, 2), (5, 2), (5, 1), (6, 1), (5, 1), (5, 2), (5, 3), (4, 3), (3, 3), (2, 3), (1, 3), (1, 4), (1, 5), (1, 6)]
success=True

phase=train, time=evening
steps=21
trajectory=[(1, 1), (2, 1), (2, 2), (3, 2), (4, 2), (5, 2), (5, 3), (6, 3), (6, 4), (6, 5), (6, 6), (5, 6), (5, 5), (5, 4), (5, 3), (4, 3), (3, 3), (2, 3), (1, 3), (1, 4), (1, 5), (1, 6)]
success=True

phase=test, time=morning
steps=101
trajectory=[(1, 1), (2, 1), (1, 1), (2, 1), (1, 1), (2, 1), (1, 1), (2, 1), (1, 1), (2, 1), (1, 1), (2, 1), (1, 1), (2, 1), (1, 1), (2, 1), (1, 1), (2, 1), (1, 1), (2, 1), (1, 1), (2, 1), (1, 1), (2, 1), (1, 1), (2, 1), (1, 1), (2, 1), (1, 1), (2, 1), (1, 1), (2, 1), (1, 1), (2, 1), (1, 1), (2, 1), (1, 1), (2, 1), (1, 1), (2, 1), (1, 1), (2, 1), (1, 1), (2, 1), (1, 1), (2, 1), (1, 1), (2, 1), (1, 1), (2, 1), (1, 1), (2, 1), (1, 1), (2, 1), (1, 1), (2, 1), (1, 1), (2, 1), (1, 1), (2, 1), (1, 1), (2, 1), (1, 1), (2, 1), (1, 1), (2, 1), (1, 1), (2, 1), (1, 1), (2, 1), (1, 1), (2, 1), (1, 1), (2, 1), (1, 1), (2, 1), (1, 1), (2, 1), (1, 1), (2, 1), (1, 1), (2, 1), (1, 1), (2, 1), (1, 1), (2, 1), (1, 1), (2, 1), (1, 1), (2, 1), (1, 1), (2, 1), (1, 1), (2, 1), (1, 1), (2, 1), (1, 1), (2, 1), (1, 1), (2, 1), (1, 1), (2, 1)]
success=False

phase=test, time=evening
steps=19
trajectory=[(1, 1), (2, 1), (2, 2), (2, 3), (3, 3), (4, 3), (5, 3), (5, 4), (6, 4), (6, 5), (6, 6), (5, 6), (5, 5), (5, 4), (4, 4), (3, 4), (2, 4), (1, 4), (1, 5), (1, 6)]
success=True

Episode 11100 | mean return   -369.0 | success rate  34.0%
Episode 11200 | mean return   -485.9 | success rate  29.0%
Episode 11300 | mean return   -311.8 | success rate  37.0%
Episode 11400 | mean return   -436.2 | success rate  31.0%
Episode 11500 | mean return   -328.4 | success rate  36.0%
Episode 11600 | mean return   -286.3 | success rate  38.0%
Episode 11700 | mean return   -394.6 | success rate  33.0%
Episode 11800 | mean return   -422.4 | success rate  31.0%
Episode 11900 | mean return    -85.3 | success rate  49.0%
Episode 12000 | mean return   -201.9 | success rate  42.0%
phase=train, time=morning
steps=101
trajectory=[(1, 1), (2, 1), (2, 2), (3, 2), (4, 2), (5, 2), (5, 1), (6, 1), (5, 1), (5, 2), (5, 3), (5, 4), (5, 3), (5, 4), (5, 3), (5, 4), (5, 3), (5, 4), (5, 3), (5, 4), (5, 3), (5, 4), (5, 3), (5, 4), (5, 3), (5, 4), (5, 3), (5, 4), (5, 3), (5, 4), (5, 3), (5, 4), (5, 3), (5, 4), (5, 3), (5, 4), (5, 3), (5, 4), (5, 3), (5, 4), (5, 3), (5, 4), (5, 3), (5, 4), (5, 3), (5, 4), (5, 3), (5, 4), (5, 3), (5, 4), (5, 3), (5, 4), (5, 3), (5, 4), (5, 3), (5, 4), (5, 3), (5, 4), (5, 3), (5, 4), (5, 3), (5, 4), (5, 3), (5, 4), (5, 3), (5, 4), (5, 3), (5, 4), (5, 3), (5, 4), (5, 3), (5, 4), (5, 3), (5, 4), (5, 3), (5, 4), (5, 3), (5, 4), (5, 3), (5, 4), (5, 3), (5, 4), (5, 3), (5, 4), (5, 3), (5, 4), (5, 3), (5, 4), (5, 3), (5, 4), (5, 3), (5, 4), (5, 3), (5, 4), (5, 3), (5, 4), (5, 3), (5, 4), (5, 3), (5, 4), (5, 3), (5, 4)]
success=False

phase=train, time=evening
steps=21
trajectory=[(1, 1), (2, 1), (2, 2), (3, 2), (4, 2), (5, 2), (5, 3), (6, 3), (6, 4), (6, 5), (6, 6), (5, 6), (5, 5), (5, 4), (5, 3), (4, 3), (3, 3), (2, 3), (1, 3), (1, 4), (1, 5), (1, 6)]
success=True

phase=test, time=morning
steps=101
trajectory=[(1, 1), (2, 1), (1, 1), (2, 1), (1, 1), (2, 1), (1, 1), (2, 1), (1, 1), (2, 1), (1, 1), (2, 1), (1, 1), (2, 1), (1, 1), (2, 1), (1, 1), (2, 1), (1, 1), (2, 1), (1, 1), (2, 1), (1, 1), (2, 1), (1, 1), (2, 1), (1, 1), (2, 1), (1, 1), (2, 1), (1, 1), (2, 1), (1, 1), (2, 1), (1, 1), (2, 1), (1, 1), (2, 1), (1, 1), (2, 1), (1, 1), (2, 1), (1, 1), (2, 1), (1, 1), (2, 1), (1, 1), (2, 1), (1, 1), (2, 1), (1, 1), (2, 1), (1, 1), (2, 1), (1, 1), (2, 1), (1, 1), (2, 1), (1, 1), (2, 1), (1, 1), (2, 1), (1, 1), (2, 1), (1, 1), (2, 1), (1, 1), (2, 1), (1, 1), (2, 1), (1, 1), (2, 1), (1, 1), (2, 1), (1, 1), (2, 1), (1, 1), (2, 1), (1, 1), (2, 1), (1, 1), (2, 1), (1, 1), (2, 1), (1, 1), (2, 1), (1, 1), (2, 1), (1, 1), (2, 1), (1, 1), (2, 1), (1, 1), (2, 1), (1, 1), (2, 1), (1, 1), (2, 1), (1, 1), (2, 1), (1, 1), (2, 1)]
success=False

phase=test, time=evening
steps=19
trajectory=[(1, 1), (2, 1), (2, 2), (2, 3), (3, 3), (4, 3), (5, 3), (5, 4), (6, 4), (6, 5), (6, 6), (5, 6), (5, 5), (5, 4), (4, 4), (3, 4), (2, 4), (1, 4), (1, 5), (1, 6)]
success=True

Episode 12100 | mean return   -228.2 | success rate  41.0%
Episode 12200 | mean return   -523.4 | success rate  27.0%
Episode 12300 | mean return   -325.1 | success rate  36.0%
Episode 12400 | mean return   -368.0 | success rate  34.0%
Episode 12500 | mean return   -220.8 | success rate  41.0%
Episode 12600 | mean return   -226.9 | success rate  41.0%
Episode 12700 | mean return     31.0 | success rate  53.0%
Episode 12800 | mean return   -169.7 | success rate  44.0%
Episode 12900 | mean return    -94.3 | success rate  47.0%
Episode 13000 | mean return   -249.6 | success rate  40.0%
phase=train, time=morning
steps=17
trajectory=[(1, 1), (2, 1), (2, 2), (3, 2), (4, 2), (5, 2), (5, 1), (6, 1), (5, 1), (5, 2), (5, 3), (4, 3), (3, 3), (2, 3), (1, 3), (1, 4), (1, 5), (1, 6)]
success=True

phase=train, time=evening
steps=21
trajectory=[(1, 1), (2, 1), (2, 2), (3, 2), (4, 2), (5, 2), (5, 3), (6, 3), (6, 4), (6, 5), (6, 6), (5, 6), (5, 5), (5, 4), (5, 3), (4, 3), (3, 3), (2, 3), (1, 3), (1, 4), (1, 5), (1, 6)]
success=True

phase=test, time=morning
steps=101
trajectory=[(1, 1), (2, 1), (1, 1), (2, 1), (1, 1), (2, 1), (1, 1), (2, 1), (1, 1), (2, 1), (1, 1), (2, 1), (1, 1), (2, 1), (1, 1), (2, 1), (1, 1), (2, 1), (1, 1), (2, 1), (1, 1), (2, 1), (1, 1), (2, 1), (1, 1), (2, 1), (1, 1), (2, 1), (1, 1), (2, 1), (1, 1), (2, 1), (1, 1), (2, 1), (1, 1), (2, 1), (1, 1), (2, 1), (1, 1), (2, 1), (1, 1), (2, 1), (1, 1), (2, 1), (1, 1), (2, 1), (1, 1), (2, 1), (1, 1), (2, 1), (1, 1), (2, 1), (1, 1), (2, 1), (1, 1), (2, 1), (1, 1), (2, 1), (1, 1), (2, 1), (1, 1), (2, 1), (1, 1), (2, 1), (1, 1), (2, 1), (1, 1), (2, 1), (1, 1), (2, 1), (1, 1), (2, 1), (1, 1), (2, 1), (1, 1), (2, 1), (1, 1), (2, 1), (1, 1), (2, 1), (1, 1), (2, 1), (1, 1), (2, 1), (1, 1), (2, 1), (1, 1), (2, 1), (1, 1), (2, 1), (1, 1), (2, 1), (1, 1), (2, 1), (1, 1), (2, 1), (1, 1), (2, 1), (1, 1), (2, 1), (1, 1), (2, 1)]
success=False

phase=test, time=evening
steps=19
trajectory=[(1, 1), (2, 1), (2, 2), (2, 3), (3, 3), (4, 3), (5, 3), (5, 4), (6, 4), (6, 5), (6, 6), (5, 6), (5, 5), (5, 4), (4, 4), (3, 4), (2, 4), (1, 4), (1, 5), (1, 6)]
success=True

Episode 13100 | mean return   -212.4 | success rate  42.0%
Episode 13200 | mean return   -102.2 | success rate  47.0%
Episode 13300 | mean return   -246.9 | success rate  40.0%
Episode 13400 | mean return   -140.0 | success rate  45.0%
Episode 13500 | mean return   -305.2 | success rate  37.0%
Episode 13600 | mean return   -104.6 | success rate  47.0%
Episode 13700 | mean return   -164.3 | success rate  44.0%
Episode 13800 | mean return   -140.4 | success rate  45.0%
Episode 13900 | mean return     16.8 | success rate  53.0%
Episode 14000 | mean return    -60.3 | success rate  49.0%
phase=train, time=morning
steps=101
trajectory=[(1, 1), (2, 1), (2, 2), (3, 2), (4, 2), (5, 2), (5, 1), (6, 1), (6, 2), (5, 2), (5, 3), (5, 4), (5, 3), (5, 4), (5, 3), (5, 4), (5, 3), (5, 4), (5, 3), (5, 4), (5, 3), (5, 4), (5, 3), (5, 4), (5, 3), (5, 4), (5, 3), (5, 4), (5, 3), (5, 4), (5, 3), (5, 4), (5, 3), (5, 4), (5, 3), (5, 4), (5, 3), (5, 4), (5, 3), (5, 4), (5, 3), (5, 4), (5, 3), (5, 4), (5, 3), (5, 4), (5, 3), (5, 4), (5, 3), (5, 4), (5, 3), (5, 4), (5, 3), (5, 4), (5, 3), (5, 4), (5, 3), (5, 4), (5, 3), (5, 4), (5, 3), (5, 4), (5, 3), (5, 4), (5, 3), (5, 4), (5, 3), (5, 4), (5, 3), (5, 4), (5, 3), (5, 4), (5, 3), (5, 4), (5, 3), (5, 4), (5, 3), (5, 4), (5, 3), (5, 4), (5, 3), (5, 4), (5, 3), (5, 4), (5, 3), (5, 4), (5, 3), (5, 4), (5, 3), (5, 4), (5, 3), (5, 4), (5, 3), (5, 4), (5, 3), (5, 4), (5, 3), (5, 4), (5, 3), (5, 4), (5, 3), (5, 4)]
success=False

phase=train, time=evening
steps=101
trajectory=[(1, 1), (2, 1), (2, 2), (3, 2), (4, 2), (5, 2), (5, 3), (5, 4), (5, 5), (5, 6), (6, 6), (6, 6), (6, 6), (6, 6), (6, 6), (6, 6), (6, 6), (6, 6), (6, 6), (6, 6), (6, 6), (6, 6), (6, 6), (6, 6), (6, 6), (6, 6), (6, 6), (6, 6), (6, 6), (6, 6), (6, 6), (6, 6), (6, 6), (6, 6), (6, 6), (6, 6), (6, 6), (6, 6), (6, 6), (6, 6), (6, 6), (6, 6), (6, 6), (6, 6), (6, 6), (6, 6), (6, 6), (6, 6), (6, 6), (6, 6), (6, 6), (6, 6), (6, 6), (6, 6), (6, 6), (6, 6), (6, 6), (6, 6), (6, 6), (6, 6), (6, 6), (6, 6), (6, 6), (6, 6), (6, 6), (6, 6), (6, 6), (6, 6), (6, 6), (6, 6), (6, 6), (6, 6), (6, 6), (6, 6), (6, 6), (6, 6), (6, 6), (6, 6), (6, 6), (6, 6), (6, 6), (6, 6), (6, 6), (6, 6), (6, 6), (6, 6), (6, 6), (6, 6), (6, 6), (6, 6), (6, 6), (6, 6), (6, 6), (6, 6), (6, 6), (6, 6), (6, 6), (6, 6), (6, 6), (6, 6), (6, 6), (6, 6)]
success=False

phase=test, time=morning
steps=101
trajectory=[(1, 1), (2, 1), (1, 1), (2, 1), (1, 1), (2, 1), (1, 1), (2, 1), (1, 1), (2, 1), (1, 1), (2, 1), (1, 1), (2, 1), (1, 1), (2, 1), (1, 1), (2, 1), (1, 1), (2, 1), (1, 1), (2, 1), (1, 1), (2, 1), (1, 1), (2, 1), (1, 1), (2, 1), (1, 1), (2, 1), (1, 1), (2, 1), (1, 1), (2, 1), (1, 1), (2, 1), (1, 1), (2, 1), (1, 1), (2, 1), (1, 1), (2, 1), (1, 1), (2, 1), (1, 1), (2, 1), (1, 1), (2, 1), (1, 1), (2, 1), (1, 1), (2, 1), (1, 1), (2, 1), (1, 1), (2, 1), (1, 1), (2, 1), (1, 1), (2, 1), (1, 1), (2, 1), (1, 1), (2, 1), (1, 1), (2, 1), (1, 1), (2, 1), (1, 1), (2, 1), (1, 1), (2, 1), (1, 1), (2, 1), (1, 1), (2, 1), (1, 1), (2, 1), (1, 1), (2, 1), (1, 1), (2, 1), (1, 1), (2, 1), (1, 1), (2, 1), (1, 1), (2, 1), (1, 1), (2, 1), (1, 1), (2, 1), (1, 1), (2, 1), (1, 1), (2, 1), (1, 1), (2, 1), (1, 1), (2, 1), (1, 1), (2, 1)]
success=False

phase=test, time=evening
steps=101
trajectory=[(1, 1), (2, 1), (2, 2), (2, 3), (3, 3), (4, 3), (5, 3), (5, 4), (5, 5), (6, 5), (6, 6), (6, 6), (6, 6), (6, 6), (6, 6), (6, 6), (6, 6), (6, 6), (6, 6), (6, 6), (6, 6), (6, 6), (6, 6), (6, 6), (6, 6), (6, 6), (6, 6), (6, 6), (6, 6), (6, 6), (6, 6), (6, 6), (6, 6), (6, 6), (6, 6), (6, 6), (6, 6), (6, 6), (6, 6), (6, 6), (6, 6), (6, 6), (6, 6), (6, 6), (6, 6), (6, 6), (6, 6), (6, 6), (6, 6), (6, 6), (6, 6), (6, 6), (6, 6), (6, 6), (6, 6), (6, 6), (6, 6), (6, 6), (6, 6), (6, 6), (6, 6), (6, 6), (6, 6), (6, 6), (6, 6), (6, 6), (6, 6), (6, 6), (6, 6), (6, 6), (6, 6), (6, 6), (6, 6), (6, 6), (6, 6), (6, 6), (6, 6), (6, 6), (6, 6), (6, 6), (6, 6), (6, 6), (6, 6), (6, 6), (6, 6), (6, 6), (6, 6), (6, 6), (6, 6), (6, 6), (6, 6), (6, 6), (6, 6), (6, 6), (6, 6), (6, 6), (6, 6), (6, 6), (6, 6), (6, 6), (6, 6), (6, 6)]
success=False

Episode 14100 | mean return   -129.2 | success rate  46.0%
Episode 14200 | mean return   -188.8 | success rate  43.0%
Episode 14300 | mean return     -5.2 | success rate  52.0%
Episode 14400 | mean return    -20.1 | success rate  51.0%
Episode 14500 | mean return   -239.2 | success rate  40.0%
Episode 14600 | mean return    -18.2 | success rate  51.0%
Episode 14700 | mean return   -293.0 | success rate  38.0%
Episode 14800 | mean return   -386.3 | success rate  33.0%
Episode 14900 | mean return   -210.5 | success rate  42.0%
Episode 15000 | mean return   -185.4 | success rate  43.0%
phase=train, time=morning
steps=17
trajectory=[(1, 1), (2, 1), (2, 2), (3, 2), (4, 2), (5, 2), (5, 1), (6, 1), (5, 1), (5, 2), (5, 3), (4, 3), (3, 3), (2, 3), (1, 3), (1, 4), (1, 5), (1, 6)]
success=True

phase=train, time=evening
steps=101
trajectory=[(1, 1), (2, 1), (2, 2), (3, 2), (4, 2), (5, 2), (5, 3), (5, 4), (5, 5), (5, 6), (6, 6), (6, 6), (6, 6), (6, 6), (6, 6), (6, 6), (6, 6), (6, 6), (6, 6), (6, 6), (6, 6), (6, 6), (6, 6), (6, 6), (6, 6), (6, 6), (6, 6), (6, 6), (6, 6), (6, 6), (6, 6), (6, 6), (6, 6), (6, 6), (6, 6), (6, 6), (6, 6), (6, 6), (6, 6), (6, 6), (6, 6), (6, 6), (6, 6), (6, 6), (6, 6), (6, 6), (6, 6), (6, 6), (6, 6), (6, 6), (6, 6), (6, 6), (6, 6), (6, 6), (6, 6), (6, 6), (6, 6), (6, 6), (6, 6), (6, 6), (6, 6), (6, 6), (6, 6), (6, 6), (6, 6), (6, 6), (6, 6), (6, 6), (6, 6), (6, 6), (6, 6), (6, 6), (6, 6), (6, 6), (6, 6), (6, 6), (6, 6), (6, 6), (6, 6), (6, 6), (6, 6), (6, 6), (6, 6), (6, 6), (6, 6), (6, 6), (6, 6), (6, 6), (6, 6), (6, 6), (6, 6), (6, 6), (6, 6), (6, 6), (6, 6), (6, 6), (6, 6), (6, 6), (6, 6), (6, 6), (6, 6), (6, 6)]
success=False

phase=test, time=morning
steps=101
trajectory=[(1, 1), (2, 1), (1, 1), (2, 1), (1, 1), (2, 1), (1, 1), (2, 1), (1, 1), (2, 1), (1, 1), (2, 1), (1, 1), (2, 1), (1, 1), (2, 1), (1, 1), (2, 1), (1, 1), (2, 1), (1, 1), (2, 1), (1, 1), (2, 1), (1, 1), (2, 1), (1, 1), (2, 1), (1, 1), (2, 1), (1, 1), (2, 1), (1, 1), (2, 1), (1, 1), (2, 1), (1, 1), (2, 1), (1, 1), (2, 1), (1, 1), (2, 1), (1, 1), (2, 1), (1, 1), (2, 1), (1, 1), (2, 1), (1, 1), (2, 1), (1, 1), (2, 1), (1, 1), (2, 1), (1, 1), (2, 1), (1, 1), (2, 1), (1, 1), (2, 1), (1, 1), (2, 1), (1, 1), (2, 1), (1, 1), (2, 1), (1, 1), (2, 1), (1, 1), (2, 1), (1, 1), (2, 1), (1, 1), (2, 1), (1, 1), (2, 1), (1, 1), (2, 1), (1, 1), (2, 1), (1, 1), (2, 1), (1, 1), (2, 1), (1, 1), (2, 1), (1, 1), (2, 1), (1, 1), (2, 1), (1, 1), (2, 1), (1, 1), (2, 1), (1, 1), (2, 1), (1, 1), (2, 1), (1, 1), (2, 1), (1, 1), (2, 1)]
success=False

phase=test, time=evening
steps=101
trajectory=[(1, 1), (2, 1), (2, 2), (2, 3), (3, 3), (4, 3), (5, 3), (5, 4), (5, 5), (6, 5), (6, 6), (6, 6), (6, 6), (6, 6), (6, 6), (6, 6), (6, 6), (6, 6), (6, 6), (6, 6), (6, 6), (6, 6), (6, 6), (6, 6), (6, 6), (6, 6), (6, 6), (6, 6), (6, 6), (6, 6), (6, 6), (6, 6), (6, 6), (6, 6), (6, 6), (6, 6), (6, 6), (6, 6), (6, 6), (6, 6), (6, 6), (6, 6), (6, 6), (6, 6), (6, 6), (6, 6), (6, 6), (6, 6), (6, 6), (6, 6), (6, 6), (6, 6), (6, 6), (6, 6), (6, 6), (6, 6), (6, 6), (6, 6), (6, 6), (6, 6), (6, 6), (6, 6), (6, 6), (6, 6), (6, 6), (6, 6), (6, 6), (6, 6), (6, 6), (6, 6), (6, 6), (6, 6), (6, 6), (6, 6), (6, 6), (6, 6), (6, 6), (6, 6), (6, 6), (6, 6), (6, 6), (6, 6), (6, 6), (6, 6), (6, 6), (6, 6), (6, 6), (6, 6), (6, 6), (6, 6), (6, 6), (6, 6), (6, 6), (6, 6), (6, 6), (6, 6), (6, 6), (6, 6), (6, 6), (6, 6), (6, 6), (6, 6)]
success=False

Episode 15100 | mean return   -230.0 | success rate  41.0%
Episode 15200 | mean return    112.4 | success rate  57.0%
Episode 15300 | mean return   -357.1 | success rate  35.0%
Episode 15400 | mean return   -213.4 | success rate  42.0%
Episode 15500 | mean return   -286.5 | success rate  38.0%
Episode 15600 | mean return   -243.6 | success rate  40.0%
Episode 15700 | mean return   -397.6 | success rate  33.0%
Episode 15800 | mean return   -235.6 | success rate  41.0%
Episode 15900 | mean return   -167.4 | success rate  44.0%
Episode 16000 | mean return   -415.0 | success rate  32.0%
phase=train, time=morning
steps=101
trajectory=[(1, 1), (2, 1), (2, 2), (3, 2), (4, 2), (5, 2), (5, 1), (6, 1), (6, 2), (5, 2), (5, 3), (5, 4), (6, 4), (5, 4), (6, 4), (5, 4), (6, 4), (5, 4), (6, 4), (5, 4), (6, 4), (5, 4), (6, 4), (5, 4), (6, 4), (5, 4), (6, 4), (5, 4), (6, 4), (5, 4), (6, 4), (5, 4), (6, 4), (5, 4), (6, 4), (5, 4), (6, 4), (5, 4), (6, 4), (5, 4), (6, 4), (5, 4), (6, 4), (5, 4), (6, 4), (5, 4), (6, 4), (5, 4), (6, 4), (5, 4), (6, 4), (5, 4), (6, 4), (5, 4), (6, 4), (5, 4), (6, 4), (5, 4), (6, 4), (5, 4), (6, 4), (5, 4), (6, 4), (5, 4), (6, 4), (5, 4), (6, 4), (5, 4), (6, 4), (5, 4), (6, 4), (5, 4), (6, 4), (5, 4), (6, 4), (5, 4), (6, 4), (5, 4), (6, 4), (5, 4), (6, 4), (5, 4), (6, 4), (5, 4), (6, 4), (5, 4), (6, 4), (5, 4), (6, 4), (5, 4), (6, 4), (5, 4), (6, 4), (5, 4), (6, 4), (5, 4), (6, 4), (5, 4), (6, 4), (5, 4), (6, 4), (5, 4)]
success=False

phase=train, time=evening
steps=21
trajectory=[(1, 1), (2, 1), (2, 2), (3, 2), (4, 2), (5, 2), (5, 3), (5, 4), (6, 4), (6, 5), (6, 6), (5, 6), (5, 5), (5, 4), (5, 3), (4, 3), (3, 3), (2, 3), (1, 3), (1, 4), (1, 5), (1, 6)]
success=True

phase=test, time=morning
steps=101
trajectory=[(1, 1), (2, 1), (1, 1), (2, 1), (1, 1), (2, 1), (1, 1), (2, 1), (1, 1), (2, 1), (1, 1), (2, 1), (1, 1), (2, 1), (1, 1), (2, 1), (1, 1), (2, 1), (1, 1), (2, 1), (1, 1), (2, 1), (1, 1), (2, 1), (1, 1), (2, 1), (1, 1), (2, 1), (1, 1), (2, 1), (1, 1), (2, 1), (1, 1), (2, 1), (1, 1), (2, 1), (1, 1), (2, 1), (1, 1), (2, 1), (1, 1), (2, 1), (1, 1), (2, 1), (1, 1), (2, 1), (1, 1), (2, 1), (1, 1), (2, 1), (1, 1), (2, 1), (1, 1), (2, 1), (1, 1), (2, 1), (1, 1), (2, 1), (1, 1), (2, 1), (1, 1), (2, 1), (1, 1), (2, 1), (1, 1), (2, 1), (1, 1), (2, 1), (1, 1), (2, 1), (1, 1), (2, 1), (1, 1), (2, 1), (1, 1), (2, 1), (1, 1), (2, 1), (1, 1), (2, 1), (1, 1), (2, 1), (1, 1), (2, 1), (1, 1), (2, 1), (1, 1), (2, 1), (1, 1), (2, 1), (1, 1), (2, 1), (1, 1), (2, 1), (1, 1), (2, 1), (1, 1), (2, 1), (1, 1), (2, 1), (1, 1), (2, 1)]
success=False

phase=test, time=evening
steps=19
trajectory=[(1, 1), (2, 1), (2, 2), (2, 3), (3, 3), (4, 3), (5, 3), (5, 4), (5, 5), (6, 5), (6, 6), (5, 6), (5, 5), (5, 4), (4, 4), (3, 4), (2, 4), (1, 4), (1, 5), (1, 6)]
success=True

Episode 16100 | mean return   -299.3 | success rate  37.0%
Episode 16200 | mean return   -251.8 | success rate  40.0%
Episode 16300 | mean return   -256.4 | success rate  40.0%
Episode 16400 | mean return   -368.0 | success rate  34.0%
Episode 16500 | mean return   -146.8 | success rate  45.0%
Episode 16600 | mean return   -220.2 | success rate  41.0%
Episode 16700 | mean return   -196.2 | success rate  43.0%
Episode 16800 | mean return   -189.2 | success rate  43.0%
Episode 16900 | mean return   -102.8 | success rate  47.0%
Episode 17000 | mean return    -86.5 | success rate  48.0%
phase=train, time=morning
steps=17
trajectory=[(1, 1), (2, 1), (2, 2), (3, 2), (4, 2), (5, 2), (5, 1), (6, 1), (5, 1), (5, 2), (5, 3), (4, 3), (3, 3), (2, 3), (1, 3), (1, 4), (1, 5), (1, 6)]
success=True

phase=train, time=evening
steps=21
trajectory=[(1, 1), (2, 1), (2, 2), (3, 2), (4, 2), (5, 2), (5, 3), (5, 4), (6, 4), (6, 5), (6, 6), (6, 5), (5, 5), (5, 4), (5, 3), (4, 3), (3, 3), (2, 3), (1, 3), (1, 4), (1, 5), (1, 6)]
success=True

phase=test, time=morning
steps=101
trajectory=[(1, 1), (2, 1), (1, 1), (2, 1), (1, 1), (2, 1), (1, 1), (2, 1), (1, 1), (2, 1), (1, 1), (2, 1), (1, 1), (2, 1), (1, 1), (2, 1), (1, 1), (2, 1), (1, 1), (2, 1), (1, 1), (2, 1), (1, 1), (2, 1), (1, 1), (2, 1), (1, 1), (2, 1), (1, 1), (2, 1), (1, 1), (2, 1), (1, 1), (2, 1), (1, 1), (2, 1), (1, 1), (2, 1), (1, 1), (2, 1), (1, 1), (2, 1), (1, 1), (2, 1), (1, 1), (2, 1), (1, 1), (2, 1), (1, 1), (2, 1), (1, 1), (2, 1), (1, 1), (2, 1), (1, 1), (2, 1), (1, 1), (2, 1), (1, 1), (2, 1), (1, 1), (2, 1), (1, 1), (2, 1), (1, 1), (2, 1), (1, 1), (2, 1), (1, 1), (2, 1), (1, 1), (2, 1), (1, 1), (2, 1), (1, 1), (2, 1), (1, 1), (2, 1), (1, 1), (2, 1), (1, 1), (2, 1), (1, 1), (2, 1), (1, 1), (2, 1), (1, 1), (2, 1), (1, 1), (2, 1), (1, 1), (2, 1), (1, 1), (2, 1), (1, 1), (2, 1), (1, 1), (2, 1), (1, 1), (2, 1), (1, 1), (2, 1)]
success=False

phase=test, time=evening
steps=19
trajectory=[(1, 1), (2, 1), (2, 2), (2, 3), (3, 3), (4, 3), (5, 3), (5, 4), (5, 5), (6, 5), (6, 6), (6, 5), (5, 5), (5, 4), (4, 4), (3, 4), (2, 4), (1, 4), (1, 5), (1, 6)]
success=True

Episode 17100 | mean return   -262.5 | success rate  40.0%
Episode 17200 | mean return   -247.9 | success rate  40.0%
Episode 17300 | mean return   -272.6 | success rate  39.0%
Episode 17400 | mean return   -245.8 | success rate  40.0%
Episode 17500 | mean return   -201.0 | success rate  42.0%
Episode 17600 | mean return   -326.7 | success rate  36.0%
Episode 17700 | mean return   -171.3 | success rate  44.0%
Episode 17800 | mean return   -207.8 | success rate  42.0%
Episode 17900 | mean return   -238.3 | success rate  40.0%
Episode 18000 | mean return     63.8 | success rate  55.0%
phase=train, time=morning
steps=17
trajectory=[(1, 1), (2, 1), (2, 2), (3, 2), (4, 2), (5, 2), (5, 1), (6, 1), (5, 1), (5, 2), (5, 3), (4, 3), (3, 3), (2, 3), (1, 3), (1, 4), (1, 5), (1, 6)]
success=True

phase=train, time=evening
steps=101
trajectory=[(1, 1), (2, 1), (2, 2), (3, 2), (4, 2), (5, 2), (5, 3), (6, 3), (6, 4), (6, 5), (6, 6), (6, 6), (6, 6), (6, 6), (6, 6), (6, 6), (6, 6), (6, 6), (6, 6), (6, 6), (6, 6), (6, 6), (6, 6), (6, 6), (6, 6), (6, 6), (6, 6), (6, 6), (6, 6), (6, 6), (6, 6), (6, 6), (6, 6), (6, 6), (6, 6), (6, 6), (6, 6), (6, 6), (6, 6), (6, 6), (6, 6), (6, 6), (6, 6), (6, 6), (6, 6), (6, 6), (6, 6), (6, 6), (6, 6), (6, 6), (6, 6), (6, 6), (6, 6), (6, 6), (6, 6), (6, 6), (6, 6), (6, 6), (6, 6), (6, 6), (6, 6), (6, 6), (6, 6), (6, 6), (6, 6), (6, 6), (6, 6), (6, 6), (6, 6), (6, 6), (6, 6), (6, 6), (6, 6), (6, 6), (6, 6), (6, 6), (6, 6), (6, 6), (6, 6), (6, 6), (6, 6), (6, 6), (6, 6), (6, 6), (6, 6), (6, 6), (6, 6), (6, 6), (6, 6), (6, 6), (6, 6), (6, 6), (6, 6), (6, 6), (6, 6), (6, 6), (6, 6), (6, 6), (6, 6), (6, 6), (6, 6), (6, 6)]
success=False

phase=test, time=morning
steps=101
trajectory=[(1, 1), (2, 1), (1, 1), (2, 1), (1, 1), (2, 1), (1, 1), (2, 1), (1, 1), (2, 1), (1, 1), (2, 1), (1, 1), (2, 1), (1, 1), (2, 1), (1, 1), (2, 1), (1, 1), (2, 1), (1, 1), (2, 1), (1, 1), (2, 1), (1, 1), (2, 1), (1, 1), (2, 1), (1, 1), (2, 1), (1, 1), (2, 1), (1, 1), (2, 1), (1, 1), (2, 1), (1, 1), (2, 1), (1, 1), (2, 1), (1, 1), (2, 1), (1, 1), (2, 1), (1, 1), (2, 1), (1, 1), (2, 1), (1, 1), (2, 1), (1, 1), (2, 1), (1, 1), (2, 1), (1, 1), (2, 1), (1, 1), (2, 1), (1, 1), (2, 1), (1, 1), (2, 1), (1, 1), (2, 1), (1, 1), (2, 1), (1, 1), (2, 1), (1, 1), (2, 1), (1, 1), (2, 1), (1, 1), (2, 1), (1, 1), (2, 1), (1, 1), (2, 1), (1, 1), (2, 1), (1, 1), (2, 1), (1, 1), (2, 1), (1, 1), (2, 1), (1, 1), (2, 1), (1, 1), (2, 1), (1, 1), (2, 1), (1, 1), (2, 1), (1, 1), (2, 1), (1, 1), (2, 1), (1, 1), (2, 1), (1, 1), (2, 1)]
success=False

phase=test, time=evening
steps=101
trajectory=[(1, 1), (2, 1), (2, 2), (2, 3), (3, 3), (4, 3), (5, 3), (5, 4), (6, 4), (6, 5), (6, 6), (6, 6), (6, 6), (6, 6), (6, 6), (6, 6), (6, 6), (6, 6), (6, 6), (6, 6), (6, 6), (6, 6), (6, 6), (6, 6), (6, 6), (6, 6), (6, 6), (6, 6), (6, 6), (6, 6), (6, 6), (6, 6), (6, 6), (6, 6), (6, 6), (6, 6), (6, 6), (6, 6), (6, 6), (6, 6), (6, 6), (6, 6), (6, 6), (6, 6), (6, 6), (6, 6), (6, 6), (6, 6), (6, 6), (6, 6), (6, 6), (6, 6), (6, 6), (6, 6), (6, 6), (6, 6), (6, 6), (6, 6), (6, 6), (6, 6), (6, 6), (6, 6), (6, 6), (6, 6), (6, 6), (6, 6), (6, 6), (6, 6), (6, 6), (6, 6), (6, 6), (6, 6), (6, 6), (6, 6), (6, 6), (6, 6), (6, 6), (6, 6), (6, 6), (6, 6), (6, 6), (6, 6), (6, 6), (6, 6), (6, 6), (6, 6), (6, 6), (6, 6), (6, 6), (6, 6), (6, 6), (6, 6), (6, 6), (6, 6), (6, 6), (6, 6), (6, 6), (6, 6), (6, 6), (6, 6), (6, 6), (6, 6)]
success=False

Episode 18100 | mean return     -2.1 | success rate  52.0%
Episode 18200 | mean return    -60.4 | success rate  49.0%
Episode 18300 | mean return     52.1 | success rate  55.0%
Episode 18400 | mean return   -394.9 | success rate  33.0%
Episode 18500 | mean return    -86.3 | success rate  48.0%
Episode 18600 | mean return     77.2 | success rate  57.0%
No existing weights found. Training from scratch.
Episode   100 | mean return  -1018.9 | success rate   0.0%
Episode   200 | mean return  -1018.7 | success rate   0.0%
Episode   300 | mean return  -1017.9 | success rate   0.0%
Episode   400 | mean return  -1014.7 | success rate   0.0%
Episode   500 | mean return  -1017.1 | success rate   0.0%
Episode   600 | mean return  -1020.5 | success rate   0.0%
Episode   700 | mean return  -1019.4 | success rate   0.0%
Episode   800 | mean return   -998.5 | success rate   1.0%
Episode   900 | mean return  -1019.7 | success rate   0.0%
Episode  1000 | mean return  -1023.4 | success rate   0.0%
phase=train, time=morning
steps=101
trajectory=[(1, 1), (1, 2), (2, 2), (3, 2), (4, 2), (5, 2), (5, 1), (6, 1), (5, 1), (6, 1), (5, 1), (6, 1), (5, 1), (6, 1), (5, 1), (6, 1), (5, 1), (6, 1), (5, 1), (6, 1), (5, 1), (6, 1), (5, 1), (6, 1), (5, 1), (6, 1), (5, 1), (6, 1), (5, 1), (6, 1), (5, 1), (6, 1), (5, 1), (6, 1), (5, 1), (6, 1), (5, 1), (6, 1), (5, 1), (6, 1), (5, 1), (6, 1), (5, 1), (6, 1), (5, 1), (6, 1), (5, 1), (6, 1), (5, 1), (6, 1), (5, 1), (6, 1), (5, 1), (6, 1), (5, 1), (6, 1), (5, 1), (6, 1), (5, 1), (6, 1), (5, 1), (6, 1), (5, 1), (6, 1), (5, 1), (6, 1), (5, 1), (6, 1), (5, 1), (6, 1), (5, 1), (6, 1), (5, 1), (6, 1), (5, 1), (6, 1), (5, 1), (6, 1), (5, 1), (6, 1), (5, 1), (6, 1), (5, 1), (6, 1), (5, 1), (6, 1), (5, 1), (6, 1), (5, 1), (6, 1), (5, 1), (6, 1), (5, 1), (6, 1), (5, 1), (6, 1), (5, 1), (6, 1), (5, 1), (6, 1), (5, 1), (6, 1)]
success=False

phase=train, time=evening
steps=101
trajectory=[(1, 1), (1, 2), (2, 2), (3, 2), (4, 2), (5, 2), (5, 3), (5, 4), (5, 5), (6, 5), (6, 5), (6, 5), (6, 5), (6, 5), (6, 5), (6, 5), (6, 5), (6, 5), (6, 5), (6, 5), (6, 5), (6, 5), (6, 5), (6, 5), (6, 5), (6, 5), (6, 5), (6, 5), (6, 5), (6, 5), (6, 5), (6, 5), (6, 5), (6, 5), (6, 5), (6, 5), (6, 5), (6, 5), (6, 5), (6, 5), (6, 5), (6, 5), (6, 5), (6, 5), (6, 5), (6, 5), (6, 5), (6, 5), (6, 5), (6, 5), (6, 5), (6, 5), (6, 5), (6, 5), (6, 5), (6, 5), (6, 5), (6, 5), (6, 5), (6, 5), (6, 5), (6, 5), (6, 5), (6, 5), (6, 5), (6, 5), (6, 5), (6, 5), (6, 5), (6, 5), (6, 5), (6, 5), (6, 5), (6, 5), (6, 5), (6, 5), (6, 5), (6, 5), (6, 5), (6, 5), (6, 5), (6, 5), (6, 5), (6, 5), (6, 5), (6, 5), (6, 5), (6, 5), (6, 5), (6, 5), (6, 5), (6, 5), (6, 5), (6, 5), (6, 5), (6, 5), (6, 5), (6, 5), (6, 5), (6, 5), (6, 5), (6, 5)]
success=False

phase=test, time=morning
steps=101
trajectory=[(1, 1), (1, 2), (2, 2), (1, 2), (2, 2), (1, 2), (2, 2), (1, 2), (2, 2), (1, 2), (2, 2), (1, 2), (2, 2), (1, 2), (2, 2), (1, 2), (2, 2), (1, 2), (2, 2), (1, 2), (2, 2), (1, 2), (2, 2), (1, 2), (2, 2), (1, 2), (2, 2), (1, 2), (2, 2), (1, 2), (2, 2), (1, 2), (2, 2), (1, 2), (2, 2), (1, 2), (2, 2), (1, 2), (2, 2), (1, 2), (2, 2), (1, 2), (2, 2), (1, 2), (2, 2), (1, 2), (2, 2), (1, 2), (2, 2), (1, 2), (2, 2), (1, 2), (2, 2), (1, 2), (2, 2), (1, 2), (2, 2), (1, 2), (2, 2), (1, 2), (2, 2), (1, 2), (2, 2), (1, 2), (2, 2), (1, 2), (2, 2), (1, 2), (2, 2), (1, 2), (2, 2), (1, 2), (2, 2), (1, 2), (2, 2), (1, 2), (2, 2), (1, 2), (2, 2), (1, 2), (2, 2), (1, 2), (2, 2), (1, 2), (2, 2), (1, 2), (2, 2), (1, 2), (2, 2), (1, 2), (2, 2), (1, 2), (2, 2), (1, 2), (2, 2), (1, 2), (2, 2), (1, 2), (2, 2), (1, 2), (2, 2), (1, 2)]
success=False

phase=test, time=evening
steps=101
trajectory=[(1, 1), (1, 2), (2, 2), (1, 2), (2, 2), (1, 2), (2, 2), (1, 2), (2, 2), (1, 2), (2, 2), (1, 2), (2, 2), (1, 2), (2, 2), (1, 2), (2, 2), (1, 2), (2, 2), (1, 2), (2, 2), (1, 2), (2, 2), (1, 2), (2, 2), (1, 2), (2, 2), (1, 2), (2, 2), (1, 2), (2, 2), (1, 2), (2, 2), (1, 2), (2, 2), (1, 2), (2, 2), (1, 2), (2, 2), (1, 2), (2, 2), (1, 2), (2, 2), (1, 2), (2, 2), (1, 2), (2, 2), (1, 2), (2, 2), (1, 2), (2, 2), (1, 2), (2, 2), (1, 2), (2, 2), (1, 2), (2, 2), (1, 2), (2, 2), (1, 2), (2, 2), (1, 2), (2, 2), (1, 2), (2, 2), (1, 2), (2, 2), (1, 2), (2, 2), (1, 2), (2, 2), (1, 2), (2, 2), (1, 2), (2, 2), (1, 2), (2, 2), (1, 2), (2, 2), (1, 2), (2, 2), (1, 2), (2, 2), (1, 2), (2, 2), (1, 2), (2, 2), (1, 2), (2, 2), (1, 2), (2, 2), (1, 2), (2, 2), (1, 2), (2, 2), (1, 2), (2, 2), (1, 2), (2, 2), (1, 2), (2, 2), (1, 2)]
success=False

Episode  1100 | mean return  -1002.6 | success rate   1.0%
Episode  1200 | mean return   -997.8 | success rate   1.0%
Episode  1300 | mean return  -1025.8 | success rate   0.0%
Episode  1400 | mean return  -1026.4 | success rate   0.0%
Episode  1500 | mean return  -1021.9 | success rate   0.0%
Episode  1600 | mean return  -1003.7 | success rate   1.0%
Episode  1700 | mean return  -1007.5 | success rate   1.0%
Episode  1800 | mean return   -990.0 | success rate   2.0%
Episode  1900 | mean return  -1016.8 | success rate   1.0%
Episode  2000 | mean return   -965.0 | success rate   4.0%
phase=train, time=morning
steps=101
trajectory=[(1, 1), (2, 1), (2, 2), (3, 2), (4, 2), (5, 2), (6, 2), (6, 3), (6, 3), (6, 3), (6, 3), (6, 3), (6, 3), (6, 3), (6, 3), (6, 3), (6, 3), (6, 3), (6, 3), (6, 3), (6, 3), (6, 3), (6, 3), (6, 3), (6, 3), (6, 3), (6, 3), (6, 3), (6, 3), (6, 3), (6, 3), (6, 3), (6, 3), (6, 3), (6, 3), (6, 3), (6, 3), (6, 3), (6, 3), (6, 3), (6, 3), (6, 3), (6, 3), (6, 3), (6, 3), (6, 3), (6, 3), (6, 3), (6, 3), (6, 3), (6, 3), (6, 3), (6, 3), (6, 3), (6, 3), (6, 3), (6, 3), (6, 3), (6, 3), (6, 3), (6, 3), (6, 3), (6, 3), (6, 3), (6, 3), (6, 3), (6, 3), (6, 3), (6, 3), (6, 3), (6, 3), (6, 3), (6, 3), (6, 3), (6, 3), (6, 3), (6, 3), (6, 3), (6, 3), (6, 3), (6, 3), (6, 3), (6, 3), (6, 3), (6, 3), (6, 3), (6, 3), (6, 3), (6, 3), (6, 3), (6, 3), (6, 3), (6, 3), (6, 3), (6, 3), (6, 3), (6, 3), (6, 3), (6, 3), (6, 3), (6, 3), (6, 3)]
success=False

phase=train, time=evening
steps=101
trajectory=[(1, 1), (1, 2), (2, 2), (3, 2), (4, 2), (5, 2), (5, 3), (5, 4), (5, 5), (5, 6), (6, 6), (5, 6), (5, 6), (5, 6), (5, 6), (5, 6), (5, 6), (5, 6), (5, 6), (5, 6), (5, 6), (5, 6), (5, 6), (5, 6), (5, 6), (5, 6), (5, 6), (5, 6), (5, 6), (5, 6), (5, 6), (5, 6), (5, 6), (5, 6), (5, 6), (5, 6), (5, 6), (5, 6), (5, 6), (5, 6), (5, 6), (5, 6), (5, 6), (5, 6), (5, 6), (5, 6), (5, 6), (5, 6), (5, 6), (5, 6), (5, 6), (5, 6), (5, 6), (5, 6), (5, 6), (5, 6), (5, 6), (5, 6), (5, 6), (5, 6), (5, 6), (5, 6), (5, 6), (5, 6), (5, 6), (5, 6), (5, 6), (5, 6), (5, 6), (5, 6), (5, 6), (5, 6), (5, 6), (5, 6), (5, 6), (5, 6), (5, 6), (5, 6), (5, 6), (5, 6), (5, 6), (5, 6), (5, 6), (5, 6), (5, 6), (5, 6), (5, 6), (5, 6), (5, 6), (5, 6), (5, 6), (5, 6), (5, 6), (5, 6), (5, 6), (5, 6), (5, 6), (5, 6), (5, 6), (5, 6), (5, 6), (5, 6)]
success=False

phase=test, time=morning
steps=101
trajectory=[(1, 1), (2, 1), (2, 2), (2, 3), (3, 3), (4, 3), (5, 3), (6, 3), (6, 3), (6, 3), (6, 3), (6, 3), (6, 3), (6, 3), (6, 3), (6, 3), (6, 3), (6, 3), (6, 3), (6, 3), (6, 3), (6, 3), (6, 3), (6, 3), (6, 3), (6, 3), (6, 3), (6, 3), (6, 3), (6, 3), (6, 3), (6, 3), (6, 3), (6, 3), (6, 3), (6, 3), (6, 3), (6, 3), (6, 3), (6, 3), (6, 3), (6, 3), (6, 3), (6, 3), (6, 3), (6, 3), (6, 3), (6, 3), (6, 3), (6, 3), (6, 3), (6, 3), (6, 3), (6, 3), (6, 3), (6, 3), (6, 3), (6, 3), (6, 3), (6, 3), (6, 3), (6, 3), (6, 3), (6, 3), (6, 3), (6, 3), (6, 3), (6, 3), (6, 3), (6, 3), (6, 3), (6, 3), (6, 3), (6, 3), (6, 3), (6, 3), (6, 3), (6, 3), (6, 3), (6, 3), (6, 3), (6, 3), (6, 3), (6, 3), (6, 3), (6, 3), (6, 3), (6, 3), (6, 3), (6, 3), (6, 3), (6, 3), (6, 3), (6, 3), (6, 3), (6, 3), (6, 3), (6, 3), (6, 3), (6, 3), (6, 3), (6, 3)]
success=False

phase=test, time=evening
steps=101
trajectory=[(1, 1), (1, 2), (2, 2), (2, 3), (3, 3), (4, 3), (5, 3), (5, 4), (5, 5), (5, 6), (6, 6), (5, 6), (5, 6), (5, 6), (5, 6), (5, 6), (5, 6), (5, 6), (5, 6), (5, 6), (5, 6), (5, 6), (5, 6), (5, 6), (5, 6), (5, 6), (5, 6), (5, 6), (5, 6), (5, 6), (5, 6), (5, 6), (5, 6), (5, 6), (5, 6), (5, 6), (5, 6), (5, 6), (5, 6), (5, 6), (5, 6), (5, 6), (5, 6), (5, 6), (5, 6), (5, 6), (5, 6), (5, 6), (5, 6), (5, 6), (5, 6), (5, 6), (5, 6), (5, 6), (5, 6), (5, 6), (5, 6), (5, 6), (5, 6), (5, 6), (5, 6), (5, 6), (5, 6), (5, 6), (5, 6), (5, 6), (5, 6), (5, 6), (5, 6), (5, 6), (5, 6), (5, 6), (5, 6), (5, 6), (5, 6), (5, 6), (5, 6), (5, 6), (5, 6), (5, 6), (5, 6), (5, 6), (5, 6), (5, 6), (5, 6), (5, 6), (5, 6), (5, 6), (5, 6), (5, 6), (5, 6), (5, 6), (5, 6), (5, 6), (5, 6), (5, 6), (5, 6), (5, 6), (5, 6), (5, 6), (5, 6), (5, 6)]
success=False

Episode  2100 | mean return   -901.9 | success rate   8.0%
Episode  2200 | mean return   -805.5 | success rate  14.0%
Episode  2300 | mean return   -616.2 | success rate  23.0%
Episode  2400 | mean return   -769.1 | success rate  16.0%
Episode  2500 | mean return   -530.7 | success rate  27.0%
Episode  2600 | mean return   -560.5 | success rate  26.0%
Episode  2700 | mean return   -549.3 | success rate  27.0%
Episode  2800 | mean return   -611.8 | success rate  23.0%
Episode  2900 | mean return   -500.3 | success rate  28.0%
Episode  3000 | mean return   -499.8 | success rate  28.0%
phase=train, time=morning
steps=101
trajectory=[(1, 1), (1, 2), (2, 2), (3, 2), (4, 2), (5, 2), (5, 3), (6, 3), (6, 4), (6, 5), (6, 6), (6, 6), (6, 6), (6, 6), (6, 6), (6, 6), (6, 6), (6, 6), (6, 6), (6, 6), (6, 6), (6, 6), (6, 6), (6, 6), (6, 6), (6, 6), (6, 6), (6, 6), (6, 6), (6, 6), (6, 6), (6, 6), (6, 6), (6, 6), (6, 6), (6, 6), (6, 6), (6, 6), (6, 6), (6, 6), (6, 6), (6, 6), (6, 6), (6, 6), (6, 6), (6, 6), (6, 6), (6, 6), (6, 6), (6, 6), (6, 6), (6, 6), (6, 6), (6, 6), (6, 6), (6, 6), (6, 6), (6, 6), (6, 6), (6, 6), (6, 6), (6, 6), (6, 6), (6, 6), (6, 6), (6, 6), (6, 6), (6, 6), (6, 6), (6, 6), (6, 6), (6, 6), (6, 6), (6, 6), (6, 6), (6, 6), (6, 6), (6, 6), (6, 6), (6, 6), (6, 6), (6, 6), (6, 6), (6, 6), (6, 6), (6, 6), (6, 6), (6, 6), (6, 6), (6, 6), (6, 6), (6, 6), (6, 6), (6, 6), (6, 6), (6, 6), (6, 6), (6, 6), (6, 6), (6, 6), (6, 6), (6, 6)]
success=False

phase=train, time=evening
steps=101
trajectory=[(1, 1), (1, 2), (1, 3), (1, 4), (1, 5), (1, 6), (1, 6), (1, 6), (1, 6), (1, 6), (1, 6), (1, 6), (1, 6), (1, 6), (1, 6), (1, 6), (1, 6), (1, 6), (1, 6), (1, 6), (1, 6), (1, 6), (1, 6), (1, 6), (1, 6), (1, 6), (1, 6), (1, 6), (1, 6), (1, 6), (1, 6), (1, 6), (1, 6), (1, 6), (1, 6), (1, 6), (1, 6), (1, 6), (1, 6), (1, 6), (1, 6), (1, 6), (1, 6), (1, 6), (1, 6), (1, 6), (1, 6), (1, 6), (1, 6), (1, 6), (1, 6), (1, 6), (1, 6), (1, 6), (1, 6), (1, 6), (1, 6), (1, 6), (1, 6), (1, 6), (1, 6), (1, 6), (1, 6), (1, 6), (1, 6), (1, 6), (1, 6), (1, 6), (1, 6), (1, 6), (1, 6), (1, 6), (1, 6), (1, 6), (1, 6), (1, 6), (1, 6), (1, 6), (1, 6), (1, 6), (1, 6), (1, 6), (1, 6), (1, 6), (1, 6), (1, 6), (1, 6), (1, 6), (1, 6), (1, 6), (1, 6), (1, 6), (1, 6), (1, 6), (1, 6), (1, 6), (1, 6), (1, 6), (1, 6), (1, 6), (1, 6), (1, 6)]
success=False

phase=test, time=morning
steps=101
trajectory=[(1, 1), (1, 2), (2, 2), (2, 3), (3, 3), (4, 3), (5, 3), (5, 4), (6, 4), (6, 5), (6, 6), (6, 6), (6, 6), (6, 6), (6, 6), (6, 6), (6, 6), (6, 6), (6, 6), (6, 6), (6, 6), (6, 6), (6, 6), (6, 6), (6, 6), (6, 6), (6, 6), (6, 6), (6, 6), (6, 6), (6, 6), (6, 6), (6, 6), (6, 6), (6, 6), (6, 6), (6, 6), (6, 6), (6, 6), (6, 6), (6, 6), (6, 6), (6, 6), (6, 6), (6, 6), (6, 6), (6, 6), (6, 6), (6, 6), (6, 6), (6, 6), (6, 6), (6, 6), (6, 6), (6, 6), (6, 6), (6, 6), (6, 6), (6, 6), (6, 6), (6, 6), (6, 6), (6, 6), (6, 6), (6, 6), (6, 6), (6, 6), (6, 6), (6, 6), (6, 6), (6, 6), (6, 6), (6, 6), (6, 6), (6, 6), (6, 6), (6, 6), (6, 6), (6, 6), (6, 6), (6, 6), (6, 6), (6, 6), (6, 6), (6, 6), (6, 6), (6, 6), (6, 6), (6, 6), (6, 6), (6, 6), (6, 6), (6, 6), (6, 6), (6, 6), (6, 6), (6, 6), (6, 6), (6, 6), (6, 6), (6, 6), (6, 6)]
success=False

phase=test, time=evening
steps=101
trajectory=[(1, 1), (1, 2), (1, 3), (1, 4), (1, 5), (1, 6), (1, 6), (1, 6), (1, 6), (1, 6), (1, 6), (1, 6), (1, 6), (1, 6), (1, 6), (1, 6), (1, 6), (1, 6), (1, 6), (1, 6), (1, 6), (1, 6), (1, 6), (1, 6), (1, 6), (1, 6), (1, 6), (1, 6), (1, 6), (1, 6), (1, 6), (1, 6), (1, 6), (1, 6), (1, 6), (1, 6), (1, 6), (1, 6), (1, 6), (1, 6), (1, 6), (1, 6), (1, 6), (1, 6), (1, 6), (1, 6), (1, 6), (1, 6), (1, 6), (1, 6), (1, 6), (1, 6), (1, 6), (1, 6), (1, 6), (1, 6), (1, 6), (1, 6), (1, 6), (1, 6), (1, 6), (1, 6), (1, 6), (1, 6), (1, 6), (1, 6), (1, 6), (1, 6), (1, 6), (1, 6), (1, 6), (1, 6), (1, 6), (1, 6), (1, 6), (1, 6), (1, 6), (1, 6), (1, 6), (1, 6), (1, 6), (1, 6), (1, 6), (1, 6), (1, 6), (1, 6), (1, 6), (1, 6), (1, 6), (1, 6), (1, 6), (1, 6), (1, 6), (1, 6), (1, 6), (1, 6), (1, 6), (1, 6), (1, 6), (1, 6), (1, 6), (1, 6)]
success=False

Episode  3100 | mean return   -567.3 | success rate  25.0%
Episode  3200 | mean return   -519.5 | success rate  27.0%
Episode  3300 | mean return   -601.0 | success rate  23.0%
Episode  3400 | mean return   -303.2 | success rate  38.0%
Episode  3500 | mean return   -320.0 | success rate  37.0%
Episode  3600 | mean return   -457.3 | success rate  30.0%
Episode  3700 | mean return   -471.4 | success rate  29.0%
Episode  3800 | mean return   -447.2 | success rate  30.0%
Episode  3900 | mean return   -223.3 | success rate  41.0%
Episode  4000 | mean return   -322.1 | success rate  36.0%
phase=train, time=morning
steps=101
trajectory=[(1, 1), (1, 2), (2, 2), (3, 2), (4, 2), (5, 2), (6, 2), (6, 1), (6, 2), (6, 1), (6, 2), (6, 1), (6, 2), (6, 1), (6, 2), (6, 1), (6, 2), (6, 1), (6, 2), (6, 1), (6, 2), (6, 1), (6, 2), (6, 1), (6, 2), (6, 1), (6, 2), (6, 1), (6, 2), (6, 1), (6, 2), (6, 1), (6, 2), (6, 1), (6, 2), (6, 1), (6, 2), (6, 1), (6, 2), (6, 1), (6, 2), (6, 1), (6, 2), (6, 1), (6, 2), (6, 1), (6, 2), (6, 1), (6, 2), (6, 1), (6, 2), (6, 1), (6, 2), (6, 1), (6, 2), (6, 1), (6, 2), (6, 1), (6, 2), (6, 1), (6, 2), (6, 1), (6, 2), (6, 1), (6, 2), (6, 1), (6, 2), (6, 1), (6, 2), (6, 1), (6, 2), (6, 1), (6, 2), (6, 1), (6, 2), (6, 1), (6, 2), (6, 1), (6, 2), (6, 1), (6, 2), (6, 1), (6, 2), (6, 1), (6, 2), (6, 1), (6, 2), (6, 1), (6, 2), (6, 1), (6, 2), (6, 1), (6, 2), (6, 1), (6, 2), (6, 1), (6, 2), (6, 1), (6, 2), (6, 1), (6, 2), (6, 1)]
success=False

phase=train, time=evening
steps=101
trajectory=[(1, 1), (2, 1), (2, 2), (3, 2), (4, 2), (5, 2), (5, 3), (5, 4), (5, 5), (5, 6), (6, 6), (6, 5), (5, 5), (5, 4), (5, 5), (5, 4), (5, 5), (5, 4), (5, 5), (5, 4), (5, 5), (5, 4), (5, 5), (5, 4), (5, 5), (5, 4), (5, 5), (5, 4), (5, 5), (5, 4), (5, 5), (5, 4), (5, 5), (5, 4), (5, 5), (5, 4), (5, 5), (5, 4), (5, 5), (5, 4), (5, 5), (5, 4), (5, 5), (5, 4), (5, 5), (5, 4), (5, 5), (5, 4), (5, 5), (5, 4), (5, 5), (5, 4), (5, 5), (5, 4), (5, 5), (5, 4), (5, 5), (5, 4), (5, 5), (5, 4), (5, 5), (5, 4), (5, 5), (5, 4), (5, 5), (5, 4), (5, 5), (5, 4), (5, 5), (5, 4), (5, 5), (5, 4), (5, 5), (5, 4), (5, 5), (5, 4), (5, 5), (5, 4), (5, 5), (5, 4), (5, 5), (5, 4), (5, 5), (5, 4), (5, 5), (5, 4), (5, 5), (5, 4), (5, 5), (5, 4), (5, 5), (5, 4), (5, 5), (5, 4), (5, 5), (5, 4), (5, 5), (5, 4), (5, 5), (5, 4), (5, 5), (5, 4)]
success=False

phase=test, time=morning
steps=101
trajectory=[(1, 1), (1, 2), (2, 2), (2, 3), (3, 3), (4, 3), (5, 3), (5, 4), (6, 4), (6, 3), (6, 2), (6, 1), (6, 2), (6, 1), (6, 2), (6, 1), (6, 2), (6, 1), (6, 2), (6, 1), (6, 2), (6, 1), (6, 2), (6, 1), (6, 2), (6, 1), (6, 2), (6, 1), (6, 2), (6, 1), (6, 2), (6, 1), (6, 2), (6, 1), (6, 2), (6, 1), (6, 2), (6, 1), (6, 2), (6, 1), (6, 2), (6, 1), (6, 2), (6, 1), (6, 2), (6, 1), (6, 2), (6, 1), (6, 2), (6, 1), (6, 2), (6, 1), (6, 2), (6, 1), (6, 2), (6, 1), (6, 2), (6, 1), (6, 2), (6, 1), (6, 2), (6, 1), (6, 2), (6, 1), (6, 2), (6, 1), (6, 2), (6, 1), (6, 2), (6, 1), (6, 2), (6, 1), (6, 2), (6, 1), (6, 2), (6, 1), (6, 2), (6, 1), (6, 2), (6, 1), (6, 2), (6, 1), (6, 2), (6, 1), (6, 2), (6, 1), (6, 2), (6, 1), (6, 2), (6, 1), (6, 2), (6, 1), (6, 2), (6, 1), (6, 2), (6, 1), (6, 2), (6, 1), (6, 2), (6, 1), (6, 2), (6, 1)]
success=False

phase=test, time=evening
steps=101
trajectory=[(1, 1), (2, 1), (2, 2), (1, 2), (2, 2), (1, 2), (2, 2), (1, 2), (2, 2), (1, 2), (2, 2), (1, 2), (2, 2), (1, 2), (2, 2), (1, 2), (2, 2), (1, 2), (2, 2), (1, 2), (2, 2), (1, 2), (2, 2), (1, 2), (2, 2), (1, 2), (2, 2), (1, 2), (2, 2), (1, 2), (2, 2), (1, 2), (2, 2), (1, 2), (2, 2), (1, 2), (2, 2), (1, 2), (2, 2), (1, 2), (2, 2), (1, 2), (2, 2), (1, 2), (2, 2), (1, 2), (2, 2), (1, 2), (2, 2), (1, 2), (2, 2), (1, 2), (2, 2), (1, 2), (2, 2), (1, 2), (2, 2), (1, 2), (2, 2), (1, 2), (2, 2), (1, 2), (2, 2), (1, 2), (2, 2), (1, 2), (2, 2), (1, 2), (2, 2), (1, 2), (2, 2), (1, 2), (2, 2), (1, 2), (2, 2), (1, 2), (2, 2), (1, 2), (2, 2), (1, 2), (2, 2), (1, 2), (2, 2), (1, 2), (2, 2), (1, 2), (2, 2), (1, 2), (2, 2), (1, 2), (2, 2), (1, 2), (2, 2), (1, 2), (2, 2), (1, 2), (2, 2), (1, 2), (2, 2), (1, 2), (2, 2), (1, 2)]
success=False

Episode  4100 | mean return    -82.3 | success rate  48.0%
Episode  4200 | mean return   -367.7 | success rate  34.0%
Episode  4300 | mean return   -261.3 | success rate  39.0%
Episode  4400 | mean return   -390.6 | success rate  33.0%
Episode  4500 | mean return   -142.0 | success rate  45.0%
Episode  4600 | mean return   -467.2 | success rate  29.0%
Episode  4700 | mean return     38.3 | success rate  54.0%
Episode  4800 | mean return     85.8 | success rate  56.0%
Episode  4900 | mean return    -44.3 | success rate  50.0%
Episode  5000 | mean return   -122.2 | success rate  46.0%
phase=train, time=morning
steps=101
trajectory=[(1, 1), (2, 1), (2, 2), (3, 2), (4, 2), (5, 2), (5, 3), (6, 3), (6, 2), (6, 1), (6, 2), (6, 1), (6, 2), (6, 1), (6, 2), (6, 1), (6, 2), (6, 1), (6, 2), (6, 1), (6, 2), (6, 1), (6, 2), (6, 1), (6, 2), (6, 1), (6, 2), (6, 1), (6, 2), (6, 1), (6, 2), (6, 1), (6, 2), (6, 1), (6, 2), (6, 1), (6, 2), (6, 1), (6, 2), (6, 1), (6, 2), (6, 1), (6, 2), (6, 1), (6, 2), (6, 1), (6, 2), (6, 1), (6, 2), (6, 1), (6, 2), (6, 1), (6, 2), (6, 1), (6, 2), (6, 1), (6, 2), (6, 1), (6, 2), (6, 1), (6, 2), (6, 1), (6, 2), (6, 1), (6, 2), (6, 1), (6, 2), (6, 1), (6, 2), (6, 1), (6, 2), (6, 1), (6, 2), (6, 1), (6, 2), (6, 1), (6, 2), (6, 1), (6, 2), (6, 1), (6, 2), (6, 1), (6, 2), (6, 1), (6, 2), (6, 1), (6, 2), (6, 1), (6, 2), (6, 1), (6, 2), (6, 1), (6, 2), (6, 1), (6, 2), (6, 1), (6, 2), (6, 1), (6, 2), (6, 1), (6, 2), (6, 1)]
success=False

phase=train, time=evening
steps=101
trajectory=[(1, 1), (2, 1), (2, 2), (3, 2), (4, 2), (5, 2), (5, 3), (5, 4), (5, 5), (5, 6), (6, 6), (6, 5), (5, 5), (5, 4), (5, 5), (5, 4), (5, 5), (5, 4), (5, 5), (5, 4), (5, 5), (5, 4), (5, 5), (5, 4), (5, 5), (5, 4), (5, 5), (5, 4), (5, 5), (5, 4), (5, 5), (5, 4), (5, 5), (5, 4), (5, 5), (5, 4), (5, 5), (5, 4), (5, 5), (5, 4), (5, 5), (5, 4), (5, 5), (5, 4), (5, 5), (5, 4), (5, 5), (5, 4), (5, 5), (5, 4), (5, 5), (5, 4), (5, 5), (5, 4), (5, 5), (5, 4), (5, 5), (5, 4), (5, 5), (5, 4), (5, 5), (5, 4), (5, 5), (5, 4), (5, 5), (5, 4), (5, 5), (5, 4), (5, 5), (5, 4), (5, 5), (5, 4), (5, 5), (5, 4), (5, 5), (5, 4), (5, 5), (5, 4), (5, 5), (5, 4), (5, 5), (5, 4), (5, 5), (5, 4), (5, 5), (5, 4), (5, 5), (5, 4), (5, 5), (5, 4), (5, 5), (5, 4), (5, 5), (5, 4), (5, 5), (5, 4), (5, 5), (5, 4), (5, 5), (5, 4), (5, 5), (5, 4)]
success=False

phase=test, time=morning
steps=101
trajectory=[(1, 1), (2, 1), (2, 2), (2, 3), (3, 3), (4, 3), (5, 3), (5, 4), (6, 4), (6, 3), (6, 2), (6, 1), (6, 2), (6, 1), (6, 2), (6, 1), (6, 2), (6, 1), (6, 2), (6, 1), (6, 2), (6, 1), (6, 2), (6, 1), (6, 2), (6, 1), (6, 2), (6, 1), (6, 2), (6, 1), (6, 2), (6, 1), (6, 2), (6, 1), (6, 2), (6, 1), (6, 2), (6, 1), (6, 2), (6, 1), (6, 2), (6, 1), (6, 2), (6, 1), (6, 2), (6, 1), (6, 2), (6, 1), (6, 2), (6, 1), (6, 2), (6, 1), (6, 2), (6, 1), (6, 2), (6, 1), (6, 2), (6, 1), (6, 2), (6, 1), (6, 2), (6, 1), (6, 2), (6, 1), (6, 2), (6, 1), (6, 2), (6, 1), (6, 2), (6, 1), (6, 2), (6, 1), (6, 2), (6, 1), (6, 2), (6, 1), (6, 2), (6, 1), (6, 2), (6, 1), (6, 2), (6, 1), (6, 2), (6, 1), (6, 2), (6, 1), (6, 2), (6, 1), (6, 2), (6, 1), (6, 2), (6, 1), (6, 2), (6, 1), (6, 2), (6, 1), (6, 2), (6, 1), (6, 2), (6, 1), (6, 2), (6, 1)]
success=False

phase=test, time=evening
steps=101
trajectory=[(1, 1), (2, 1), (2, 2), (2, 3), (3, 3), (4, 3), (5, 3), (5, 4), (5, 5), (5, 6), (6, 6), (6, 5), (5, 5), (5, 6), (5, 6), (5, 6), (5, 6), (5, 6), (5, 6), (5, 6), (5, 6), (5, 6), (5, 6), (5, 6), (5, 6), (5, 6), (5, 6), (5, 6), (5, 6), (5, 6), (5, 6), (5, 6), (5, 6), (5, 6), (5, 6), (5, 6), (5, 6), (5, 6), (5, 6), (5, 6), (5, 6), (5, 6), (5, 6), (5, 6), (5, 6), (5, 6), (5, 6), (5, 6), (5, 6), (5, 6), (5, 6), (5, 6), (5, 6), (5, 6), (5, 6), (5, 6), (5, 6), (5, 6), (5, 6), (5, 6), (5, 6), (5, 6), (5, 6), (5, 6), (5, 6), (5, 6), (5, 6), (5, 6), (5, 6), (5, 6), (5, 6), (5, 6), (5, 6), (5, 6), (5, 6), (5, 6), (5, 6), (5, 6), (5, 6), (5, 6), (5, 6), (5, 6), (5, 6), (5, 6), (5, 6), (5, 6), (5, 6), (5, 6), (5, 6), (5, 6), (5, 6), (5, 6), (5, 6), (5, 6), (5, 6), (5, 6), (5, 6), (5, 6), (5, 6), (5, 6), (5, 6), (5, 6)]
success=False

Episode  5100 | mean return   -333.1 | success rate  36.0%
Episode  5200 | mean return     63.6 | success rate  55.0%
Episode  5300 | mean return    -35.6 | success rate  50.0%
Episode  5400 | mean return    -56.9 | success rate  49.0%
Episode  5500 | mean return    -81.5 | success rate  48.0%
Episode  5600 | mean return   -200.9 | success rate  42.0%
Episode  5700 | mean return    -82.7 | success rate  48.0%
Episode  5800 | mean return   -204.8 | success rate  42.0%
Episode  5900 | mean return   -207.2 | success rate  42.0%
Episode  6000 | mean return   -178.2 | success rate  43.0%
phase=train, time=morning
steps=17
trajectory=[(1, 1), (2, 1), (2, 2), (3, 2), (4, 2), (5, 2), (6, 2), (6, 1), (6, 2), (5, 2), (5, 3), (4, 3), (3, 3), (2, 3), (1, 3), (1, 4), (1, 5), (1, 6)]
success=True

phase=train, time=evening
steps=101
trajectory=[(1, 1), (2, 1), (2, 2), (3, 2), (4, 2), (5, 2), (5, 3), (6, 3), (6, 2), (6, 1), (6, 1), (6, 1), (6, 1), (6, 1), (6, 1), (6, 1), (6, 1), (6, 1), (6, 1), (6, 1), (6, 1), (6, 1), (6, 1), (6, 1), (6, 1), (6, 1), (6, 1), (6, 1), (6, 1), (6, 1), (6, 1), (6, 1), (6, 1), (6, 1), (6, 1), (6, 1), (6, 1), (6, 1), (6, 1), (6, 1), (6, 1), (6, 1), (6, 1), (6, 1), (6, 1), (6, 1), (6, 1), (6, 1), (6, 1), (6, 1), (6, 1), (6, 1), (6, 1), (6, 1), (6, 1), (6, 1), (6, 1), (6, 1), (6, 1), (6, 1), (6, 1), (6, 1), (6, 1), (6, 1), (6, 1), (6, 1), (6, 1), (6, 1), (6, 1), (6, 1), (6, 1), (6, 1), (6, 1), (6, 1), (6, 1), (6, 1), (6, 1), (6, 1), (6, 1), (6, 1), (6, 1), (6, 1), (6, 1), (6, 1), (6, 1), (6, 1), (6, 1), (6, 1), (6, 1), (6, 1), (6, 1), (6, 1), (6, 1), (6, 1), (6, 1), (6, 1), (6, 1), (6, 1), (6, 1), (6, 1), (6, 1), (6, 1)]
success=False

phase=test, time=morning
steps=101
trajectory=[(1, 1), (2, 1), (2, 2), (2, 3), (3, 3), (4, 3), (5, 3), (5, 4), (6, 4), (6, 3), (6, 2), (6, 1), (6, 2), (5, 2), (6, 2), (5, 2), (6, 2), (5, 2), (6, 2), (5, 2), (6, 2), (5, 2), (6, 2), (5, 2), (6, 2), (5, 2), (6, 2), (5, 2), (6, 2), (5, 2), (6, 2), (5, 2), (6, 2), (5, 2), (6, 2), (5, 2), (6, 2), (5, 2), (6, 2), (5, 2), (6, 2), (5, 2), (6, 2), (5, 2), (6, 2), (5, 2), (6, 2), (5, 2), (6, 2), (5, 2), (6, 2), (5, 2), (6, 2), (5, 2), (6, 2), (5, 2), (6, 2), (5, 2), (6, 2), (5, 2), (6, 2), (5, 2), (6, 2), (5, 2), (6, 2), (5, 2), (6, 2), (5, 2), (6, 2), (5, 2), (6, 2), (5, 2), (6, 2), (5, 2), (6, 2), (5, 2), (6, 2), (5, 2), (6, 2), (5, 2), (6, 2), (5, 2), (6, 2), (5, 2), (6, 2), (5, 2), (6, 2), (5, 2), (6, 2), (5, 2), (6, 2), (5, 2), (6, 2), (5, 2), (6, 2), (5, 2), (6, 2), (5, 2), (6, 2), (5, 2), (6, 2), (5, 2)]
success=False

phase=test, time=evening
steps=101
trajectory=[(1, 1), (2, 1), (2, 2), (2, 3), (3, 3), (4, 3), (5, 3), (5, 4), (6, 4), (6, 3), (6, 2), (6, 1), (6, 1), (6, 1), (6, 1), (6, 1), (6, 1), (6, 1), (6, 1), (6, 1), (6, 1), (6, 1), (6, 1), (6, 1), (6, 1), (6, 1), (6, 1), (6, 1), (6, 1), (6, 1), (6, 1), (6, 1), (6, 1), (6, 1), (6, 1), (6, 1), (6, 1), (6, 1), (6, 1), (6, 1), (6, 1), (6, 1), (6, 1), (6, 1), (6, 1), (6, 1), (6, 1), (6, 1), (6, 1), (6, 1), (6, 1), (6, 1), (6, 1), (6, 1), (6, 1), (6, 1), (6, 1), (6, 1), (6, 1), (6, 1), (6, 1), (6, 1), (6, 1), (6, 1), (6, 1), (6, 1), (6, 1), (6, 1), (6, 1), (6, 1), (6, 1), (6, 1), (6, 1), (6, 1), (6, 1), (6, 1), (6, 1), (6, 1), (6, 1), (6, 1), (6, 1), (6, 1), (6, 1), (6, 1), (6, 1), (6, 1), (6, 1), (6, 1), (6, 1), (6, 1), (6, 1), (6, 1), (6, 1), (6, 1), (6, 1), (6, 1), (6, 1), (6, 1), (6, 1), (6, 1), (6, 1), (6, 1)]
success=False

Episode  6100 | mean return   -205.2 | success rate  42.0%
Episode  6200 | mean return    -55.3 | success rate  49.0%
Episode  6300 | mean return   -181.6 | success rate  43.0%
Episode  6400 | mean return   -194.7 | success rate  42.0%
Episode  6500 | mean return   -120.5 | success rate  46.0%
Episode  6600 | mean return   -286.1 | success rate  38.0%
Episode  6700 | mean return    -84.2 | success rate  49.0%
Episode  6800 | mean return   -222.9 | success rate  41.0%
Episode  6900 | mean return   -120.3 | success rate  46.0%
Episode  7000 | mean return      3.4 | success rate  52.0%
phase=train, time=morning
steps=101
trajectory=[(1, 1), (1, 2), (2, 2), (3, 2), (4, 2), (5, 2), (5, 1), (6, 1), (6, 2), (6, 1), (6, 2), (6, 1), (6, 2), (6, 1), (6, 2), (6, 1), (6, 2), (6, 1), (6, 2), (6, 1), (6, 2), (6, 1), (6, 2), (6, 1), (6, 2), (6, 1), (6, 2), (6, 1), (6, 2), (6, 1), (6, 2), (6, 1), (6, 2), (6, 1), (6, 2), (6, 1), (6, 2), (6, 1), (6, 2), (6, 1), (6, 2), (6, 1), (6, 2), (6, 1), (6, 2), (6, 1), (6, 2), (6, 1), (6, 2), (6, 1), (6, 2), (6, 1), (6, 2), (6, 1), (6, 2), (6, 1), (6, 2), (6, 1), (6, 2), (6, 1), (6, 2), (6, 1), (6, 2), (6, 1), (6, 2), (6, 1), (6, 2), (6, 1), (6, 2), (6, 1), (6, 2), (6, 1), (6, 2), (6, 1), (6, 2), (6, 1), (6, 2), (6, 1), (6, 2), (6, 1), (6, 2), (6, 1), (6, 2), (6, 1), (6, 2), (6, 1), (6, 2), (6, 1), (6, 2), (6, 1), (6, 2), (6, 1), (6, 2), (6, 1), (6, 2), (6, 1), (6, 2), (6, 1), (6, 2), (6, 1), (6, 2), (6, 1)]
success=False

phase=train, time=evening
steps=21
trajectory=[(1, 1), (1, 2), (2, 2), (3, 2), (4, 2), (5, 2), (5, 3), (5, 4), (5, 5), (5, 6), (6, 6), (6, 5), (5, 5), (5, 4), (5, 3), (4, 3), (3, 3), (2, 3), (1, 3), (1, 4), (1, 5), (1, 6)]
success=True

phase=test, time=morning
steps=101
trajectory=[(1, 1), (1, 2), (2, 2), (2, 1), (2, 2), (2, 1), (2, 2), (2, 1), (2, 2), (2, 1), (2, 2), (2, 1), (2, 2), (2, 1), (2, 2), (2, 1), (2, 2), (2, 1), (2, 2), (2, 1), (2, 2), (2, 1), (2, 2), (2, 1), (2, 2), (2, 1), (2, 2), (2, 1), (2, 2), (2, 1), (2, 2), (2, 1), (2, 2), (2, 1), (2, 2), (2, 1), (2, 2), (2, 1), (2, 2), (2, 1), (2, 2), (2, 1), (2, 2), (2, 1), (2, 2), (2, 1), (2, 2), (2, 1), (2, 2), (2, 1), (2, 2), (2, 1), (2, 2), (2, 1), (2, 2), (2, 1), (2, 2), (2, 1), (2, 2), (2, 1), (2, 2), (2, 1), (2, 2), (2, 1), (2, 2), (2, 1), (2, 2), (2, 1), (2, 2), (2, 1), (2, 2), (2, 1), (2, 2), (2, 1), (2, 2), (2, 1), (2, 2), (2, 1), (2, 2), (2, 1), (2, 2), (2, 1), (2, 2), (2, 1), (2, 2), (2, 1), (2, 2), (2, 1), (2, 2), (2, 1), (2, 2), (2, 1), (2, 2), (2, 1), (2, 2), (2, 1), (2, 2), (2, 1), (2, 2), (2, 1), (2, 2), (2, 1)]
success=False

phase=test, time=evening
steps=19
trajectory=[(1, 1), (1, 2), (2, 2), (2, 3), (3, 3), (4, 3), (5, 3), (5, 4), (5, 5), (5, 6), (6, 6), (6, 5), (5, 5), (5, 4), (4, 4), (3, 4), (2, 4), (1, 4), (1, 5), (1, 6)]
success=True

Episode  7100 | mean return   -103.0 | success rate  47.0%
Episode  7200 | mean return    106.8 | success rate  57.0%
Episode  7300 | mean return     20.2 | success rate  53.0%
Episode  7400 | mean return   -248.8 | success rate  40.0%
Episode  7500 | mean return   -118.5 | success rate  46.0%
Episode  7600 | mean return    -80.3 | success rate  48.0%
Episode  7700 | mean return     66.7 | success rate  55.0%
Episode  7800 | mean return      1.3 | success rate  52.0%
Episode  7900 | mean return    -84.6 | success rate  48.0%
Episode  8000 | mean return      7.7 | success rate  52.0%
phase=train, time=morning
steps=101
trajectory=[(1, 1), (2, 1), (2, 2), (3, 2), (4, 2), (5, 2), (6, 2), (6, 1), (6, 2), (6, 1), (6, 2), (6, 1), (6, 2), (6, 1), (6, 2), (6, 1), (6, 2), (6, 1), (6, 2), (6, 1), (6, 2), (6, 1), (6, 2), (6, 1), (6, 2), (6, 1), (6, 2), (6, 1), (6, 2), (6, 1), (6, 2), (6, 1), (6, 2), (6, 1), (6, 2), (6, 1), (6, 2), (6, 1), (6, 2), (6, 1), (6, 2), (6, 1), (6, 2), (6, 1), (6, 2), (6, 1), (6, 2), (6, 1), (6, 2), (6, 1), (6, 2), (6, 1), (6, 2), (6, 1), (6, 2), (6, 1), (6, 2), (6, 1), (6, 2), (6, 1), (6, 2), (6, 1), (6, 2), (6, 1), (6, 2), (6, 1), (6, 2), (6, 1), (6, 2), (6, 1), (6, 2), (6, 1), (6, 2), (6, 1), (6, 2), (6, 1), (6, 2), (6, 1), (6, 2), (6, 1), (6, 2), (6, 1), (6, 2), (6, 1), (6, 2), (6, 1), (6, 2), (6, 1), (6, 2), (6, 1), (6, 2), (6, 1), (6, 2), (6, 1), (6, 2), (6, 1), (6, 2), (6, 1), (6, 2), (6, 1), (6, 2), (6, 1)]
success=False

phase=train, time=evening
steps=21
trajectory=[(1, 1), (2, 1), (2, 2), (3, 2), (4, 2), (5, 2), (5, 3), (5, 4), (5, 5), (5, 6), (6, 6), (6, 5), (5, 5), (5, 4), (5, 3), (4, 3), (3, 3), (2, 3), (1, 3), (1, 4), (1, 5), (1, 6)]
success=True

phase=test, time=morning
steps=101
trajectory=[(1, 1), (2, 1), (2, 2), (2, 3), (3, 3), (4, 3), (5, 3), (5, 4), (6, 4), (6, 3), (6, 2), (6, 1), (6, 2), (6, 1), (6, 2), (6, 1), (6, 2), (6, 1), (6, 2), (6, 1), (6, 2), (6, 1), (6, 2), (6, 1), (6, 2), (6, 1), (6, 2), (6, 1), (6, 2), (6, 1), (6, 2), (6, 1), (6, 2), (6, 1), (6, 2), (6, 1), (6, 2), (6, 1), (6, 2), (6, 1), (6, 2), (6, 1), (6, 2), (6, 1), (6, 2), (6, 1), (6, 2), (6, 1), (6, 2), (6, 1), (6, 2), (6, 1), (6, 2), (6, 1), (6, 2), (6, 1), (6, 2), (6, 1), (6, 2), (6, 1), (6, 2), (6, 1), (6, 2), (6, 1), (6, 2), (6, 1), (6, 2), (6, 1), (6, 2), (6, 1), (6, 2), (6, 1), (6, 2), (6, 1), (6, 2), (6, 1), (6, 2), (6, 1), (6, 2), (6, 1), (6, 2), (6, 1), (6, 2), (6, 1), (6, 2), (6, 1), (6, 2), (6, 1), (6, 2), (6, 1), (6, 2), (6, 1), (6, 2), (6, 1), (6, 2), (6, 1), (6, 2), (6, 1), (6, 2), (6, 1), (6, 2), (6, 1)]
success=False

phase=test, time=evening
steps=19
trajectory=[(1, 1), (2, 1), (2, 2), (2, 3), (3, 3), (4, 3), (5, 3), (5, 4), (5, 5), (5, 6), (6, 6), (6, 5), (5, 5), (5, 4), (4, 4), (3, 4), (2, 4), (1, 4), (1, 5), (1, 6)]
success=True

Episode  8100 | mean return   -266.2 | success rate  39.0%
Episode  8200 | mean return   -207.8 | success rate  42.0%
Episode  8300 | mean return   -242.8 | success rate  40.0%
Episode  8400 | mean return   -141.3 | success rate  45.0%
Episode  8500 | mean return   -227.7 | success rate  41.0%
Episode  8600 | mean return    -97.5 | success rate  47.0%
Episode  8700 | mean return    -68.7 | success rate  50.0%
Episode  8800 | mean return   -267.3 | success rate  39.0%
Episode  8900 | mean return    -39.3 | success rate  50.0%
Episode  9000 | mean return    -78.8 | success rate  48.0%
phase=train, time=morning
steps=17
trajectory=[(1, 1), (1, 2), (2, 2), (3, 2), (4, 2), (5, 2), (6, 2), (6, 1), (6, 2), (5, 2), (5, 3), (4, 3), (3, 3), (2, 3), (1, 3), (1, 4), (1, 5), (1, 6)]
success=True

phase=train, time=evening
steps=21
trajectory=[(1, 1), (1, 2), (2, 2), (3, 2), (4, 2), (5, 2), (5, 3), (5, 4), (5, 5), (5, 6), (6, 6), (6, 5), (5, 5), (5, 4), (5, 3), (4, 3), (3, 3), (2, 3), (1, 3), (1, 4), (1, 5), (1, 6)]
success=True

phase=test, time=morning
steps=101
trajectory=[(1, 1), (1, 2), (2, 2), (2, 3), (3, 3), (4, 3), (5, 3), (5, 4), (6, 4), (6, 5), (6, 6), (6, 6), (6, 6), (6, 6), (6, 6), (6, 6), (6, 6), (6, 6), (6, 6), (6, 6), (6, 6), (6, 6), (6, 6), (6, 6), (6, 6), (6, 6), (6, 6), (6, 6), (6, 6), (6, 6), (6, 6), (6, 6), (6, 6), (6, 6), (6, 6), (6, 6), (6, 6), (6, 6), (6, 6), (6, 6), (6, 6), (6, 6), (6, 6), (6, 6), (6, 6), (6, 6), (6, 6), (6, 6), (6, 6), (6, 6), (6, 6), (6, 6), (6, 6), (6, 6), (6, 6), (6, 6), (6, 6), (6, 6), (6, 6), (6, 6), (6, 6), (6, 6), (6, 6), (6, 6), (6, 6), (6, 6), (6, 6), (6, 6), (6, 6), (6, 6), (6, 6), (6, 6), (6, 6), (6, 6), (6, 6), (6, 6), (6, 6), (6, 6), (6, 6), (6, 6), (6, 6), (6, 6), (6, 6), (6, 6), (6, 6), (6, 6), (6, 6), (6, 6), (6, 6), (6, 6), (6, 6), (6, 6), (6, 6), (6, 6), (6, 6), (6, 6), (6, 6), (6, 6), (6, 6), (6, 6), (6, 6), (6, 6)]
success=False

phase=test, time=evening
steps=19
trajectory=[(1, 1), (1, 2), (2, 2), (2, 3), (3, 3), (4, 3), (5, 3), (5, 4), (5, 5), (5, 6), (6, 6), (6, 5), (5, 5), (5, 4), (4, 4), (3, 4), (2, 4), (1, 4), (1, 5), (1, 6)]
success=True

Episode  9100 | mean return     48.1 | success rate  54.0%
Episode  9200 | mean return    250.7 | success rate  64.0%
Episode  9300 | mean return     25.2 | success rate  53.0%
Episode  9400 | mean return   -122.5 | success rate  46.0%
Episode  9500 | mean return   -183.8 | success rate  43.0%
Episode  9600 | mean return     25.4 | success rate  53.0%
Episode  9700 | mean return     60.4 | success rate  55.0%
Episode  9800 | mean return    -74.3 | success rate  48.0%
Episode  9900 | mean return     60.4 | success rate  55.0%
Episode 10000 | mean return     27.4 | success rate  53.0%
phase=train, time=morning
steps=101
trajectory=[(1, 1), (2, 1), (2, 2), (3, 2), (4, 2), (5, 2), (6, 2), (6, 2), (6, 2), (6, 2), (6, 2), (6, 2), (6, 2), (6, 2), (6, 2), (6, 2), (6, 2), (6, 2), (6, 2), (6, 2), (6, 2), (6, 2), (6, 2), (6, 2), (6, 2), (6, 2), (6, 2), (6, 2), (6, 2), (6, 2), (6, 2), (6, 2), (6, 2), (6, 2), (6, 2), (6, 2), (6, 2), (6, 2), (6, 2), (6, 2), (6, 2), (6, 2), (6, 2), (6, 2), (6, 2), (6, 2), (6, 2), (6, 2), (6, 2), (6, 2), (6, 2), (6, 2), (6, 2), (6, 2), (6, 2), (6, 2), (6, 2), (6, 2), (6, 2), (6, 2), (6, 2), (6, 2), (6, 2), (6, 2), (6, 2), (6, 2), (6, 2), (6, 2), (6, 2), (6, 2), (6, 2), (6, 2), (6, 2), (6, 2), (6, 2), (6, 2), (6, 2), (6, 2), (6, 2), (6, 2), (6, 2), (6, 2), (6, 2), (6, 2), (6, 2), (6, 2), (6, 2), (6, 2), (6, 2), (6, 2), (6, 2), (6, 2), (6, 2), (6, 2), (6, 2), (6, 2), (6, 2), (6, 2), (6, 2), (6, 2), (6, 2), (6, 2)]
success=False

phase=train, time=evening
steps=21
trajectory=[(1, 1), (1, 2), (2, 2), (3, 2), (4, 2), (5, 2), (6, 2), (6, 3), (6, 4), (6, 5), (6, 6), (6, 5), (5, 5), (5, 4), (5, 3), (4, 3), (3, 3), (2, 3), (1, 3), (1, 4), (1, 5), (1, 6)]
success=True

phase=test, time=morning
steps=101
trajectory=[(1, 1), (2, 1), (2, 2), (2, 3), (3, 3), (4, 3), (5, 3), (5, 4), (6, 4), (6, 5), (6, 6), (6, 6), (6, 6), (6, 6), (6, 6), (6, 6), (6, 6), (6, 6), (6, 6), (6, 6), (6, 6), (6, 6), (6, 6), (6, 6), (6, 6), (6, 6), (6, 6), (6, 6), (6, 6), (6, 6), (6, 6), (6, 6), (6, 6), (6, 6), (6, 6), (6, 6), (6, 6), (6, 6), (6, 6), (6, 6), (6, 6), (6, 6), (6, 6), (6, 6), (6, 6), (6, 6), (6, 6), (6, 6), (6, 6), (6, 6), (6, 6), (6, 6), (6, 6), (6, 6), (6, 6), (6, 6), (6, 6), (6, 6), (6, 6), (6, 6), (6, 6), (6, 6), (6, 6), (6, 6), (6, 6), (6, 6), (6, 6), (6, 6), (6, 6), (6, 6), (6, 6), (6, 6), (6, 6), (6, 6), (6, 6), (6, 6), (6, 6), (6, 6), (6, 6), (6, 6), (6, 6), (6, 6), (6, 6), (6, 6), (6, 6), (6, 6), (6, 6), (6, 6), (6, 6), (6, 6), (6, 6), (6, 6), (6, 6), (6, 6), (6, 6), (6, 6), (6, 6), (6, 6), (6, 6), (6, 6), (6, 6), (6, 6)]
success=False

phase=test, time=evening
steps=19
trajectory=[(1, 1), (1, 2), (2, 2), (2, 3), (3, 3), (4, 3), (5, 3), (6, 3), (6, 4), (6, 5), (6, 6), (6, 5), (5, 5), (5, 4), (4, 4), (3, 4), (2, 4), (1, 4), (1, 5), (1, 6)]
success=True

Episode 10100 | mean return    -38.3 | success rate  50.0%
Episode 10200 | mean return     78.4 | success rate  56.0%
Episode 10300 | mean return      4.1 | success rate  52.0%
Episode 10400 | mean return    -31.4 | success rate  50.0%
Episode 10500 | mean return     21.4 | success rate  53.0%
Episode 10600 | mean return    -85.9 | success rate  48.0%
Episode 10700 | mean return    -56.5 | success rate  49.0%
Episode 10800 | mean return   -183.0 | success rate  43.0%
Episode 10900 | mean return    167.8 | success rate  60.0%
Episode 11000 | mean return     99.4 | success rate  58.0%
phase=train, time=morning
steps=17
trajectory=[(1, 1), (2, 1), (2, 2), (3, 2), (4, 2), (5, 2), (6, 2), (6, 1), (6, 2), (5, 2), (5, 3), (4, 3), (3, 3), (2, 3), (1, 3), (1, 4), (1, 5), (1, 6)]
success=True

phase=train, time=evening
steps=21
trajectory=[(1, 1), (2, 1), (2, 2), (3, 2), (4, 2), (5, 2), (6, 2), (6, 3), (6, 4), (6, 5), (6, 6), (6, 5), (5, 5), (5, 4), (5, 3), (4, 3), (3, 3), (2, 3), (1, 3), (1, 4), (1, 5), (1, 6)]
success=True

phase=test, time=morning
steps=101
trajectory=[(1, 1), (2, 1), (2, 2), (1, 2), (2, 2), (1, 2), (2, 2), (1, 2), (2, 2), (1, 2), (2, 2), (1, 2), (2, 2), (1, 2), (2, 2), (1, 2), (2, 2), (1, 2), (2, 2), (1, 2), (2, 2), (1, 2), (2, 2), (1, 2), (2, 2), (1, 2), (2, 2), (1, 2), (2, 2), (1, 2), (2, 2), (1, 2), (2, 2), (1, 2), (2, 2), (1, 2), (2, 2), (1, 2), (2, 2), (1, 2), (2, 2), (1, 2), (2, 2), (1, 2), (2, 2), (1, 2), (2, 2), (1, 2), (2, 2), (1, 2), (2, 2), (1, 2), (2, 2), (1, 2), (2, 2), (1, 2), (2, 2), (1, 2), (2, 2), (1, 2), (2, 2), (1, 2), (2, 2), (1, 2), (2, 2), (1, 2), (2, 2), (1, 2), (2, 2), (1, 2), (2, 2), (1, 2), (2, 2), (1, 2), (2, 2), (1, 2), (2, 2), (1, 2), (2, 2), (1, 2), (2, 2), (1, 2), (2, 2), (1, 2), (2, 2), (1, 2), (2, 2), (1, 2), (2, 2), (1, 2), (2, 2), (1, 2), (2, 2), (1, 2), (2, 2), (1, 2), (2, 2), (1, 2), (2, 2), (1, 2), (2, 2), (1, 2)]
success=False

phase=test, time=evening
steps=19
trajectory=[(1, 1), (2, 1), (2, 2), (2, 3), (3, 3), (4, 3), (5, 3), (6, 3), (6, 4), (6, 5), (6, 6), (6, 5), (5, 5), (5, 4), (4, 4), (3, 4), (2, 4), (1, 4), (1, 5), (1, 6)]
success=True

Episode 11100 | mean return   -268.4 | success rate  39.0%
Episode 11200 | mean return    183.3 | success rate  61.0%
Episode 11300 | mean return    169.1 | success rate  60.0%
Episode 11400 | mean return   -122.3 | success rate  46.0%
Episode 11500 | mean return     45.0 | success rate  54.0%
Episode 11600 | mean return   -123.0 | success rate  46.0%
Episode 11700 | mean return    -21.7 | success rate  51.0%
Episode 11800 | mean return    192.3 | success rate  61.0%
Episode 11900 | mean return     44.3 | success rate  54.0%
Episode 12000 | mean return    101.3 | success rate  57.0%
phase=train, time=morning
steps=17
trajectory=[(1, 1), (2, 1), (2, 2), (3, 2), (4, 2), (5, 2), (6, 2), (6, 1), (6, 2), (5, 2), (5, 3), (4, 3), (3, 3), (2, 3), (1, 3), (1, 4), (1, 5), (1, 6)]
success=True

phase=train, time=evening
steps=101
trajectory=[(1, 1), (2, 1), (2, 2), (3, 2), (4, 2), (5, 2), (6, 2), (6, 3), (6, 4), (6, 5), (6, 6), (6, 5), (5, 5), (5, 4), (5, 3), (6, 3), (5, 3), (6, 3), (5, 3), (6, 3), (5, 3), (6, 3), (5, 3), (6, 3), (5, 3), (6, 3), (5, 3), (6, 3), (5, 3), (6, 3), (5, 3), (6, 3), (5, 3), (6, 3), (5, 3), (6, 3), (5, 3), (6, 3), (5, 3), (6, 3), (5, 3), (6, 3), (5, 3), (6, 3), (5, 3), (6, 3), (5, 3), (6, 3), (5, 3), (6, 3), (5, 3), (6, 3), (5, 3), (6, 3), (5, 3), (6, 3), (5, 3), (6, 3), (5, 3), (6, 3), (5, 3), (6, 3), (5, 3), (6, 3), (5, 3), (6, 3), (5, 3), (6, 3), (5, 3), (6, 3), (5, 3), (6, 3), (5, 3), (6, 3), (5, 3), (6, 3), (5, 3), (6, 3), (5, 3), (6, 3), (5, 3), (6, 3), (5, 3), (6, 3), (5, 3), (6, 3), (5, 3), (6, 3), (5, 3), (6, 3), (5, 3), (6, 3), (5, 3), (6, 3), (5, 3), (6, 3), (5, 3), (6, 3), (5, 3), (6, 3), (5, 3), (6, 3)]
success=False

phase=test, time=morning
steps=101
trajectory=[(1, 1), (2, 1), (2, 2), (2, 3), (3, 3), (4, 3), (5, 3), (5, 4), (6, 4), (6, 5), (6, 6), (5, 6), (6, 6), (5, 6), (6, 6), (5, 6), (6, 6), (5, 6), (6, 6), (5, 6), (6, 6), (5, 6), (6, 6), (5, 6), (6, 6), (5, 6), (6, 6), (5, 6), (6, 6), (5, 6), (6, 6), (5, 6), (6, 6), (5, 6), (6, 6), (5, 6), (6, 6), (5, 6), (6, 6), (5, 6), (6, 6), (5, 6), (6, 6), (5, 6), (6, 6), (5, 6), (6, 6), (5, 6), (6, 6), (5, 6), (6, 6), (5, 6), (6, 6), (5, 6), (6, 6), (5, 6), (6, 6), (5, 6), (6, 6), (5, 6), (6, 6), (5, 6), (6, 6), (5, 6), (6, 6), (5, 6), (6, 6), (5, 6), (6, 6), (5, 6), (6, 6), (5, 6), (6, 6), (5, 6), (6, 6), (5, 6), (6, 6), (5, 6), (6, 6), (5, 6), (6, 6), (5, 6), (6, 6), (5, 6), (6, 6), (5, 6), (6, 6), (5, 6), (6, 6), (5, 6), (6, 6), (5, 6), (6, 6), (5, 6), (6, 6), (5, 6), (6, 6), (5, 6), (6, 6), (5, 6), (6, 6), (5, 6)]
success=False

phase=test, time=evening
steps=101
trajectory=[(1, 1), (2, 1), (2, 2), (2, 3), (3, 3), (4, 3), (5, 3), (6, 3), (6, 4), (6, 5), (6, 6), (6, 5), (5, 5), (5, 4), (6, 4), (5, 4), (6, 4), (5, 4), (6, 4), (5, 4), (6, 4), (5, 4), (6, 4), (5, 4), (6, 4), (5, 4), (6, 4), (5, 4), (6, 4), (5, 4), (6, 4), (5, 4), (6, 4), (5, 4), (6, 4), (5, 4), (6, 4), (5, 4), (6, 4), (5, 4), (6, 4), (5, 4), (6, 4), (5, 4), (6, 4), (5, 4), (6, 4), (5, 4), (6, 4), (5, 4), (6, 4), (5, 4), (6, 4), (5, 4), (6, 4), (5, 4), (6, 4), (5, 4), (6, 4), (5, 4), (6, 4), (5, 4), (6, 4), (5, 4), (6, 4), (5, 4), (6, 4), (5, 4), (6, 4), (5, 4), (6, 4), (5, 4), (6, 4), (5, 4), (6, 4), (5, 4), (6, 4), (5, 4), (6, 4), (5, 4), (6, 4), (5, 4), (6, 4), (5, 4), (6, 4), (5, 4), (6, 4), (5, 4), (6, 4), (5, 4), (6, 4), (5, 4), (6, 4), (5, 4), (6, 4), (5, 4), (6, 4), (5, 4), (6, 4), (5, 4), (6, 4), (5, 4)]
success=False

Episode 12100 | mean return    -82.9 | success rate  48.0%
Episode 12200 | mean return    -51.4 | success rate  49.0%
Episode 12300 | mean return    -98.5 | success rate  47.0%
Episode 12400 | mean return    205.4 | success rate  62.0%
Episode 12500 | mean return    230.2 | success rate  63.0%
Episode 12600 | mean return    137.6 | success rate  59.0%
Episode 12700 | mean return      2.8 | success rate  52.0%
Episode 12800 | mean return     -2.4 | success rate  52.0%
Episode 12900 | mean return    -95.5 | success rate  47.0%
Episode 13000 | mean return    102.5 | success rate  57.0%
phase=train, time=morning
steps=17
trajectory=[(1, 1), (1, 2), (2, 2), (3, 2), (4, 2), (5, 2), (5, 1), (6, 1), (5, 1), (5, 2), (5, 3), (4, 3), (3, 3), (2, 3), (1, 3), (1, 4), (1, 5), (1, 6)]
success=True

phase=train, time=evening
steps=21
trajectory=[(1, 1), (1, 2), (2, 2), (3, 2), (4, 2), (5, 2), (5, 3), (5, 4), (5, 5), (5, 6), (6, 6), (6, 5), (5, 5), (5, 4), (5, 3), (4, 3), (3, 3), (2, 3), (1, 3), (1, 4), (1, 5), (1, 6)]
success=True

phase=test, time=morning
steps=101
trajectory=[(1, 1), (1, 2), (2, 2), (1, 2), (2, 2), (1, 2), (2, 2), (1, 2), (2, 2), (1, 2), (2, 2), (1, 2), (2, 2), (1, 2), (2, 2), (1, 2), (2, 2), (1, 2), (2, 2), (1, 2), (2, 2), (1, 2), (2, 2), (1, 2), (2, 2), (1, 2), (2, 2), (1, 2), (2, 2), (1, 2), (2, 2), (1, 2), (2, 2), (1, 2), (2, 2), (1, 2), (2, 2), (1, 2), (2, 2), (1, 2), (2, 2), (1, 2), (2, 2), (1, 2), (2, 2), (1, 2), (2, 2), (1, 2), (2, 2), (1, 2), (2, 2), (1, 2), (2, 2), (1, 2), (2, 2), (1, 2), (2, 2), (1, 2), (2, 2), (1, 2), (2, 2), (1, 2), (2, 2), (1, 2), (2, 2), (1, 2), (2, 2), (1, 2), (2, 2), (1, 2), (2, 2), (1, 2), (2, 2), (1, 2), (2, 2), (1, 2), (2, 2), (1, 2), (2, 2), (1, 2), (2, 2), (1, 2), (2, 2), (1, 2), (2, 2), (1, 2), (2, 2), (1, 2), (2, 2), (1, 2), (2, 2), (1, 2), (2, 2), (1, 2), (2, 2), (1, 2), (2, 2), (1, 2), (2, 2), (1, 2), (2, 2), (1, 2)]
success=False

phase=test, time=evening
steps=19
trajectory=[(1, 1), (1, 2), (2, 2), (2, 3), (3, 3), (4, 3), (5, 3), (5, 4), (5, 5), (5, 6), (6, 6), (6, 5), (5, 5), (5, 4), (4, 4), (3, 4), (2, 4), (1, 4), (1, 5), (1, 6)]
success=True

Episode 13100 | mean return    -18.7 | success rate  51.0%
Episode 13200 | mean return    -96.1 | success rate  47.0%
Episode 13300 | mean return   -182.7 | success rate  43.0%
Episode 13400 | mean return    268.7 | success rate  65.0%
Episode 13500 | mean return     67.1 | success rate  55.0%
Episode 13600 | mean return     63.1 | success rate  55.0%
Episode 13700 | mean return    -49.7 | success rate  49.0%
Episode 13800 | mean return    -36.7 | success rate  50.0%
Episode 13900 | mean return    -52.9 | success rate  49.0%
Episode 14000 | mean return     45.3 | success rate  54.0%
phase=train, time=morning
steps=17
trajectory=[(1, 1), (1, 2), (2, 2), (3, 2), (4, 2), (5, 2), (6, 2), (6, 1), (6, 2), (5, 2), (5, 3), (4, 3), (3, 3), (2, 3), (1, 3), (1, 4), (1, 5), (1, 6)]
success=True

phase=train, time=evening
steps=21
trajectory=[(1, 1), (1, 2), (2, 2), (3, 2), (4, 2), (5, 2), (6, 2), (6, 3), (6, 4), (6, 5), (6, 6), (6, 5), (5, 5), (5, 4), (5, 3), (4, 3), (3, 3), (2, 3), (1, 3), (1, 4), (1, 5), (1, 6)]
success=True

phase=test, time=morning
steps=101
trajectory=[(1, 1), (1, 2), (2, 2), (1, 2), (2, 2), (1, 2), (2, 2), (1, 2), (2, 2), (1, 2), (2, 2), (1, 2), (2, 2), (1, 2), (2, 2), (1, 2), (2, 2), (1, 2), (2, 2), (1, 2), (2, 2), (1, 2), (2, 2), (1, 2), (2, 2), (1, 2), (2, 2), (1, 2), (2, 2), (1, 2), (2, 2), (1, 2), (2, 2), (1, 2), (2, 2), (1, 2), (2, 2), (1, 2), (2, 2), (1, 2), (2, 2), (1, 2), (2, 2), (1, 2), (2, 2), (1, 2), (2, 2), (1, 2), (2, 2), (1, 2), (2, 2), (1, 2), (2, 2), (1, 2), (2, 2), (1, 2), (2, 2), (1, 2), (2, 2), (1, 2), (2, 2), (1, 2), (2, 2), (1, 2), (2, 2), (1, 2), (2, 2), (1, 2), (2, 2), (1, 2), (2, 2), (1, 2), (2, 2), (1, 2), (2, 2), (1, 2), (2, 2), (1, 2), (2, 2), (1, 2), (2, 2), (1, 2), (2, 2), (1, 2), (2, 2), (1, 2), (2, 2), (1, 2), (2, 2), (1, 2), (2, 2), (1, 2), (2, 2), (1, 2), (2, 2), (1, 2), (2, 2), (1, 2), (2, 2), (1, 2), (2, 2), (1, 2)]
success=False

phase=test, time=evening
steps=101
trajectory=[(1, 1), (1, 2), (2, 2), (1, 2), (2, 2), (1, 2), (2, 2), (1, 2), (2, 2), (1, 2), (2, 2), (1, 2), (2, 2), (1, 2), (2, 2), (1, 2), (2, 2), (1, 2), (2, 2), (1, 2), (2, 2), (1, 2), (2, 2), (1, 2), (2, 2), (1, 2), (2, 2), (1, 2), (2, 2), (1, 2), (2, 2), (1, 2), (2, 2), (1, 2), (2, 2), (1, 2), (2, 2), (1, 2), (2, 2), (1, 2), (2, 2), (1, 2), (2, 2), (1, 2), (2, 2), (1, 2), (2, 2), (1, 2), (2, 2), (1, 2), (2, 2), (1, 2), (2, 2), (1, 2), (2, 2), (1, 2), (2, 2), (1, 2), (2, 2), (1, 2), (2, 2), (1, 2), (2, 2), (1, 2), (2, 2), (1, 2), (2, 2), (1, 2), (2, 2), (1, 2), (2, 2), (1, 2), (2, 2), (1, 2), (2, 2), (1, 2), (2, 2), (1, 2), (2, 2), (1, 2), (2, 2), (1, 2), (2, 2), (1, 2), (2, 2), (1, 2), (2, 2), (1, 2), (2, 2), (1, 2), (2, 2), (1, 2), (2, 2), (1, 2), (2, 2), (1, 2), (2, 2), (1, 2), (2, 2), (1, 2), (2, 2), (1, 2)]
success=False

Episode 14100 | mean return   -245.0 | success rate  40.0%
Episode 14200 | mean return    186.0 | success rate  61.0%
Episode 14300 | mean return    -98.5 | success rate  47.0%
Episode 14400 | mean return    -97.0 | success rate  47.0%
Episode 14500 | mean return    182.7 | success rate  61.0%
Episode 14600 | mean return    167.8 | success rate  60.0%
Episode 14700 | mean return    107.7 | success rate  57.0%
Episode 14800 | mean return    -17.4 | success rate  51.0%
Episode 14900 | mean return      5.1 | success rate  52.0%
Episode 15000 | mean return    248.7 | success rate  64.0%
phase=train, time=morning
steps=17
trajectory=[(1, 1), (2, 1), (2, 2), (3, 2), (4, 2), (5, 2), (6, 2), (6, 1), (6, 2), (5, 2), (5, 3), (4, 3), (3, 3), (2, 3), (1, 3), (1, 4), (1, 5), (1, 6)]
success=True

phase=train, time=evening
steps=21
trajectory=[(1, 1), (2, 1), (2, 2), (3, 2), (4, 2), (5, 2), (6, 2), (6, 3), (6, 4), (6, 5), (6, 6), (6, 5), (5, 5), (5, 4), (5, 3), (4, 3), (3, 3), (2, 3), (2, 4), (2, 5), (1, 5), (1, 6)]
success=True

phase=test, time=morning
steps=101
trajectory=[(1, 1), (2, 1), (2, 2), (2, 3), (3, 3), (4, 3), (5, 3), (5, 4), (6, 4), (6, 3), (6, 2), (6, 1), (6, 2), (5, 2), (6, 2), (5, 2), (6, 2), (5, 2), (6, 2), (5, 2), (6, 2), (5, 2), (6, 2), (5, 2), (6, 2), (5, 2), (6, 2), (5, 2), (6, 2), (5, 2), (6, 2), (5, 2), (6, 2), (5, 2), (6, 2), (5, 2), (6, 2), (5, 2), (6, 2), (5, 2), (6, 2), (5, 2), (6, 2), (5, 2), (6, 2), (5, 2), (6, 2), (5, 2), (6, 2), (5, 2), (6, 2), (5, 2), (6, 2), (5, 2), (6, 2), (5, 2), (6, 2), (5, 2), (6, 2), (5, 2), (6, 2), (5, 2), (6, 2), (5, 2), (6, 2), (5, 2), (6, 2), (5, 2), (6, 2), (5, 2), (6, 2), (5, 2), (6, 2), (5, 2), (6, 2), (5, 2), (6, 2), (5, 2), (6, 2), (5, 2), (6, 2), (5, 2), (6, 2), (5, 2), (6, 2), (5, 2), (6, 2), (5, 2), (6, 2), (5, 2), (6, 2), (5, 2), (6, 2), (5, 2), (6, 2), (5, 2), (6, 2), (5, 2), (6, 2), (5, 2), (6, 2), (5, 2)]
success=False

phase=test, time=evening
steps=19
trajectory=[(1, 1), (2, 1), (2, 2), (2, 3), (3, 3), (4, 3), (5, 3), (6, 3), (6, 4), (6, 5), (6, 6), (6, 5), (5, 5), (5, 4), (4, 4), (3, 4), (2, 4), (2, 5), (1, 5), (1, 6)]
success=True

Episode 15100 | mean return    -79.4 | success rate  48.0%
Episode 15200 | mean return     64.7 | success rate  55.0%
Episode 15300 | mean return    -66.0 | success rate  49.0%
Episode 15400 | mean return   -135.8 | success rate  45.0%
Episode 15500 | mean return    -77.4 | success rate  48.0%
Episode 15600 | mean return    276.4 | success rate  65.0%
Episode 15700 | mean return    147.7 | success rate  59.0%
Episode 15800 | mean return     88.7 | success rate  56.0%
Episode 15900 | mean return     79.5 | success rate  56.0%
Episode 16000 | mean return     92.3 | success rate  56.0%
phase=train, time=morning
steps=17
trajectory=[(1, 1), (1, 2), (2, 2), (3, 2), (4, 2), (5, 2), (5, 1), (6, 1), (5, 1), (5, 2), (5, 3), (4, 3), (3, 3), (2, 3), (1, 3), (1, 4), (1, 5), (1, 6)]
success=True

phase=train, time=evening
steps=21
trajectory=[(1, 1), (1, 2), (2, 2), (3, 2), (4, 2), (5, 2), (5, 3), (6, 3), (6, 4), (6, 5), (6, 6), (6, 5), (5, 5), (5, 4), (5, 3), (4, 3), (3, 3), (2, 3), (1, 3), (1, 4), (1, 5), (1, 6)]
success=True

phase=test, time=morning
steps=101
trajectory=[(1, 1), (1, 2), (2, 2), (2, 1), (2, 2), (2, 1), (2, 2), (2, 1), (2, 2), (2, 1), (2, 2), (2, 1), (2, 2), (2, 1), (2, 2), (2, 1), (2, 2), (2, 1), (2, 2), (2, 1), (2, 2), (2, 1), (2, 2), (2, 1), (2, 2), (2, 1), (2, 2), (2, 1), (2, 2), (2, 1), (2, 2), (2, 1), (2, 2), (2, 1), (2, 2), (2, 1), (2, 2), (2, 1), (2, 2), (2, 1), (2, 2), (2, 1), (2, 2), (2, 1), (2, 2), (2, 1), (2, 2), (2, 1), (2, 2), (2, 1), (2, 2), (2, 1), (2, 2), (2, 1), (2, 2), (2, 1), (2, 2), (2, 1), (2, 2), (2, 1), (2, 2), (2, 1), (2, 2), (2, 1), (2, 2), (2, 1), (2, 2), (2, 1), (2, 2), (2, 1), (2, 2), (2, 1), (2, 2), (2, 1), (2, 2), (2, 1), (2, 2), (2, 1), (2, 2), (2, 1), (2, 2), (2, 1), (2, 2), (2, 1), (2, 2), (2, 1), (2, 2), (2, 1), (2, 2), (2, 1), (2, 2), (2, 1), (2, 2), (2, 1), (2, 2), (2, 1), (2, 2), (2, 1), (2, 2), (2, 1), (2, 2), (2, 1)]
success=False

phase=test, time=evening
steps=19
trajectory=[(1, 1), (1, 2), (2, 2), (2, 3), (3, 3), (4, 3), (5, 3), (5, 4), (6, 4), (6, 5), (6, 6), (6, 5), (5, 5), (5, 4), (4, 4), (3, 4), (2, 4), (1, 4), (1, 5), (1, 6)]
success=True

Episode 16100 | mean return    -85.7 | success rate  48.0%
Episode 16200 | mean return     23.8 | success rate  53.0%
Episode 16300 | mean return      6.7 | success rate  52.0%
Episode 16400 | mean return     23.1 | success rate  53.0%
Episode 16500 | mean return    -40.5 | success rate  50.0%
Episode 16600 | mean return     26.0 | success rate  53.0%
Episode 16700 | mean return   -302.5 | success rate  37.0%
Episode 16800 | mean return    100.8 | success rate  57.0%
Episode 16900 | mean return    310.0 | success rate  67.0%
Episode 17000 | mean return    123.2 | success rate  59.0%
phase=train, time=morning
steps=17
trajectory=[(1, 1), (1, 2), (2, 2), (3, 2), (4, 2), (5, 2), (5, 1), (6, 1), (5, 1), (5, 2), (5, 3), (4, 3), (3, 3), (2, 3), (1, 3), (1, 4), (1, 5), (1, 6)]
success=True

phase=train, time=evening
steps=21
trajectory=[(1, 1), (2, 1), (2, 2), (3, 2), (4, 2), (5, 2), (6, 2), (6, 3), (6, 4), (6, 5), (6, 6), (6, 5), (5, 5), (5, 4), (5, 3), (4, 3), (3, 3), (2, 3), (1, 3), (1, 4), (1, 5), (1, 6)]
success=True

phase=test, time=morning
steps=101
trajectory=[(1, 1), (1, 2), (2, 2), (1, 2), (2, 2), (1, 2), (2, 2), (1, 2), (2, 2), (1, 2), (2, 2), (1, 2), (2, 2), (1, 2), (2, 2), (1, 2), (2, 2), (1, 2), (2, 2), (1, 2), (2, 2), (1, 2), (2, 2), (1, 2), (2, 2), (1, 2), (2, 2), (1, 2), (2, 2), (1, 2), (2, 2), (1, 2), (2, 2), (1, 2), (2, 2), (1, 2), (2, 2), (1, 2), (2, 2), (1, 2), (2, 2), (1, 2), (2, 2), (1, 2), (2, 2), (1, 2), (2, 2), (1, 2), (2, 2), (1, 2), (2, 2), (1, 2), (2, 2), (1, 2), (2, 2), (1, 2), (2, 2), (1, 2), (2, 2), (1, 2), (2, 2), (1, 2), (2, 2), (1, 2), (2, 2), (1, 2), (2, 2), (1, 2), (2, 2), (1, 2), (2, 2), (1, 2), (2, 2), (1, 2), (2, 2), (1, 2), (2, 2), (1, 2), (2, 2), (1, 2), (2, 2), (1, 2), (2, 2), (1, 2), (2, 2), (1, 2), (2, 2), (1, 2), (2, 2), (1, 2), (2, 2), (1, 2), (2, 2), (1, 2), (2, 2), (1, 2), (2, 2), (1, 2), (2, 2), (1, 2), (2, 2), (1, 2)]
success=False

phase=test, time=evening
steps=19
trajectory=[(1, 1), (2, 1), (2, 2), (2, 3), (3, 3), (4, 3), (5, 3), (6, 3), (6, 4), (6, 5), (6, 6), (6, 5), (5, 5), (5, 4), (4, 4), (3, 4), (2, 4), (1, 4), (1, 5), (1, 6)]
success=True

Episode 17100 | mean return    -97.5 | success rate  47.0%
Episode 17200 | mean return     33.9 | success rate  54.0%
Episode 17300 | mean return    121.7 | success rate  58.0%
Episode 17400 | mean return     36.8 | success rate  54.0%
Episode 17500 | mean return    210.0 | success rate  62.0%
Episode 17600 | mean return    -13.5 | success rate  52.0%
Episode 17700 | mean return     62.1 | success rate  55.0%
Episode 17800 | mean return    -11.7 | success rate  51.0%
Episode 17900 | mean return     76.5 | success rate  56.0%
Episode 18000 | mean return     20.9 | success rate  53.0%
phase=train, time=morning
steps=101
trajectory=[(1, 1), (1, 2), (2, 2), (3, 2), (4, 2), (5, 2), (6, 2), (6, 1), (5, 1), (5, 2), (5, 3), (4, 3), (3, 3), (2, 3), (1, 3), (1, 4), (1, 5), (2, 5), (1, 5), (2, 5), (1, 5), (2, 5), (1, 5), (2, 5), (1, 5), (2, 5), (1, 5), (2, 5), (1, 5), (2, 5), (1, 5), (2, 5), (1, 5), (2, 5), (1, 5), (2, 5), (1, 5), (2, 5), (1, 5), (2, 5), (1, 5), (2, 5), (1, 5), (2, 5), (1, 5), (2, 5), (1, 5), (2, 5), (1, 5), (2, 5), (1, 5), (2, 5), (1, 5), (2, 5), (1, 5), (2, 5), (1, 5), (2, 5), (1, 5), (2, 5), (1, 5), (2, 5), (1, 5), (2, 5), (1, 5), (2, 5), (1, 5), (2, 5), (1, 5), (2, 5), (1, 5), (2, 5), (1, 5), (2, 5), (1, 5), (2, 5), (1, 5), (2, 5), (1, 5), (2, 5), (1, 5), (2, 5), (1, 5), (2, 5), (1, 5), (2, 5), (1, 5), (2, 5), (1, 5), (2, 5), (1, 5), (2, 5), (1, 5), (2, 5), (1, 5), (2, 5), (1, 5), (2, 5), (1, 5), (2, 5), (1, 5), (2, 5)]
success=False

phase=train, time=evening
steps=21
trajectory=[(1, 1), (1, 2), (2, 2), (3, 2), (4, 2), (5, 2), (5, 3), (5, 4), (5, 5), (5, 6), (6, 6), (6, 5), (5, 5), (5, 4), (5, 3), (4, 3), (3, 3), (2, 3), (1, 3), (1, 4), (1, 5), (1, 6)]
success=True

phase=test, time=morning
steps=101
trajectory=[(1, 1), (1, 2), (2, 2), (2, 1), (2, 2), (2, 1), (2, 2), (2, 1), (2, 2), (2, 1), (2, 2), (2, 1), (2, 2), (2, 1), (2, 2), (2, 1), (2, 2), (2, 1), (2, 2), (2, 1), (2, 2), (2, 1), (2, 2), (2, 1), (2, 2), (2, 1), (2, 2), (2, 1), (2, 2), (2, 1), (2, 2), (2, 1), (2, 2), (2, 1), (2, 2), (2, 1), (2, 2), (2, 1), (2, 2), (2, 1), (2, 2), (2, 1), (2, 2), (2, 1), (2, 2), (2, 1), (2, 2), (2, 1), (2, 2), (2, 1), (2, 2), (2, 1), (2, 2), (2, 1), (2, 2), (2, 1), (2, 2), (2, 1), (2, 2), (2, 1), (2, 2), (2, 1), (2, 2), (2, 1), (2, 2), (2, 1), (2, 2), (2, 1), (2, 2), (2, 1), (2, 2), (2, 1), (2, 2), (2, 1), (2, 2), (2, 1), (2, 2), (2, 1), (2, 2), (2, 1), (2, 2), (2, 1), (2, 2), (2, 1), (2, 2), (2, 1), (2, 2), (2, 1), (2, 2), (2, 1), (2, 2), (2, 1), (2, 2), (2, 1), (2, 2), (2, 1), (2, 2), (2, 1), (2, 2), (2, 1), (2, 2), (2, 1)]
success=False

phase=test, time=evening
steps=19
trajectory=[(1, 1), (1, 2), (2, 2), (2, 3), (3, 3), (4, 3), (5, 3), (5, 4), (5, 5), (5, 6), (6, 6), (6, 5), (5, 5), (5, 4), (4, 4), (3, 4), (2, 4), (1, 4), (1, 5), (1, 6)]
success=True

Episode 18100 | mean return   -309.2 | success rate  37.0%
Episode 18200 | mean return    101.0 | success rate  57.0%
Episode 18300 | mean return      0.1 | success rate  52.0%
Episode 18400 | mean return   -176.3 | success rate  43.0%
Episode 18500 | mean return    -43.7 | success rate  50.0%
Episode 18600 | mean return     42.9 | success rate  54.0%
Episode 18700 | mean return   -163.8 | success rate  44.0%
Episode 18800 | mean return    -78.2 | success rate  48.0%
Episode 18900 | mean return    -59.3 | success rate  49.0%
Episode 19000 | mean return     65.6 | success rate  55.0%
phase=train, time=morning
steps=101
trajectory=[(1, 1), (1, 2), (2, 2), (3, 2), (4, 2), (5, 2), (6, 2), (6, 1), (6, 2), (6, 1), (6, 2), (6, 1), (6, 2), (6, 1), (6, 2), (6, 1), (6, 2), (6, 1), (6, 2), (6, 1), (6, 2), (6, 1), (6, 2), (6, 1), (6, 2), (6, 1), (6, 2), (6, 1), (6, 2), (6, 1), (6, 2), (6, 1), (6, 2), (6, 1), (6, 2), (6, 1), (6, 2), (6, 1), (6, 2), (6, 1), (6, 2), (6, 1), (6, 2), (6, 1), (6, 2), (6, 1), (6, 2), (6, 1), (6, 2), (6, 1), (6, 2), (6, 1), (6, 2), (6, 1), (6, 2), (6, 1), (6, 2), (6, 1), (6, 2), (6, 1), (6, 2), (6, 1), (6, 2), (6, 1), (6, 2), (6, 1), (6, 2), (6, 1), (6, 2), (6, 1), (6, 2), (6, 1), (6, 2), (6, 1), (6, 2), (6, 1), (6, 2), (6, 1), (6, 2), (6, 1), (6, 2), (6, 1), (6, 2), (6, 1), (6, 2), (6, 1), (6, 2), (6, 1), (6, 2), (6, 1), (6, 2), (6, 1), (6, 2), (6, 1), (6, 2), (6, 1), (6, 2), (6, 1), (6, 2), (6, 1), (6, 2), (6, 1)]
success=False

phase=train, time=evening
steps=21
trajectory=[(1, 1), (2, 1), (2, 2), (3, 2), (4, 2), (5, 2), (6, 2), (6, 3), (6, 4), (6, 5), (6, 6), (6, 5), (5, 5), (5, 4), (5, 3), (4, 3), (3, 3), (2, 3), (1, 3), (1, 4), (1, 5), (1, 6)]
success=True

phase=test, time=morning
steps=101
trajectory=[(1, 1), (1, 2), (2, 2), (2, 1), (2, 2), (2, 1), (2, 2), (2, 1), (2, 2), (2, 1), (2, 2), (2, 1), (2, 2), (2, 1), (2, 2), (2, 1), (2, 2), (2, 1), (2, 2), (2, 1), (2, 2), (2, 1), (2, 2), (2, 1), (2, 2), (2, 1), (2, 2), (2, 1), (2, 2), (2, 1), (2, 2), (2, 1), (2, 2), (2, 1), (2, 2), (2, 1), (2, 2), (2, 1), (2, 2), (2, 1), (2, 2), (2, 1), (2, 2), (2, 1), (2, 2), (2, 1), (2, 2), (2, 1), (2, 2), (2, 1), (2, 2), (2, 1), (2, 2), (2, 1), (2, 2), (2, 1), (2, 2), (2, 1), (2, 2), (2, 1), (2, 2), (2, 1), (2, 2), (2, 1), (2, 2), (2, 1), (2, 2), (2, 1), (2, 2), (2, 1), (2, 2), (2, 1), (2, 2), (2, 1), (2, 2), (2, 1), (2, 2), (2, 1), (2, 2), (2, 1), (2, 2), (2, 1), (2, 2), (2, 1), (2, 2), (2, 1), (2, 2), (2, 1), (2, 2), (2, 1), (2, 2), (2, 1), (2, 2), (2, 1), (2, 2), (2, 1), (2, 2), (2, 1), (2, 2), (2, 1), (2, 2), (2, 1)]
success=False

phase=test, time=evening
steps=19
trajectory=[(1, 1), (2, 1), (2, 2), (2, 3), (3, 3), (4, 3), (5, 3), (6, 3), (6, 4), (6, 5), (6, 6), (6, 5), (5, 5), (5, 4), (4, 4), (3, 4), (2, 4), (1, 4), (1, 5), (1, 6)]
success=True

Episode 19100 | mean return     26.7 | success rate  53.0%
Episode 19200 | mean return   -267.8 | success rate  39.0%
Episode 19300 | mean return    -42.0 | success rate  50.0%
Episode 19400 | mean return    -45.2 | success rate  50.0%
Episode 19500 | mean return    125.0 | success rate  58.0%
Episode 19600 | mean return    -60.4 | success rate  49.0%
Episode 19700 | mean return   -105.0 | success rate  47.0%
Episode 19800 | mean return   -164.8 | success rate  44.0%
Episode 19900 | mean return    -37.0 | success rate  50.0%
Episode 20000 | mean return    -82.9 | success rate  48.0%
phase=train, time=morning
steps=17
trajectory=[(1, 1), (1, 2), (2, 2), (3, 2), (4, 2), (5, 2), (6, 2), (6, 1), (6, 2), (5, 2), (5, 3), (4, 3), (3, 3), (2, 3), (1, 3), (1, 4), (1, 5), (1, 6)]
success=True

phase=train, time=evening
steps=101
trajectory=[(1, 1), (1, 2), (2, 2), (3, 2), (4, 2), (5, 2), (5, 3), (6, 3), (6, 4), (6, 5), (6, 6), (6, 5), (5, 5), (5, 4), (5, 5), (5, 4), (5, 5), (5, 4), (5, 5), (5, 4), (5, 5), (5, 4), (5, 5), (5, 4), (5, 5), (5, 4), (5, 5), (5, 4), (5, 5), (5, 4), (5, 5), (5, 4), (5, 5), (5, 4), (5, 5), (5, 4), (5, 5), (5, 4), (5, 5), (5, 4), (5, 5), (5, 4), (5, 5), (5, 4), (5, 5), (5, 4), (5, 5), (5, 4), (5, 5), (5, 4), (5, 5), (5, 4), (5, 5), (5, 4), (5, 5), (5, 4), (5, 5), (5, 4), (5, 5), (5, 4), (5, 5), (5, 4), (5, 5), (5, 4), (5, 5), (5, 4), (5, 5), (5, 4), (5, 5), (5, 4), (5, 5), (5, 4), (5, 5), (5, 4), (5, 5), (5, 4), (5, 5), (5, 4), (5, 5), (5, 4), (5, 5), (5, 4), (5, 5), (5, 4), (5, 5), (5, 4), (5, 5), (5, 4), (5, 5), (5, 4), (5, 5), (5, 4), (5, 5), (5, 4), (5, 5), (5, 4), (5, 5), (5, 4), (5, 5), (5, 4), (5, 5), (5, 4)]
success=False

phase=test, time=morning
steps=101
trajectory=[(1, 1), (1, 2), (2, 2), (2, 3), (3, 3), (4, 3), (5, 3), (5, 4), (6, 4), (6, 5), (6, 6), (6, 6), (6, 6), (6, 6), (6, 6), (6, 6), (6, 6), (6, 6), (6, 6), (6, 6), (6, 6), (6, 6), (6, 6), (6, 6), (6, 6), (6, 6), (6, 6), (6, 6), (6, 6), (6, 6), (6, 6), (6, 6), (6, 6), (6, 6), (6, 6), (6, 6), (6, 6), (6, 6), (6, 6), (6, 6), (6, 6), (6, 6), (6, 6), (6, 6), (6, 6), (6, 6), (6, 6), (6, 6), (6, 6), (6, 6), (6, 6), (6, 6), (6, 6), (6, 6), (6, 6), (6, 6), (6, 6), (6, 6), (6, 6), (6, 6), (6, 6), (6, 6), (6, 6), (6, 6), (6, 6), (6, 6), (6, 6), (6, 6), (6, 6), (6, 6), (6, 6), (6, 6), (6, 6), (6, 6), (6, 6), (6, 6), (6, 6), (6, 6), (6, 6), (6, 6), (6, 6), (6, 6), (6, 6), (6, 6), (6, 6), (6, 6), (6, 6), (6, 6), (6, 6), (6, 6), (6, 6), (6, 6), (6, 6), (6, 6), (6, 6), (6, 6), (6, 6), (6, 6), (6, 6), (6, 6), (6, 6), (6, 6)]
success=False

phase=test, time=evening
steps=101
trajectory=[(1, 1), (1, 2), (2, 2), (2, 3), (3, 3), (4, 3), (5, 3), (5, 4), (6, 4), (6, 5), (6, 6), (6, 5), (5, 5), (5, 6), (5, 6), (5, 6), (5, 6), (5, 6), (5, 6), (5, 6), (5, 6), (5, 6), (5, 6), (5, 6), (5, 6), (5, 6), (5, 6), (5, 6), (5, 6), (5, 6), (5, 6), (5, 6), (5, 6), (5, 6), (5, 6), (5, 6), (5, 6), (5, 6), (5, 6), (5, 6), (5, 6), (5, 6), (5, 6), (5, 6), (5, 6), (5, 6), (5, 6), (5, 6), (5, 6), (5, 6), (5, 6), (5, 6), (5, 6), (5, 6), (5, 6), (5, 6), (5, 6), (5, 6), (5, 6), (5, 6), (5, 6), (5, 6), (5, 6), (5, 6), (5, 6), (5, 6), (5, 6), (5, 6), (5, 6), (5, 6), (5, 6), (5, 6), (5, 6), (5, 6), (5, 6), (5, 6), (5, 6), (5, 6), (5, 6), (5, 6), (5, 6), (5, 6), (5, 6), (5, 6), (5, 6), (5, 6), (5, 6), (5, 6), (5, 6), (5, 6), (5, 6), (5, 6), (5, 6), (5, 6), (5, 6), (5, 6), (5, 6), (5, 6), (5, 6), (5, 6), (5, 6), (5, 6)]
success=False

Episode 20100 | mean return     93.8 | success rate  57.0%
Episode 20200 | mean return   -104.3 | success rate  47.0%
Episode 20300 | mean return    136.5 | success rate  59.0%
Episode 20400 | mean return     27.2 | success rate  53.0%
Episode 20500 | mean return    169.3 | success rate  61.0%
Episode 20600 | mean return    -58.0 | success rate  50.0%
Episode 20700 | mean return    -41.9 | success rate  50.0%
Episode 20800 | mean return   -262.0 | success rate  39.0%
Episode 20900 | mean return    185.9 | success rate  61.0%
Episode 21000 | mean return    247.0 | success rate  64.0%
phase=train, time=morning
steps=17
trajectory=[(1, 1), (2, 1), (2, 2), (3, 2), (4, 2), (5, 2), (5, 1), (6, 1), (6, 2), (5, 2), (5, 3), (4, 3), (3, 3), (2, 3), (1, 3), (1, 4), (1, 5), (1, 6)]
success=True

phase=train, time=evening
steps=21
trajectory=[(1, 1), (2, 1), (2, 2), (3, 2), (4, 2), (5, 2), (6, 2), (6, 3), (6, 4), (6, 5), (6, 6), (6, 5), (5, 5), (5, 4), (5, 3), (4, 3), (3, 3), (2, 3), (2, 4), (2, 5), (1, 5), (1, 6)]
success=True

phase=test, time=morning
steps=101
trajectory=[(1, 1), (2, 1), (2, 2), (2, 3), (3, 3), (4, 3), (5, 3), (5, 4), (6, 4), (6, 5), (6, 6), (6, 6), (6, 6), (6, 6), (6, 6), (6, 6), (6, 6), (6, 6), (6, 6), (6, 6), (6, 6), (6, 6), (6, 6), (6, 6), (6, 6), (6, 6), (6, 6), (6, 6), (6, 6), (6, 6), (6, 6), (6, 6), (6, 6), (6, 6), (6, 6), (6, 6), (6, 6), (6, 6), (6, 6), (6, 6), (6, 6), (6, 6), (6, 6), (6, 6), (6, 6), (6, 6), (6, 6), (6, 6), (6, 6), (6, 6), (6, 6), (6, 6), (6, 6), (6, 6), (6, 6), (6, 6), (6, 6), (6, 6), (6, 6), (6, 6), (6, 6), (6, 6), (6, 6), (6, 6), (6, 6), (6, 6), (6, 6), (6, 6), (6, 6), (6, 6), (6, 6), (6, 6), (6, 6), (6, 6), (6, 6), (6, 6), (6, 6), (6, 6), (6, 6), (6, 6), (6, 6), (6, 6), (6, 6), (6, 6), (6, 6), (6, 6), (6, 6), (6, 6), (6, 6), (6, 6), (6, 6), (6, 6), (6, 6), (6, 6), (6, 6), (6, 6), (6, 6), (6, 6), (6, 6), (6, 6), (6, 6), (6, 6)]
success=False

phase=test, time=evening
steps=19
trajectory=[(1, 1), (2, 1), (2, 2), (2, 3), (3, 3), (4, 3), (5, 3), (6, 3), (6, 4), (6, 5), (6, 6), (6, 5), (5, 5), (5, 4), (4, 4), (3, 4), (2, 4), (2, 5), (1, 5), (1, 6)]
success=True

Episode 21100 | mean return    146.3 | success rate  59.0%
Episode 21200 | mean return    -14.6 | success rate  51.0%
Episode 21300 | mean return     56.6 | success rate  55.0%
Episode 21400 | mean return    289.0 | success rate  66.0%
Episode 21500 | mean return   -253.1 | success rate  41.0%
Episode 21600 | mean return    -40.1 | success rate  50.0%
Episode 21700 | mean return     99.8 | success rate  57.0%
Episode 21800 | mean return    163.7 | success rate  60.0%
Episode 21900 | mean return    -53.6 | success rate  49.0%
Episode 22000 | mean return     60.4 | success rate  55.0%
phase=train, time=morning
steps=17
trajectory=[(1, 1), (1, 2), (2, 2), (3, 2), (4, 2), (5, 2), (6, 2), (6, 1), (5, 1), (5, 2), (5, 3), (4, 3), (3, 3), (2, 3), (1, 3), (1, 4), (1, 5), (1, 6)]
success=True

phase=train, time=evening
steps=21
trajectory=[(1, 1), (2, 1), (2, 2), (3, 2), (4, 2), (5, 2), (6, 2), (6, 3), (6, 4), (6, 5), (6, 6), (6, 5), (5, 5), (5, 4), (5, 3), (4, 3), (3, 3), (2, 3), (2, 4), (2, 5), (1, 5), (1, 6)]
success=True

phase=test, time=morning
steps=101
trajectory=[(1, 1), (1, 2), (2, 2), (2, 3), (3, 3), (4, 3), (5, 3), (5, 4), (6, 4), (6, 3), (6, 2), (6, 1), (5, 1), (5, 2), (5, 1), (5, 2), (5, 1), (5, 2), (5, 1), (5, 2), (5, 1), (5, 2), (5, 1), (5, 2), (5, 1), (5, 2), (5, 1), (5, 2), (5, 1), (5, 2), (5, 1), (5, 2), (5, 1), (5, 2), (5, 1), (5, 2), (5, 1), (5, 2), (5, 1), (5, 2), (5, 1), (5, 2), (5, 1), (5, 2), (5, 1), (5, 2), (5, 1), (5, 2), (5, 1), (5, 2), (5, 1), (5, 2), (5, 1), (5, 2), (5, 1), (5, 2), (5, 1), (5, 2), (5, 1), (5, 2), (5, 1), (5, 2), (5, 1), (5, 2), (5, 1), (5, 2), (5, 1), (5, 2), (5, 1), (5, 2), (5, 1), (5, 2), (5, 1), (5, 2), (5, 1), (5, 2), (5, 1), (5, 2), (5, 1), (5, 2), (5, 1), (5, 2), (5, 1), (5, 2), (5, 1), (5, 2), (5, 1), (5, 2), (5, 1), (5, 2), (5, 1), (5, 2), (5, 1), (5, 2), (5, 1), (5, 2), (5, 1), (5, 2), (5, 1), (5, 2), (5, 1), (5, 2)]
success=False

phase=test, time=evening
steps=19
trajectory=[(1, 1), (2, 1), (2, 2), (2, 3), (3, 3), (4, 3), (5, 3), (6, 3), (6, 4), (6, 5), (6, 6), (6, 5), (5, 5), (5, 4), (4, 4), (3, 4), (2, 4), (2, 5), (1, 5), (1, 6)]
success=True

Episode 22100 | mean return     -3.2 | success rate  52.0%
Episode 22200 | mean return    -88.6 | success rate  48.0%
Episode 22300 | mean return    120.8 | success rate  58.0%
Episode 22400 | mean return    -15.6 | success rate  51.0%
Episode 22500 | mean return     20.0 | success rate  53.0%
Episode 22600 | mean return    -46.2 | success rate  50.0%
Episode 22700 | mean return   -168.6 | success rate  44.0%
Episode 22800 | mean return     38.3 | success rate  54.0%
Episode 22900 | mean return   -101.3 | success rate  47.0%
Episode 23000 | mean return    239.9 | success rate  64.0%
phase=train, time=morning
steps=17
trajectory=[(1, 1), (2, 1), (2, 2), (3, 2), (4, 2), (5, 2), (5, 1), (6, 1), (5, 1), (5, 2), (5, 3), (4, 3), (3, 3), (2, 3), (1, 3), (1, 4), (1, 5), (1, 6)]
success=True

phase=train, time=evening
steps=21
trajectory=[(1, 1), (1, 2), (2, 2), (3, 2), (4, 2), (5, 2), (5, 3), (6, 3), (6, 4), (6, 5), (6, 6), (6, 5), (5, 5), (5, 4), (5, 3), (4, 3), (3, 3), (2, 3), (1, 3), (1, 4), (1, 5), (1, 6)]
success=True

phase=test, time=morning
steps=101
trajectory=[(1, 1), (2, 1), (2, 2), (1, 2), (2, 2), (1, 2), (2, 2), (1, 2), (2, 2), (1, 2), (2, 2), (1, 2), (2, 2), (1, 2), (2, 2), (1, 2), (2, 2), (1, 2), (2, 2), (1, 2), (2, 2), (1, 2), (2, 2), (1, 2), (2, 2), (1, 2), (2, 2), (1, 2), (2, 2), (1, 2), (2, 2), (1, 2), (2, 2), (1, 2), (2, 2), (1, 2), (2, 2), (1, 2), (2, 2), (1, 2), (2, 2), (1, 2), (2, 2), (1, 2), (2, 2), (1, 2), (2, 2), (1, 2), (2, 2), (1, 2), (2, 2), (1, 2), (2, 2), (1, 2), (2, 2), (1, 2), (2, 2), (1, 2), (2, 2), (1, 2), (2, 2), (1, 2), (2, 2), (1, 2), (2, 2), (1, 2), (2, 2), (1, 2), (2, 2), (1, 2), (2, 2), (1, 2), (2, 2), (1, 2), (2, 2), (1, 2), (2, 2), (1, 2), (2, 2), (1, 2), (2, 2), (1, 2), (2, 2), (1, 2), (2, 2), (1, 2), (2, 2), (1, 2), (2, 2), (1, 2), (2, 2), (1, 2), (2, 2), (1, 2), (2, 2), (1, 2), (2, 2), (1, 2), (2, 2), (1, 2), (2, 2), (1, 2)]
success=False

phase=test, time=evening
steps=19
trajectory=[(1, 1), (1, 2), (2, 2), (2, 3), (3, 3), (4, 3), (5, 3), (5, 4), (6, 4), (6, 5), (6, 6), (6, 5), (5, 5), (5, 4), (4, 4), (3, 4), (2, 4), (1, 4), (1, 5), (1, 6)]
success=True

Episode 23100 | mean return    101.1 | success rate  57.0%
Episode 23200 | mean return    -22.6 | success rate  51.0%
Episode 23300 | mean return     59.0 | success rate  55.0%
Episode 23400 | mean return    -43.8 | success rate  50.0%
Episode 23500 | mean return     19.5 | success rate  53.0%
Episode 23600 | mean return     21.6 | success rate  53.0%
Episode 23700 | mean return    147.3 | success rate  59.0%
Episode 23800 | mean return    -15.2 | success rate  51.0%
Episode 23900 | mean return    -54.5 | success rate  49.0%
Episode 24000 | mean return    106.8 | success rate  57.0%
phase=train, time=morning
steps=17
trajectory=[(1, 1), (1, 2), (2, 2), (3, 2), (4, 2), (5, 2), (6, 2), (6, 1), (6, 2), (5, 2), (5, 3), (4, 3), (3, 3), (2, 3), (1, 3), (1, 4), (1, 5), (1, 6)]
success=True

phase=train, time=evening
steps=101
trajectory=[(1, 1), (1, 2), (2, 2), (3, 2), (4, 2), (5, 2), (5, 3), (5, 4), (5, 5), (5, 6), (6, 6), (6, 5), (6, 6), (6, 5), (6, 6), (6, 5), (6, 6), (6, 5), (6, 6), (6, 5), (6, 6), (6, 5), (6, 6), (6, 5), (6, 6), (6, 5), (6, 6), (6, 5), (6, 6), (6, 5), (6, 6), (6, 5), (6, 6), (6, 5), (6, 6), (6, 5), (6, 6), (6, 5), (6, 6), (6, 5), (6, 6), (6, 5), (6, 6), (6, 5), (6, 6), (6, 5), (6, 6), (6, 5), (6, 6), (6, 5), (6, 6), (6, 5), (6, 6), (6, 5), (6, 6), (6, 5), (6, 6), (6, 5), (6, 6), (6, 5), (6, 6), (6, 5), (6, 6), (6, 5), (6, 6), (6, 5), (6, 6), (6, 5), (6, 6), (6, 5), (6, 6), (6, 5), (6, 6), (6, 5), (6, 6), (6, 5), (6, 6), (6, 5), (6, 6), (6, 5), (6, 6), (6, 5), (6, 6), (6, 5), (6, 6), (6, 5), (6, 6), (6, 5), (6, 6), (6, 5), (6, 6), (6, 5), (6, 6), (6, 5), (6, 6), (6, 5), (6, 6), (6, 5), (6, 6), (6, 5), (6, 6), (6, 5)]
success=False

phase=test, time=morning
steps=101
trajectory=[(1, 1), (1, 2), (2, 2), (1, 2), (2, 2), (1, 2), (2, 2), (1, 2), (2, 2), (1, 2), (2, 2), (1, 2), (2, 2), (1, 2), (2, 2), (1, 2), (2, 2), (1, 2), (2, 2), (1, 2), (2, 2), (1, 2), (2, 2), (1, 2), (2, 2), (1, 2), (2, 2), (1, 2), (2, 2), (1, 2), (2, 2), (1, 2), (2, 2), (1, 2), (2, 2), (1, 2), (2, 2), (1, 2), (2, 2), (1, 2), (2, 2), (1, 2), (2, 2), (1, 2), (2, 2), (1, 2), (2, 2), (1, 2), (2, 2), (1, 2), (2, 2), (1, 2), (2, 2), (1, 2), (2, 2), (1, 2), (2, 2), (1, 2), (2, 2), (1, 2), (2, 2), (1, 2), (2, 2), (1, 2), (2, 2), (1, 2), (2, 2), (1, 2), (2, 2), (1, 2), (2, 2), (1, 2), (2, 2), (1, 2), (2, 2), (1, 2), (2, 2), (1, 2), (2, 2), (1, 2), (2, 2), (1, 2), (2, 2), (1, 2), (2, 2), (1, 2), (2, 2), (1, 2), (2, 2), (1, 2), (2, 2), (1, 2), (2, 2), (1, 2), (2, 2), (1, 2), (2, 2), (1, 2), (2, 2), (1, 2), (2, 2), (1, 2)]
success=False

phase=test, time=evening
steps=101
trajectory=[(1, 1), (1, 2), (2, 2), (2, 3), (3, 3), (4, 3), (5, 3), (5, 4), (5, 5), (5, 6), (6, 6), (6, 5), (6, 6), (6, 5), (6, 6), (6, 5), (6, 6), (6, 5), (6, 6), (6, 5), (6, 6), (6, 5), (6, 6), (6, 5), (6, 6), (6, 5), (6, 6), (6, 5), (6, 6), (6, 5), (6, 6), (6, 5), (6, 6), (6, 5), (6, 6), (6, 5), (6, 6), (6, 5), (6, 6), (6, 5), (6, 6), (6, 5), (6, 6), (6, 5), (6, 6), (6, 5), (6, 6), (6, 5), (6, 6), (6, 5), (6, 6), (6, 5), (6, 6), (6, 5), (6, 6), (6, 5), (6, 6), (6, 5), (6, 6), (6, 5), (6, 6), (6, 5), (6, 6), (6, 5), (6, 6), (6, 5), (6, 6), (6, 5), (6, 6), (6, 5), (6, 6), (6, 5), (6, 6), (6, 5), (6, 6), (6, 5), (6, 6), (6, 5), (6, 6), (6, 5), (6, 6), (6, 5), (6, 6), (6, 5), (6, 6), (6, 5), (6, 6), (6, 5), (6, 6), (6, 5), (6, 6), (6, 5), (6, 6), (6, 5), (6, 6), (6, 5), (6, 6), (6, 5), (6, 6), (6, 5), (6, 6), (6, 5)]
success=False

Episode 24100 | mean return     27.0 | success rate  53.0%
Episode 24200 | mean return     65.4 | success rate  55.0%
Episode 24300 | mean return     62.0 | success rate  55.0%
Episode 24400 | mean return     41.7 | success rate  54.0%
Episode 24500 | mean return     34.8 | success rate  54.0%
Episode 24600 | mean return    -14.6 | success rate  51.0%
Episode 24700 | mean return   -263.4 | success rate  39.0%
Episode 24800 | mean return     62.3 | success rate  55.0%
Episode 24900 | mean return    231.3 | success rate  63.0%
Episode 25000 | mean return    166.5 | success rate  60.0%
phase=train, time=morning
steps=17
trajectory=[(1, 1), (2, 1), (2, 2), (3, 2), (4, 2), (5, 2), (6, 2), (6, 1), (6, 2), (5, 2), (5, 3), (4, 3), (3, 3), (2, 3), (1, 3), (1, 4), (1, 5), (1, 6)]
success=True

phase=train, time=evening
steps=21
trajectory=[(1, 1), (2, 1), (2, 2), (3, 2), (4, 2), (5, 2), (6, 2), (6, 3), (6, 4), (6, 5), (6, 6), (6, 5), (5, 5), (5, 4), (5, 3), (4, 3), (3, 3), (2, 3), (1, 3), (1, 4), (1, 5), (1, 6)]
success=True

phase=test, time=morning
steps=101
trajectory=[(1, 1), (2, 1), (2, 2), (2, 3), (3, 3), (4, 3), (5, 3), (5, 4), (6, 4), (6, 5), (6, 6), (5, 6), (6, 6), (5, 6), (6, 6), (5, 6), (6, 6), (5, 6), (6, 6), (5, 6), (6, 6), (5, 6), (6, 6), (5, 6), (6, 6), (5, 6), (6, 6), (5, 6), (6, 6), (5, 6), (6, 6), (5, 6), (6, 6), (5, 6), (6, 6), (5, 6), (6, 6), (5, 6), (6, 6), (5, 6), (6, 6), (5, 6), (6, 6), (5, 6), (6, 6), (5, 6), (6, 6), (5, 6), (6, 6), (5, 6), (6, 6), (5, 6), (6, 6), (5, 6), (6, 6), (5, 6), (6, 6), (5, 6), (6, 6), (5, 6), (6, 6), (5, 6), (6, 6), (5, 6), (6, 6), (5, 6), (6, 6), (5, 6), (6, 6), (5, 6), (6, 6), (5, 6), (6, 6), (5, 6), (6, 6), (5, 6), (6, 6), (5, 6), (6, 6), (5, 6), (6, 6), (5, 6), (6, 6), (5, 6), (6, 6), (5, 6), (6, 6), (5, 6), (6, 6), (5, 6), (6, 6), (5, 6), (6, 6), (5, 6), (6, 6), (5, 6), (6, 6), (5, 6), (6, 6), (5, 6), (6, 6), (5, 6)]
success=False

phase=test, time=evening
steps=101
trajectory=[(1, 1), (2, 1), (2, 2), (1, 2), (2, 2), (1, 2), (2, 2), (1, 2), (2, 2), (1, 2), (2, 2), (1, 2), (2, 2), (1, 2), (2, 2), (1, 2), (2, 2), (1, 2), (2, 2), (1, 2), (2, 2), (1, 2), (2, 2), (1, 2), (2, 2), (1, 2), (2, 2), (1, 2), (2, 2), (1, 2), (2, 2), (1, 2), (2, 2), (1, 2), (2, 2), (1, 2), (2, 2), (1, 2), (2, 2), (1, 2), (2, 2), (1, 2), (2, 2), (1, 2), (2, 2), (1, 2), (2, 2), (1, 2), (2, 2), (1, 2), (2, 2), (1, 2), (2, 2), (1, 2), (2, 2), (1, 2), (2, 2), (1, 2), (2, 2), (1, 2), (2, 2), (1, 2), (2, 2), (1, 2), (2, 2), (1, 2), (2, 2), (1, 2), (2, 2), (1, 2), (2, 2), (1, 2), (2, 2), (1, 2), (2, 2), (1, 2), (2, 2), (1, 2), (2, 2), (1, 2), (2, 2), (1, 2), (2, 2), (1, 2), (2, 2), (1, 2), (2, 2), (1, 2), (2, 2), (1, 2), (2, 2), (1, 2), (2, 2), (1, 2), (2, 2), (1, 2), (2, 2), (1, 2), (2, 2), (1, 2), (2, 2), (1, 2)]
success=False

Episode 25100 | mean return     23.1 | success rate  53.0%
Episode 25200 | mean return      8.0 | success rate  53.0%
Episode 25300 | mean return     -7.3 | success rate  52.0%
Episode 25400 | mean return    143.6 | success rate  59.0%
Episode 25500 | mean return    -33.0 | success rate  50.0%
Episode 25600 | mean return     80.0 | success rate  56.0%
Episode 25700 | mean return     84.8 | success rate  56.0%
Episode 25800 | mean return    -36.2 | success rate  50.0%
Episode 25900 | mean return   -141.1 | success rate  45.0%
Episode 26000 | mean return    103.4 | success rate  57.0%
phase=train, time=morning
steps=17
trajectory=[(1, 1), (2, 1), (2, 2), (3, 2), (4, 2), (5, 2), (6, 2), (6, 1), (6, 2), (5, 2), (5, 3), (4, 3), (3, 3), (2, 3), (1, 3), (1, 4), (1, 5), (1, 6)]
success=True

phase=train, time=evening
steps=21
trajectory=[(1, 1), (2, 1), (2, 2), (3, 2), (4, 2), (5, 2), (6, 2), (6, 3), (6, 4), (6, 5), (6, 6), (6, 5), (5, 5), (5, 4), (5, 3), (4, 3), (3, 3), (2, 3), (1, 3), (1, 4), (1, 5), (1, 6)]
success=True

phase=test, time=morning
steps=101
trajectory=[(1, 1), (2, 1), (2, 2), (2, 3), (3, 3), (4, 3), (5, 3), (5, 4), (6, 4), (6, 5), (6, 6), (6, 6), (6, 6), (6, 6), (6, 6), (6, 6), (6, 6), (6, 6), (6, 6), (6, 6), (6, 6), (6, 6), (6, 6), (6, 6), (6, 6), (6, 6), (6, 6), (6, 6), (6, 6), (6, 6), (6, 6), (6, 6), (6, 6), (6, 6), (6, 6), (6, 6), (6, 6), (6, 6), (6, 6), (6, 6), (6, 6), (6, 6), (6, 6), (6, 6), (6, 6), (6, 6), (6, 6), (6, 6), (6, 6), (6, 6), (6, 6), (6, 6), (6, 6), (6, 6), (6, 6), (6, 6), (6, 6), (6, 6), (6, 6), (6, 6), (6, 6), (6, 6), (6, 6), (6, 6), (6, 6), (6, 6), (6, 6), (6, 6), (6, 6), (6, 6), (6, 6), (6, 6), (6, 6), (6, 6), (6, 6), (6, 6), (6, 6), (6, 6), (6, 6), (6, 6), (6, 6), (6, 6), (6, 6), (6, 6), (6, 6), (6, 6), (6, 6), (6, 6), (6, 6), (6, 6), (6, 6), (6, 6), (6, 6), (6, 6), (6, 6), (6, 6), (6, 6), (6, 6), (6, 6), (6, 6), (6, 6), (6, 6)]
success=False

phase=test, time=evening
steps=19
trajectory=[(1, 1), (2, 1), (2, 2), (2, 3), (3, 3), (4, 3), (5, 3), (6, 3), (6, 4), (6, 5), (6, 6), (6, 5), (5, 5), (5, 4), (4, 4), (3, 4), (2, 4), (1, 4), (1, 5), (1, 6)]
success=True

Episode 26100 | mean return    248.9 | success rate  64.0%
Episode 26200 | mean return    205.6 | success rate  62.0%
Episode 26300 | mean return    165.7 | success rate  60.0%
Episode 26400 | mean return    -77.7 | success rate  48.0%
Episode 26500 | mean return     23.4 | success rate  53.0%
Episode 26600 | mean return    158.4 | success rate  60.0%
Episode 26700 | mean return    -54.3 | success rate  49.0%
Episode 26800 | mean return    -51.6 | success rate  49.0%
Episode 26900 | mean return   -139.8 | success rate  45.0%
Episode 27000 | mean return    106.5 | success rate  57.0%
phase=train, time=morning
steps=17
trajectory=[(1, 1), (2, 1), (2, 2), (3, 2), (4, 2), (5, 2), (6, 2), (6, 1), (5, 1), (5, 2), (5, 3), (4, 3), (3, 3), (2, 3), (1, 3), (1, 4), (1, 5), (1, 6)]
success=True

phase=train, time=evening
steps=101
trajectory=[(1, 1), (1, 2), (2, 2), (3, 2), (4, 2), (5, 2), (5, 3), (5, 4), (5, 5), (5, 6), (6, 6), (6, 5), (5, 5), (5, 6), (5, 6), (5, 6), (5, 6), (5, 6), (5, 6), (5, 6), (5, 6), (5, 6), (5, 6), (5, 6), (5, 6), (5, 6), (5, 6), (5, 6), (5, 6), (5, 6), (5, 6), (5, 6), (5, 6), (5, 6), (5, 6), (5, 6), (5, 6), (5, 6), (5, 6), (5, 6), (5, 6), (5, 6), (5, 6), (5, 6), (5, 6), (5, 6), (5, 6), (5, 6), (5, 6), (5, 6), (5, 6), (5, 6), (5, 6), (5, 6), (5, 6), (5, 6), (5, 6), (5, 6), (5, 6), (5, 6), (5, 6), (5, 6), (5, 6), (5, 6), (5, 6), (5, 6), (5, 6), (5, 6), (5, 6), (5, 6), (5, 6), (5, 6), (5, 6), (5, 6), (5, 6), (5, 6), (5, 6), (5, 6), (5, 6), (5, 6), (5, 6), (5, 6), (5, 6), (5, 6), (5, 6), (5, 6), (5, 6), (5, 6), (5, 6), (5, 6), (5, 6), (5, 6), (5, 6), (5, 6), (5, 6), (5, 6), (5, 6), (5, 6), (5, 6), (5, 6), (5, 6), (5, 6)]
success=False

phase=test, time=morning
steps=101
trajectory=[(1, 1), (2, 1), (2, 2), (1, 2), (2, 2), (1, 2), (2, 2), (1, 2), (2, 2), (1, 2), (2, 2), (1, 2), (2, 2), (1, 2), (2, 2), (1, 2), (2, 2), (1, 2), (2, 2), (1, 2), (2, 2), (1, 2), (2, 2), (1, 2), (2, 2), (1, 2), (2, 2), (1, 2), (2, 2), (1, 2), (2, 2), (1, 2), (2, 2), (1, 2), (2, 2), (1, 2), (2, 2), (1, 2), (2, 2), (1, 2), (2, 2), (1, 2), (2, 2), (1, 2), (2, 2), (1, 2), (2, 2), (1, 2), (2, 2), (1, 2), (2, 2), (1, 2), (2, 2), (1, 2), (2, 2), (1, 2), (2, 2), (1, 2), (2, 2), (1, 2), (2, 2), (1, 2), (2, 2), (1, 2), (2, 2), (1, 2), (2, 2), (1, 2), (2, 2), (1, 2), (2, 2), (1, 2), (2, 2), (1, 2), (2, 2), (1, 2), (2, 2), (1, 2), (2, 2), (1, 2), (2, 2), (1, 2), (2, 2), (1, 2), (2, 2), (1, 2), (2, 2), (1, 2), (2, 2), (1, 2), (2, 2), (1, 2), (2, 2), (1, 2), (2, 2), (1, 2), (2, 2), (1, 2), (2, 2), (1, 2), (2, 2), (1, 2)]
success=False

phase=test, time=evening
steps=101
trajectory=[(1, 1), (1, 2), (2, 2), (2, 3), (3, 3), (4, 3), (5, 3), (5, 4), (5, 5), (5, 6), (6, 6), (6, 5), (5, 5), (5, 6), (5, 6), (5, 6), (5, 6), (5, 6), (5, 6), (5, 6), (5, 6), (5, 6), (5, 6), (5, 6), (5, 6), (5, 6), (5, 6), (5, 6), (5, 6), (5, 6), (5, 6), (5, 6), (5, 6), (5, 6), (5, 6), (5, 6), (5, 6), (5, 6), (5, 6), (5, 6), (5, 6), (5, 6), (5, 6), (5, 6), (5, 6), (5, 6), (5, 6), (5, 6), (5, 6), (5, 6), (5, 6), (5, 6), (5, 6), (5, 6), (5, 6), (5, 6), (5, 6), (5, 6), (5, 6), (5, 6), (5, 6), (5, 6), (5, 6), (5, 6), (5, 6), (5, 6), (5, 6), (5, 6), (5, 6), (5, 6), (5, 6), (5, 6), (5, 6), (5, 6), (5, 6), (5, 6), (5, 6), (5, 6), (5, 6), (5, 6), (5, 6), (5, 6), (5, 6), (5, 6), (5, 6), (5, 6), (5, 6), (5, 6), (5, 6), (5, 6), (5, 6), (5, 6), (5, 6), (5, 6), (5, 6), (5, 6), (5, 6), (5, 6), (5, 6), (5, 6), (5, 6), (5, 6)]
success=False

Episode 27100 | mean return   -121.3 | success rate  46.0%
Episode 27200 | mean return    -94.0 | success rate  47.0%
Episode 27300 | mean return    -85.6 | success rate  48.0%
Episode 27400 | mean return     29.9 | success rate  53.0%
Episode 27500 | mean return   -165.9 | success rate  44.0%
Episode 27600 | mean return     82.2 | success rate  56.0%
Episode 27700 | mean return    -56.4 | success rate  49.0%
Episode 27800 | mean return   -134.7 | success rate  45.0%
Episode 27900 | mean return   -300.4 | success rate  37.0%
Episode 28000 | mean return     58.6 | success rate  55.0%
phase=train, time=morning
steps=17
trajectory=[(1, 1), (1, 2), (2, 2), (3, 2), (4, 2), (5, 2), (6, 2), (6, 1), (5, 1), (5, 2), (5, 3), (4, 3), (3, 3), (2, 3), (1, 3), (1, 4), (1, 5), (1, 6)]
success=True

phase=train, time=evening
steps=21
trajectory=[(1, 1), (2, 1), (2, 2), (3, 2), (4, 2), (5, 2), (6, 2), (6, 3), (6, 4), (6, 5), (6, 6), (6, 5), (5, 5), (5, 4), (5, 3), (4, 3), (3, 3), (2, 3), (2, 4), (2, 5), (1, 5), (1, 6)]
success=True

phase=test, time=morning
steps=101
trajectory=[(1, 1), (1, 2), (2, 2), (2, 3), (3, 3), (4, 3), (5, 3), (5, 4), (6, 4), (6, 5), (6, 6), (6, 5), (6, 6), (6, 5), (6, 6), (6, 5), (6, 6), (6, 5), (6, 6), (6, 5), (6, 6), (6, 5), (6, 6), (6, 5), (6, 6), (6, 5), (6, 6), (6, 5), (6, 6), (6, 5), (6, 6), (6, 5), (6, 6), (6, 5), (6, 6), (6, 5), (6, 6), (6, 5), (6, 6), (6, 5), (6, 6), (6, 5), (6, 6), (6, 5), (6, 6), (6, 5), (6, 6), (6, 5), (6, 6), (6, 5), (6, 6), (6, 5), (6, 6), (6, 5), (6, 6), (6, 5), (6, 6), (6, 5), (6, 6), (6, 5), (6, 6), (6, 5), (6, 6), (6, 5), (6, 6), (6, 5), (6, 6), (6, 5), (6, 6), (6, 5), (6, 6), (6, 5), (6, 6), (6, 5), (6, 6), (6, 5), (6, 6), (6, 5), (6, 6), (6, 5), (6, 6), (6, 5), (6, 6), (6, 5), (6, 6), (6, 5), (6, 6), (6, 5), (6, 6), (6, 5), (6, 6), (6, 5), (6, 6), (6, 5), (6, 6), (6, 5), (6, 6), (6, 5), (6, 6), (6, 5), (6, 6), (6, 5)]
success=False

phase=test, time=evening
steps=19
trajectory=[(1, 1), (2, 1), (2, 2), (2, 3), (3, 3), (4, 3), (5, 3), (6, 3), (6, 4), (6, 5), (6, 6), (6, 5), (5, 5), (5, 4), (4, 4), (3, 4), (2, 4), (2, 5), (1, 5), (1, 6)]
success=True

Episode 28100 | mean return    -35.1 | success rate  50.0%
Episode 28200 | mean return   -199.1 | success rate  42.0%
Episode 28300 | mean return    109.3 | success rate  57.0%
Episode 28400 | mean return   -125.4 | success rate  46.0%
Episode 28500 | mean return    104.6 | success rate  57.0%
Episode 28600 | mean return     62.8 | success rate  55.0%
Episode 28700 | mean return    142.7 | success rate  60.0%
Episode 28800 | mean return   -141.2 | success rate  45.0%
Episode 28900 | mean return     41.4 | success rate  54.0%
Episode 29000 | mean return     87.3 | success rate  57.0%
phase=train, time=morning
steps=17
trajectory=[(1, 1), (1, 2), (2, 2), (3, 2), (4, 2), (5, 2), (6, 2), (6, 1), (5, 1), (5, 2), (5, 3), (4, 3), (3, 3), (2, 3), (1, 3), (1, 4), (1, 5), (1, 6)]
success=True

phase=train, time=evening
steps=21
trajectory=[(1, 1), (1, 2), (2, 2), (3, 2), (4, 2), (5, 2), (5, 3), (5, 4), (5, 5), (5, 6), (6, 6), (6, 5), (5, 5), (5, 4), (5, 3), (4, 3), (3, 3), (2, 3), (1, 3), (1, 4), (1, 5), (1, 6)]
success=True

phase=test, time=morning
steps=101
trajectory=[(1, 1), (1, 2), (2, 2), (1, 2), (2, 2), (1, 2), (2, 2), (1, 2), (2, 2), (1, 2), (2, 2), (1, 2), (2, 2), (1, 2), (2, 2), (1, 2), (2, 2), (1, 2), (2, 2), (1, 2), (2, 2), (1, 2), (2, 2), (1, 2), (2, 2), (1, 2), (2, 2), (1, 2), (2, 2), (1, 2), (2, 2), (1, 2), (2, 2), (1, 2), (2, 2), (1, 2), (2, 2), (1, 2), (2, 2), (1, 2), (2, 2), (1, 2), (2, 2), (1, 2), (2, 2), (1, 2), (2, 2), (1, 2), (2, 2), (1, 2), (2, 2), (1, 2), (2, 2), (1, 2), (2, 2), (1, 2), (2, 2), (1, 2), (2, 2), (1, 2), (2, 2), (1, 2), (2, 2), (1, 2), (2, 2), (1, 2), (2, 2), (1, 2), (2, 2), (1, 2), (2, 2), (1, 2), (2, 2), (1, 2), (2, 2), (1, 2), (2, 2), (1, 2), (2, 2), (1, 2), (2, 2), (1, 2), (2, 2), (1, 2), (2, 2), (1, 2), (2, 2), (1, 2), (2, 2), (1, 2), (2, 2), (1, 2), (2, 2), (1, 2), (2, 2), (1, 2), (2, 2), (1, 2), (2, 2), (1, 2), (2, 2), (1, 2)]
success=False

phase=test, time=evening
steps=19
trajectory=[(1, 1), (1, 2), (2, 2), (2, 3), (3, 3), (4, 3), (5, 3), (5, 4), (5, 5), (5, 6), (6, 6), (6, 5), (5, 5), (5, 4), (4, 4), (3, 4), (2, 4), (1, 4), (1, 5), (1, 6)]
success=True

Episode 29100 | mean return    -21.7 | success rate  51.0%
Episode 29200 | mean return     56.4 | success rate  55.0%
Episode 29300 | mean return     61.3 | success rate  55.0%
Episode 29400 | mean return   -250.3 | success rate  40.0%
Episode 29500 | mean return    -28.5 | success rate  50.0%
Episode 29600 | mean return    131.7 | success rate  58.0%
Episode 29700 | mean return    -79.8 | success rate  48.0%
Episode 29800 | mean return   -121.2 | success rate  46.0%
Episode 29900 | mean return    127.8 | success rate  58.0%
Episode 30000 | mean return   -203.6 | success rate  42.0%
phase=train, time=morning
steps=17
trajectory=[(1, 1), (2, 1), (2, 2), (3, 2), (4, 2), (5, 2), (5, 1), (6, 1), (6, 2), (5, 2), (5, 3), (4, 3), (3, 3), (2, 3), (1, 3), (1, 4), (1, 5), (1, 6)]
success=True

phase=train, time=evening
steps=21
trajectory=[(1, 1), (1, 2), (2, 2), (3, 2), (4, 2), (5, 2), (5, 3), (6, 3), (6, 4), (6, 5), (6, 6), (6, 5), (5, 5), (5, 4), (5, 3), (4, 3), (3, 3), (2, 3), (1, 3), (1, 4), (1, 5), (1, 6)]
success=True

phase=test, time=morning
steps=21
trajectory=[(1, 1), (2, 1), (2, 2), (2, 3), (3, 3), (4, 3), (5, 3), (5, 4), (6, 4), (6, 3), (6, 2), (6, 1), (6, 2), (5, 2), (5, 3), (5, 4), (4, 4), (3, 4), (2, 4), (1, 4), (1, 5), (1, 6)]
success=True

phase=test, time=evening
steps=19
trajectory=[(1, 1), (1, 2), (2, 2), (2, 3), (3, 3), (4, 3), (5, 3), (5, 4), (6, 4), (6, 5), (6, 6), (6, 5), (5, 5), (5, 4), (4, 4), (3, 4), (2, 4), (1, 4), (1, 5), (1, 6)]
success=True

All 4 evaluation scenarios successful at episode 30000. Stopping early.
Saved weights to outputs\program_state.npz
phase=train, time=morning
steps=17
trajectory=[(1, 1), (2, 1), (2, 2), (3, 2), (4, 2), (5, 2), (5, 1), (6, 1), (6, 2), (5, 2), (5, 3), (4, 3), (3, 3), (2, 3), (1, 3), (1, 4), (1, 5), (1, 6)]
success=True

phase=train, time=evening
steps=21
trajectory=[(1, 1), (1, 2), (2, 2), (3, 2), (4, 2), (5, 2), (5, 3), (6, 3), (6, 4), (6, 5), (6, 6), (6, 5), (5, 5), (5, 4), (5, 3), (4, 3), (3, 3), (2, 3), (1, 3), (1, 4), (1, 5), (1, 6)]
success=True

phase=test, time=morning
steps=21
trajectory=[(1, 1), (2, 1), (2, 2), (2, 3), (3, 3), (4, 3), (5, 3), (5, 4), (6, 4), (6, 3), (6, 2), (6, 1), (6, 2), (5, 2), (5, 3), (5, 4), (4, 4), (3, 4), (2, 4), (1, 4), (1, 5), (1, 6)]
success=True

phase=test, time=evening
steps=19
trajectory=[(1, 1), (1, 2), (2, 2), (2, 3), (3, 3), (4, 3), (5, 3), (5, 4), (6, 4), (6, 5), (6, 6), (6, 5), (5, 5), (5, 4), (4, 4), (3, 4), (2, 4), (1, 4), (1, 5), (1, 6)]
success=True

